﻿
DELETE FROM [dbo].[ZnodeWeightUnit]
GO
DELETE FROM [dbo].[ZnodeWarehouseAddress]
GO
DELETE FROM [dbo].[ZnodeTimeZone]
GO
DELETE FROM [dbo].[ZnodeState]
GO
DELETE FROM [dbo].[ZnodeShippingServiceCode]
GO
DELETE FROM [dbo].[ZnodePromotionType]
GO
DELETE FROM [dbo].[ZnodePriceListAddress]
GO
DELETE FROM [dbo].[ZnodePimProductLogging]
GO
DELETE FROM [dbo].[ZnodePasswordLog]
GO
DELETE FROM [dbo].[ZnodeGlobalSetting]
GO
DELETE FROM [dbo].[ZnodeEmailTemplate]
GO
DELETE FROM [dbo].[ZnodeDisplayUnit]
GO
DELETE FROM [dbo].[ZnodeDateFormat]
GO
DELETE FROM [dbo].[ZnodeCountry]
GO
DELETE FROM [dbo].[ZnodeCity]
GO
DELETE FROM [dbo].[ZnodeApplicationSetting]
GO
DELETE FROM [dbo].[AspNet_SqlCacheTablesForChangeNotification]
GO
DELETE FROM [dbo].[ZnodePriceListDiscount]
GO
DELETE FROM [dbo].[ZnodeMediaAttributeGroupLocale]
GO
DELETE FROM [dbo].[ZnodeMediaFamilyLocale]
GO
DELETE FROM [dbo].[ZnodeMediaAttributeDefaultValueLocale]
GO
DELETE FROM [dbo].[ZnodeMediaFamilyGroupMapper]
GO
DELETE FROM [dbo].[ZnodeMediaAttributeValue]
GO
DELETE FROM [dbo].[ZnodeMediaAttributeLocale]
GO
DELETE FROM [dbo].[ZnodeMediaAttributeGroupMapper]
GO
DELETE FROM [dbo].[ZnodeMediaAttributeGroup]
GO
DELETE FROM [dbo].[ZnodeMediaAttributeDefaultValue]
GO
DELETE FROM [dbo].[ZnodePimGlobalDisplaySetting]
GO
DELETE FROM [dbo].[ZnodeInventory]
GO
DELETE FROM [dbo].[ZnodeDomain]
GO
DELETE FROM [dbo].[ZnodeActivityLog]
GO
DELETE FROM [dbo].[ZnodePriceListPortal]
GO
DELETE FROM [dbo].[ZnodePortalSmtpSetting]
GO
DELETE FROM [dbo].[ZnodePortalShippingDetails]
GO
DELETE FROM [dbo].[ZnodePortalSetting]
GO
DELETE FROM [dbo].[ZnodePortalFeatureMapper]
GO
DELETE FROM [dbo].[ZnodePortalFeature]
GO
DELETE FROM [dbo].[ZnodePimAddOnDetail]
GO
DELETE FROM [dbo].[ZnodePortalUnit]
GO
DELETE FROM [dbo].[ZnodeCurrency]
GO
DELETE FROM [dbo].[ZnodePimCustomFieldLocale]
GO
DELETE FROM [dbo].[ZnodePimCustomField]
GO
DELETE FROM [dbo].[ZnodePimCategoryAttributeValueLocale]
GO
DELETE FROM [dbo].[ZnodeLocale]
GO
DELETE FROM [dbo].[ZnodePimCategoryProduct]
GO
DELETE FROM [dbo].[ZnodeMediaAttributeValidation]
GO
DELETE FROM [dbo].[ZnodeMediaAttribute]
GO
DELETE FROM [dbo].[ZnodePimVersioning]
GO
DELETE FROM [dbo].[ZnodePimCategoryHierarchy]
GO
DELETE FROM [dbo].[ZnodePimCatalogCategory]
GO
DELETE FROM [dbo].[ZnodeCompanyAccountAddress]
GO
DELETE FROM [dbo].[ZnodeCompanyAccount]
GO
DELETE FROM [dbo].[ZnodePimAttributeValueLocale]
GO
DELETE FROM [dbo].[ZnodeInventoryWarehouse]
GO
DELETE FROM [dbo].[ZnodeInventoryList]
GO
DELETE FROM [dbo].[ZnodePortalAlternateWarehouse]
GO
DELETE FROM [dbo].[ZnodePortalWarehouse]
GO
DELETE FROM [dbo].[ZnodeWarehouse]
GO
DELETE FROM [dbo].[ZnodePriceTier]
GO
DELETE FROM [dbo].[ZnodePrice]
GO
DELETE FROM [dbo].[ZnodeUom]
GO
DELETE FROM [dbo].[ZnodePimAttributeGroupLocale]
GO
DELETE FROM [dbo].[ZnodePortalCatalog]
GO
DELETE FROM [dbo].[ZnodeCSS]
GO
DELETE FROM [dbo].[ZnodePimCatalog]
GO
DELETE FROM [dbo].[ZnodeTheme]
GO
DELETE FROM [dbo].[ZnodeAccountAddress]
GO
DELETE FROM [dbo].[ZnodeAddress]
GO
DELETE FROM [dbo].[ZnodePriceListAccount]
GO
DELETE FROM [dbo].[ZnodePimFamilyLocale]
GO
DELETE FROM [dbo].[AspNetUserLogins]
GO
DELETE FROM [dbo].[AspNetUserClaims]
GO
DELETE FROM [dbo].[ZnodeTaxRule]
GO
DELETE FROM [dbo].[ZnodeTaxRuleTypes]
GO
DELETE FROM [dbo].[ZnodeTaxClass]
GO
DELETE FROM [dbo].[ZnodeSupplier]
GO
DELETE FROM [dbo].[ZnodeSupplierTypes]
GO
DELETE FROM [dbo].[ZnodePimAttributeDefaultValueLocale]
GO
DELETE FROM [dbo].[ZnodePimProductTypeAssociation]
GO
DELETE FROM [dbo].[ZnodePimProductImage]
GO
DELETE FROM [dbo].[ZnodePimLinkProductDetail]
GO
DELETE FROM [dbo].[ZnodePimProduct]
GO
DELETE FROM [dbo].[ZnodePimFrontendProperties]
GO
DELETE FROM [dbo].[ZnodePimFamilyGroupMapper]
GO
DELETE FROM [dbo].[ZnodePimCategoryAttributeValue]
GO
DELETE FROM [dbo].[ZnodePimCategory]
GO
DELETE FROM [dbo].[ZnodePimAttributeFamily]
GO
DELETE FROM [dbo].[ZnodePimAttributeValue]
GO
DELETE FROM [dbo].[ZnodePimAttributeValidation]
GO
DELETE FROM [dbo].[ZnodeAttributeInputValidationRule]
GO
DELETE FROM [dbo].[ZnodeAttributeInputValidation]
GO
DELETE FROM [dbo].[ZnodeAttributeType]
GO
DELETE FROM [dbo].[ZnodePimAttributeLocale]
GO
DELETE FROM [dbo].[ZnodePimAttributeGroupMapper]
GO
DELETE FROM [dbo].[ZnodePimAttributeGroup]
GO
DELETE FROM [dbo].[ZnodePimAttributeDefaultValue]
GO
DELETE FROM [dbo].[ZnodePimAttribute]
GO
DELETE FROM [dbo].[ZnodeAccountRoles]
GO
DELETE FROM [dbo].[AspNetUserRoles]
GO
DELETE FROM [dbo].[AspNetUsers]
GO
DELETE FROM [dbo].[ZnodeRoleMenuAccessMapper]
GO
DELETE FROM [dbo].[ZnodeAccessPermissions]
GO
DELETE FROM [dbo].[ZnodeRoleMenu]
GO
DELETE FROM [dbo].[AspNetRoles]
GO
DELETE FROM [dbo].[ZnodeMenu]
GO
DELETE FROM [dbo].[ZnodeMediaCategory]
GO
DELETE FROM [dbo].[ZnodeMediaAttributeFamily]
GO
DELETE FROM [dbo].[ZnodeMedia]
GO
DELETE FROM [dbo].[ZnodeMediaConfiguration]
GO
DELETE FROM [dbo].[ZnodeMediaServerMaster]
GO
DELETE FROM [dbo].[ZnodeMediaPathLocale]
GO
DELETE FROM [dbo].[ZnodeMediaFolderUser]
GO
DELETE FROM [dbo].[ZnodeMediaPath]
GO
DELETE FROM [dbo].[ZnodeAccountProfile]
GO
DELETE FROM [dbo].[ZnodeAccount]
GO
DELETE FROM [dbo].[ZnodeAccountType]
GO
DELETE FROM [dbo].[ZnodeShipping]
GO
DELETE FROM [dbo].[ZnodeShippingTypes]
GO
DELETE FROM [dbo].[ZnodePriceListProfile]
GO
DELETE FROM [dbo].[ZnodePriceList]
GO
DELETE FROM [dbo].[ZnodePortalProfile]
GO
DELETE FROM [dbo].[ZnodeProfile]
GO
DELETE FROM [dbo].[ZnodePortal]
GO
DELETE FROM [dbo].[ZnodeOrderState]
GO
DELETE FROM [dbo].[ZnodeProductReviewState]
GO
INSERT [dbo].[ZnodeProductReviewState] ([ProductReviewStateId], [ReviewStateName], [Description], [CreatedBy], [CreatedDate], [ModifiedBy], [ModifiedDate]) VALUES (10, N'PENDING APPROVAL', N'Awaiting Approval from Reviewer', 2, CAST(N'1905-06-19 00:00:00.000' AS DateTime), 2, CAST(N'1905-06-19 00:00:00.000' AS DateTime))
INSERT [dbo].[ZnodeProductReviewState] ([ProductReviewStateId], [ReviewStateName], [Description], [CreatedBy], [CreatedDate], [ModifiedBy], [ModifiedDate]) VALUES (20, N'APPROVED', N'Approved', 2, CAST(N'1905-06-19 00:00:00.000' AS DateTime), 2, CAST(N'1905-06-19 00:00:00.000' AS DateTime))
INSERT [dbo].[ZnodeProductReviewState] ([ProductReviewStateId], [ReviewStateName], [Description], [CreatedBy], [CreatedDate], [ModifiedBy], [ModifiedDate]) VALUES (30, N'DECLINED', N'Declined', 2, CAST(N'1905-06-19 00:00:00.000' AS DateTime), 2, CAST(N'1905-06-19 00:00:00.000' AS DateTime))
INSERT [dbo].[ZnodeProductReviewState] ([ProductReviewStateId], [ReviewStateName], [Description], [CreatedBy], [CreatedDate], [ModifiedBy], [ModifiedDate]) VALUES (40, N'TO EDIT', N'To Edit', 2, CAST(N'1905-06-19 00:00:00.000' AS DateTime), 2, CAST(N'1905-06-19 00:00:00.000' AS DateTime))
INSERT [dbo].[ZnodeOrderState] ([OrderStateId], [OrderStateName], [Description], [CreatedBy], [CreatedDate], [ModifiedBy], [ModifiedDate]) VALUES (10, N'SUBMITTED', N'Submitted', 2, CAST(N'1905-06-19 00:00:00.000' AS DateTime), 2, CAST(N'1905-06-19 00:00:00.000' AS DateTime))
INSERT [dbo].[ZnodeOrderState] ([OrderStateId], [OrderStateName], [Description], [CreatedBy], [CreatedDate], [ModifiedBy], [ModifiedDate]) VALUES (20, N'SHIPPED', N'Shipped', 2, CAST(N'1905-06-19 00:00:00.000' AS DateTime), 2, CAST(N'1905-06-19 00:00:00.000' AS DateTime))
INSERT [dbo].[ZnodeOrderState] ([OrderStateId], [OrderStateName], [Description], [CreatedBy], [CreatedDate], [ModifiedBy], [ModifiedDate]) VALUES (30, N'RETURNED', N'Returned', 2, CAST(N'1905-06-19 00:00:00.000' AS DateTime), 2, CAST(N'1905-06-19 00:00:00.000' AS DateTime))
INSERT [dbo].[ZnodeOrderState] ([OrderStateId], [OrderStateName], [Description], [CreatedBy], [CreatedDate], [ModifiedBy], [ModifiedDate]) VALUES (40, N'CANCELLED', N'Cancelled', 2, CAST(N'1905-06-19 00:00:00.000' AS DateTime), 2, CAST(N'1905-06-19 00:00:00.000' AS DateTime))
INSERT [dbo].[ZnodeOrderState] ([OrderStateId], [OrderStateName], [Description], [CreatedBy], [CreatedDate], [ModifiedBy], [ModifiedDate]) VALUES (50, N'PENDING APPROVAL', N'Pending Approval', 2, CAST(N'1905-06-19 00:00:00.000' AS DateTime), 2, CAST(N'1905-06-19 00:00:00.000' AS DateTime))
INSERT [dbo].[ZnodeOrderState] ([OrderStateId], [OrderStateName], [Description], [CreatedBy], [CreatedDate], [ModifiedBy], [ModifiedDate]) VALUES (60, N'APPROVED', N'APPROVED', 2, CAST(N'1905-06-19 00:00:00.000' AS DateTime), 2, CAST(N'1905-06-19 00:00:00.000' AS DateTime))
INSERT [dbo].[ZnodeOrderState] ([OrderStateId], [OrderStateName], [Description], [CreatedBy], [CreatedDate], [ModifiedBy], [ModifiedDate]) VALUES (70, N'REJECTED', N'REJECTED', 2, CAST(N'1905-06-19 00:00:00.000' AS DateTime), 2, CAST(N'1905-06-19 00:00:00.000' AS DateTime))
INSERT [dbo].[ZnodeOrderState] ([OrderStateId], [OrderStateName], [Description], [CreatedBy], [CreatedDate], [ModifiedBy], [ModifiedDate]) VALUES (80, N'IN REVIEW', N'IN REVIEW', 2, CAST(N'1905-06-19 00:00:00.000' AS DateTime), 2, CAST(N'1905-06-19 00:00:00.000' AS DateTime))
INSERT [dbo].[ZnodeOrderState] ([OrderStateId], [OrderStateName], [Description], [CreatedBy], [CreatedDate], [ModifiedBy], [ModifiedDate]) VALUES (90, N'DRAFT', N'DRAFT', 2, CAST(N'1905-06-19 00:00:00.000' AS DateTime), 2, CAST(N'1905-06-19 00:00:00.000' AS DateTime))
SET IDENTITY_INSERT [dbo].[ZnodePortal] ON 

INSERT [dbo].[ZnodePortal] ([PortalId], [CompanyName], [StoreName], [LogoPath], [UseSSL], [AdminEmail], [SalesEmail], [CustomerServiceEmail], [SalesPhoneNumber], [CustomerServicePhoneNumber], [ImageNotAvailablePath], [ShowSwatchInCategory], [ShowAlternateImageInCategory], [ExternalID], [MobileLogoPath], [DefaultOrderStateID], [DefaultReviewStatus], [SplashCategoryID], [SplashImageFile], [MobileTheme], [DefaultProductReviewStateID], [CreatedBy], [CreatedDate], [ModifiedBy], [ModifiedDate]) VALUES (2, N'Maxwell''s FF', N'Fine Foods', NULL, 0, N'ankit.garge@mrrsoft.com', N'ankit.garge@mrrsoft.com', N'ankit.garge@mrrsoft.com', N'1-888-MY-STORE', N'1-888-MY-STORE', N'~/data/default/images/catalog/original/Turnkey/1/Lighthouse.jpg', 0, 0, NULL, NULL, 10, N'N', NULL, NULL, NULL, 10, 2, CAST(N'2016-03-17 00:00:00.000' AS DateTime), 2, CAST(N'2016-04-13 07:19:01.967' AS DateTime))
SET IDENTITY_INSERT [dbo].[ZnodePortal] OFF
SET IDENTITY_INSERT [dbo].[ZnodeProfile] ON 

INSERT [dbo].[ZnodeProfile] ([ProfileId], [ProfileName], [ShowPricing], [ShowOnPartnerSignup], [Weighting], [TaxExempt], [UseWholesalePricing], [DefaultExternalAccountNo], [CreatedBy], [CreatedDate], [ModifiedBy], [ModifiedDate]) VALUES (4, N'Anonymous', 1, 1, CAST(23.00 AS Decimal(16, 2)), 1, 1, N'a', 2, CAST(N'2016-03-05 00:00:00.000' AS DateTime), 2, CAST(N'2016-03-05 00:00:00.000' AS DateTime))
INSERT [dbo].[ZnodeProfile] ([ProfileId], [ProfileName], [ShowPricing], [ShowOnPartnerSignup], [Weighting], [TaxExempt], [UseWholesalePricing], [DefaultExternalAccountNo], [CreatedBy], [CreatedDate], [ModifiedBy], [ModifiedDate]) VALUES (5, N'Retailer', 1, 1, CAST(23.00 AS Decimal(16, 2)), 1, 1, N'r', 2, CAST(N'2016-03-05 00:00:00.000' AS DateTime), 2, CAST(N'2016-04-01 14:13:42.117' AS DateTime))
INSERT [dbo].[ZnodeProfile] ([ProfileId], [ProfileName], [ShowPricing], [ShowOnPartnerSignup], [Weighting], [TaxExempt], [UseWholesalePricing], [DefaultExternalAccountNo], [CreatedBy], [CreatedDate], [ModifiedBy], [ModifiedDate]) VALUES (6, N'Demotest', 1, 0, CAST(123.00 AS Decimal(16, 2)), 0, 0, N'D34', 0, CAST(N'2016-05-06 08:42:04.320' AS DateTime), 0, CAST(N'2016-05-06 08:42:14.633' AS DateTime))
SET IDENTITY_INSERT [dbo].[ZnodeProfile] OFF
SET IDENTITY_INSERT [dbo].[ZnodePortalProfile] ON 

INSERT [dbo].[ZnodePortalProfile] ([PortalProfileID], [PortalId], [ProfileId], [IsDefaultAnonymousProfile], [IsDefaultRegistedProfile], [CreatedBy], [CreatedDate], [ModifiedBy], [ModifiedDate]) VALUES (106, 2, 5, 0, 0, 2, CAST(N'2016-03-22 10:09:51.997' AS DateTime), 2, CAST(N'2016-03-22 10:11:01.877' AS DateTime))
INSERT [dbo].[ZnodePortalProfile] ([PortalProfileID], [PortalId], [ProfileId], [IsDefaultAnonymousProfile], [IsDefaultRegistedProfile], [CreatedBy], [CreatedDate], [ModifiedBy], [ModifiedDate]) VALUES (109, 2, 4, 0, 0, 2, CAST(N'2016-04-13 04:46:54.703' AS DateTime), 2, CAST(N'2016-04-13 04:46:54.703' AS DateTime))
SET IDENTITY_INSERT [dbo].[ZnodePortalProfile] OFF
SET IDENTITY_INSERT [dbo].[ZnodeShippingTypes] ON 

INSERT [dbo].[ZnodeShippingTypes] ([ShippingTypeID], [ClassName], [Name], [Description], [IsActive], [CreatedBy], [CreatedDate], [ModifiedBy], [ModifiedDate]) VALUES (9, N'ZnodeShippingFedEx', N'FedEx', N'Calculates shipping rates when using FedEx.', 1, 2, CAST(N'2016-03-14 14:53:53.027' AS DateTime), 2, CAST(N'2016-03-31 13:43:30.360' AS DateTime))
INSERT [dbo].[ZnodeShippingTypes] ([ShippingTypeID], [ClassName], [Name], [Description], [IsActive], [CreatedBy], [CreatedDate], [ModifiedBy], [ModifiedDate]) VALUES (10, N'ZnodeShippingUps', N'UPS', N'Calculates shipping rates when using UPS.', 1, 2, CAST(N'2016-03-14 14:54:06.887' AS DateTime), 2, CAST(N'2016-03-18 10:02:54.290' AS DateTime))
INSERT [dbo].[ZnodeShippingTypes] ([ShippingTypeID], [ClassName], [Name], [Description], [IsActive], [CreatedBy], [CreatedDate], [ModifiedBy], [ModifiedDate]) VALUES (13, N'ZnodeShippingUsps', N'USPS', N'Calculates shipping rates when using the United States Postal Service.', 1, 1, CAST(N'2016-03-21 00:00:00.000' AS DateTime), 1, CAST(N'2016-03-21 00:00:00.000' AS DateTime))
INSERT [dbo].[ZnodeShippingTypes] ([ShippingTypeID], [ClassName], [Name], [Description], [IsActive], [CreatedBy], [CreatedDate], [ModifiedBy], [ModifiedDate]) VALUES (14, N'ZnodeShippingCustom', N'Custom', N'Calculates custom shipping rates.', 1, 1, CAST(N'2016-03-21 00:00:00.000' AS DateTime), 2, CAST(N'2016-03-31 13:55:36.177' AS DateTime))
SET IDENTITY_INSERT [dbo].[ZnodeShippingTypes] OFF
SET IDENTITY_INSERT [dbo].[ZnodeAccount] ON 

INSERT [dbo].[ZnodeAccount] ([AccountId], [AccountTypeId], [ParentAccountId], [UserId], [ReferralCommissionTypeId], [TaxID], [CompanyName], [Description], [FirstName], [MiddleName], [LastName], [PhoneNumber], [Email], [EmailOptIn], [AccountProfileCode], [SubAccountLimit], [IsActive], [Website], [Source], [ReferralAccountId], [ReferralStatus], [Custom1], [Custom2], [Custom3], [WebServiceDownloadDate], [ReferralCommission], [CustomerPaymentGuid], [ExternalId], [CreatedBy], [CreatedDate], [ModifiedBy], [ModifiedDate]) VALUES (1, NULL, NULL, N'60e1d118-ae3a-45ff-88fe-8ae60af00fcb', NULL, NULL, NULL, NULL, NULL, NULL, NULL, NULL, NULL, 0, NULL, NULL, NULL, NULL, NULL, NULL, NULL, NULL, NULL, NULL, NULL, NULL, NULL, NULL, 2, CAST(N'2016-04-05 18:13:41.700' AS DateTime), 2, CAST(N'2016-04-05 18:13:41.700' AS DateTime))
INSERT [dbo].[ZnodeAccount] ([AccountId], [AccountTypeId], [ParentAccountId], [UserId], [ReferralCommissionTypeId], [TaxID], [CompanyName], [Description], [FirstName], [MiddleName], [LastName], [PhoneNumber], [Email], [EmailOptIn], [AccountProfileCode], [SubAccountLimit], [IsActive], [Website], [Source], [ReferralAccountId], [ReferralStatus], [Custom1], [Custom2], [Custom3], [WebServiceDownloadDate], [ReferralCommission], [CustomerPaymentGuid], [ExternalId], [CreatedBy], [CreatedDate], [ModifiedBy], [ModifiedDate]) VALUES (2, NULL, NULL, N'ab9ac88f-cdeb-4ddd-a7e7-9193d71cc91d', NULL, NULL, NULL, NULL, NULL, NULL, NULL, NULL, NULL, 0, NULL, NULL, NULL, NULL, NULL, NULL, NULL, NULL, NULL, NULL, NULL, NULL, NULL, NULL, 2, CAST(N'2016-04-05 18:13:41.720' AS DateTime), 2, CAST(N'2016-04-05 18:13:41.720' AS DateTime))
SET IDENTITY_INSERT [dbo].[ZnodeAccount] OFF
SET IDENTITY_INSERT [dbo].[ZnodeMediaPath] ON 

INSERT [dbo].[ZnodeMediaPath] ([MediaPathId], [ParentMediaPathId], [PathCode], [IsActive], [CreatedBy], [CreatedDate], [ModifiedBy], [ModifiedDate]) VALUES (1, NULL, N'Root      ', 1, 2, CAST(N'2016-02-22 11:30:13.227' AS DateTime), 2, CAST(N'2016-02-22 11:30:13.250' AS DateTime))
SET IDENTITY_INSERT [dbo].[ZnodeMediaPath] OFF
SET IDENTITY_INSERT [dbo].[ZnodeMediaPathLocale] ON 

INSERT [dbo].[ZnodeMediaPathLocale] ([MediaPathLocaleId], [LocaleId], [MediaPathId], [PathName], [CreatedBy], [CreatedDate], [ModifiedBy], [ModifiedDate]) VALUES (1, 1, 1, N'Root', 2, CAST(N'2016-02-22 11:30:13.227' AS DateTime), 2, CAST(N'2016-02-22 11:30:13.250' AS DateTime))
SET IDENTITY_INSERT [dbo].[ZnodeMediaPathLocale] OFF
SET IDENTITY_INSERT [dbo].[ZnodeMediaServerMaster] ON 

INSERT [dbo].[ZnodeMediaServerMaster] ([MediaServerMasterId], [ServerName], [PartialViewName], [IsOtherServer], [ClassName], [CreatedBy], [CreatedDate], [ModifiedBy], [ModifiedDate]) VALUES (1, N'Amazon S3', N'AmazonS3', 1, N'AWSS3Agent', 2, CAST(N'2016-03-10 18:54:35.500' AS DateTime), 2, CAST(N'2016-03-10 18:54:35.500' AS DateTime))
INSERT [dbo].[ZnodeMediaServerMaster] ([MediaServerMasterId], [ServerName], [PartialViewName], [IsOtherServer], [ClassName], [CreatedBy], [CreatedDate], [ModifiedBy], [ModifiedDate]) VALUES (2, N'Azure', N'Azure', 1, N'AzureAgent', 2, CAST(N'2016-03-10 18:54:35.500' AS DateTime), 2, CAST(N'2016-03-10 18:54:35.500' AS DateTime))
INSERT [dbo].[ZnodeMediaServerMaster] ([MediaServerMasterId], [ServerName], [PartialViewName], [IsOtherServer], [ClassName], [CreatedBy], [CreatedDate], [ModifiedBy], [ModifiedDate]) VALUES (3, N'Local', N'Local', 0, N'LocalAgent', 2, CAST(N'2016-03-10 18:54:35.500' AS DateTime), 2, CAST(N'2016-03-10 18:54:35.500' AS DateTime))
SET IDENTITY_INSERT [dbo].[ZnodeMediaServerMaster] OFF
SET IDENTITY_INSERT [dbo].[ZnodeMediaConfiguration] ON 

INSERT [dbo].[ZnodeMediaConfiguration] ([MediaConfigurationId], [MediaServerMasterId], [Server], [AccessKey], [SecretKey], [URL], [BucketName], [Custom1], [Custom2], [Custom3], [IsActive], [CreatedBy], [CreatedDate], [ModifiedBy], [ModifiedDate]) VALUES (5, 3, N'Local', N'', N'', N'/MediaFolder/', N'MediaFolder', NULL, NULL, NULL, 1, 2, CAST(N'2016-02-22 11:30:13.227' AS DateTime), 2, CAST(N'2016-03-14 04:52:39.307' AS DateTime))
SET IDENTITY_INSERT [dbo].[ZnodeMediaConfiguration] OFF
SET IDENTITY_INSERT [dbo].[ZnodeMedia] ON 

INSERT [dbo].[ZnodeMedia] ([MediaId], [MediaConfigurationId], [Path], [FileName], [Size], [Height], [Width], [Length], [Type], [CreatedBy], [CreatedDate], [ModifiedBy], [ModifiedDate]) VALUES (1, 5, N'2f5db7e8-70fc-476d-8038-4def22ab04f5_Video1.mp4', N'Video1.mp4', N'112776651', NULL, NULL, N'112776651 ', N'.mp4', 2, CAST(N'2016-05-16 14:24:29.997' AS DateTime), 2, CAST(N'2016-05-16 14:24:29.997' AS DateTime))
INSERT [dbo].[ZnodeMedia] ([MediaId], [MediaConfigurationId], [Path], [FileName], [Size], [Height], [Width], [Length], [Type], [CreatedBy], [CreatedDate], [ModifiedBy], [ModifiedDate]) VALUES (2, 5, N'1ee21774-722f-4069-b1e7-08c5268c488f_side.png', N'side.png', N'20602', N'570       ', N'550       ', N'20602     ', N'.png', 2, CAST(N'2016-05-16 14:24:51.057' AS DateTime), 2, CAST(N'2016-05-16 14:24:51.057' AS DateTime))
INSERT [dbo].[ZnodeMedia] ([MediaId], [MediaConfigurationId], [Path], [FileName], [Size], [Height], [Width], [Length], [Type], [CreatedBy], [CreatedDate], [ModifiedBy], [ModifiedDate]) VALUES (3, 5, N'32e38c7a-0df6-44a0-9a45-3d2901a71357_Song2.mp3', N'Song2.mp3', N'4475276', NULL, NULL, N'4475276   ', N'.mp3', 2, CAST(N'2016-05-16 14:25:00.033' AS DateTime), 2, CAST(N'2016-05-16 14:25:00.033' AS DateTime))
INSERT [dbo].[ZnodeMedia] ([MediaId], [MediaConfigurationId], [Path], [FileName], [Size], [Height], [Width], [Length], [Type], [CreatedBy], [CreatedDate], [ModifiedBy], [ModifiedDate]) VALUES (4, 5, N'5c89e913-732f-42e4-98aa-213021e67eaf_Backupscript.txt', N'Backupscript.txt', N'6183', NULL, NULL, N'6183      ', N'.txt', 2, CAST(N'2016-05-16 14:25:10.930' AS DateTime), 2, CAST(N'2016-05-16 14:25:10.930' AS DateTime))
SET IDENTITY_INSERT [dbo].[ZnodeMedia] OFF
SET IDENTITY_INSERT [dbo].[ZnodeMediaAttributeFamily] ON 

INSERT [dbo].[ZnodeMediaAttributeFamily] ([MediaAttributeFamilyId], [FamilyCode], [IsSystemDefined], [IsDefaultFamily], [CreatedBy], [CreatedDate], [ModifiedBy], [ModifiedDate]) VALUES (1, N'Image', 1, 0, 2, CAST(N'2016-04-05 18:26:14.820' AS DateTime), 2, CAST(N'2016-04-05 18:26:14.820' AS DateTime))
INSERT [dbo].[ZnodeMediaAttributeFamily] ([MediaAttributeFamilyId], [FamilyCode], [IsSystemDefined], [IsDefaultFamily], [CreatedBy], [CreatedDate], [ModifiedBy], [ModifiedDate]) VALUES (6, N'Video', 1, 0, 2, CAST(N'2016-04-06 00:00:00.000' AS DateTime), 2, CAST(N'2016-04-06 00:00:00.000' AS DateTime))
INSERT [dbo].[ZnodeMediaAttributeFamily] ([MediaAttributeFamilyId], [FamilyCode], [IsSystemDefined], [IsDefaultFamily], [CreatedBy], [CreatedDate], [ModifiedBy], [ModifiedDate]) VALUES (7, N'Audio', 1, 0, 2, CAST(N'2016-04-06 00:00:00.000' AS DateTime), 2, CAST(N'2016-04-06 00:00:00.000' AS DateTime))
INSERT [dbo].[ZnodeMediaAttributeFamily] ([MediaAttributeFamilyId], [FamilyCode], [IsSystemDefined], [IsDefaultFamily], [CreatedBy], [CreatedDate], [ModifiedBy], [ModifiedDate]) VALUES (9, N'File', 1, 0, 2, CAST(N'2016-04-06 00:00:00.000' AS DateTime), 2, CAST(N'2016-04-06 00:00:00.000' AS DateTime))
SET IDENTITY_INSERT [dbo].[ZnodeMediaAttributeFamily] OFF
SET IDENTITY_INSERT [dbo].[ZnodeMediaCategory] ON 

INSERT [dbo].[ZnodeMediaCategory] ([MediaCategoryId], [MediaPathId], [MediaId], [MediaAttributeFamilyId], [Path], [CreatedBy], [CreatedDate], [ModifiedBy], [ModifiedDate]) VALUES (1, 1, 1, 6, NULL, 2, CAST(N'2016-05-16 14:24:29.997' AS DateTime), 2, CAST(N'2016-05-16 14:24:29.997' AS DateTime))
INSERT [dbo].[ZnodeMediaCategory] ([MediaCategoryId], [MediaPathId], [MediaId], [MediaAttributeFamilyId], [Path], [CreatedBy], [CreatedDate], [ModifiedBy], [ModifiedDate]) VALUES (2, 1, 2, 1, NULL, 2, CAST(N'2016-05-16 14:24:51.057' AS DateTime), 2, CAST(N'2016-05-16 14:24:51.057' AS DateTime))
INSERT [dbo].[ZnodeMediaCategory] ([MediaCategoryId], [MediaPathId], [MediaId], [MediaAttributeFamilyId], [Path], [CreatedBy], [CreatedDate], [ModifiedBy], [ModifiedDate]) VALUES (3, 1, 3, 6, NULL, 2, CAST(N'2016-05-16 14:25:00.033' AS DateTime), 2, CAST(N'2016-05-16 14:25:00.033' AS DateTime))
INSERT [dbo].[ZnodeMediaCategory] ([MediaCategoryId], [MediaPathId], [MediaId], [MediaAttributeFamilyId], [Path], [CreatedBy], [CreatedDate], [ModifiedBy], [ModifiedDate]) VALUES (4, 1, 4, 9, NULL, 2, CAST(N'2016-05-16 14:25:10.930' AS DateTime), 2, CAST(N'2016-05-16 14:25:10.930' AS DateTime))
SET IDENTITY_INSERT [dbo].[ZnodeMediaCategory] OFF
SET IDENTITY_INSERT [dbo].[ZnodeMenu] ON 

INSERT [dbo].[ZnodeMenu] ([MenuId], [ParentMenuId], [MenuName], [MenuSequence], [ControllerName], [ActionName], [IsActive], [CreatedBy], [CreatedDate], [ModifiedBy], [ModifiedDate]) VALUES (1, NULL, N'Dashboard', 1, N'Dashboard', N'Dashboard', 1, 2, CAST(N'2016-02-22 11:30:13.227' AS DateTime), 2, CAST(N'2016-04-18 09:30:47.530' AS DateTime))
INSERT [dbo].[ZnodeMenu] ([MenuId], [ParentMenuId], [MenuName], [MenuSequence], [ControllerName], [ActionName], [IsActive], [CreatedBy], [CreatedDate], [ModifiedBy], [ModifiedDate]) VALUES (2, NULL, N'Setup', 1, N'SetupController', N'SetupAction', 1, 0, CAST(N'2016-02-22 11:30:13.227' AS DateTime), 0, CAST(N'2016-04-07 07:14:14.527' AS DateTime))
INSERT [dbo].[ZnodeMenu] ([MenuId], [ParentMenuId], [MenuName], [MenuSequence], [ControllerName], [ActionName], [IsActive], [CreatedBy], [CreatedDate], [ModifiedBy], [ModifiedDate]) VALUES (3, 2, N'Tax', 1, N'TaxClass', N'List', 1, 2, CAST(N'2016-02-22 11:30:13.227' AS DateTime), 2, CAST(N'2016-03-16 07:37:38.907' AS DateTime))
INSERT [dbo].[ZnodeMenu] ([MenuId], [ParentMenuId], [MenuName], [MenuSequence], [ControllerName], [ActionName], [IsActive], [CreatedBy], [CreatedDate], [ModifiedBy], [ModifiedDate]) VALUES (4, 2, N'Shipping', 2, N'shippings', N'List', 1, 2, CAST(N'2016-02-22 11:30:13.227' AS DateTime), 2, CAST(N'2016-03-31 05:07:01.007' AS DateTime))
INSERT [dbo].[ZnodeMenu] ([MenuId], [ParentMenuId], [MenuName], [MenuSequence], [ControllerName], [ActionName], [IsActive], [CreatedBy], [CreatedDate], [ModifiedBy], [ModifiedDate]) VALUES (5, NULL, N'CMS', 1, N'CMS', N'CMS', 1, 2, CAST(N'2016-02-22 11:30:13.227' AS DateTime), 2, CAST(N'2016-02-22 11:30:13.250' AS DateTime))
INSERT [dbo].[ZnodeMenu] ([MenuId], [ParentMenuId], [MenuName], [MenuSequence], [ControllerName], [ActionName], [IsActive], [CreatedBy], [CreatedDate], [ModifiedBy], [ModifiedDate]) VALUES (6, NULL, N'PIM', 1, N'PIM', N'PIM', 1, 2, CAST(N'2016-02-22 11:30:13.227' AS DateTime), 2, CAST(N'2016-02-22 11:30:13.250' AS DateTime))
INSERT [dbo].[ZnodeMenu] ([MenuId], [ParentMenuId], [MenuName], [MenuSequence], [ControllerName], [ActionName], [IsActive], [CreatedBy], [CreatedDate], [ModifiedBy], [ModifiedDate]) VALUES (7, NULL, N'OMS', 1, N'OMS', N'OMS', 1, 2, CAST(N'2016-02-22 11:30:13.227' AS DateTime), 2, CAST(N'2016-02-22 11:30:13.250' AS DateTime))
INSERT [dbo].[ZnodeMenu] ([MenuId], [ParentMenuId], [MenuName], [MenuSequence], [ControllerName], [ActionName], [IsActive], [CreatedBy], [CreatedDate], [ModifiedBy], [ModifiedDate]) VALUES (8, NULL, N'Reports', 1, N'REPORTS', N'REPORTS', 1, 2, CAST(N'2016-02-22 11:30:13.227' AS DateTime), 2, CAST(N'2016-02-22 11:30:13.250' AS DateTime))
INSERT [dbo].[ZnodeMenu] ([MenuId], [ParentMenuId], [MenuName], [MenuSequence], [ControllerName], [ActionName], [IsActive], [CreatedBy], [CreatedDate], [ModifiedBy], [ModifiedDate]) VALUES (9, NULL, N'Media Manager', 1, N'MediaManager/MediaManager', N'List', 1, 2, CAST(N'2016-02-22 11:30:13.227' AS DateTime), 2, CAST(N'2016-03-28 06:17:30.037' AS DateTime))
INSERT [dbo].[ZnodeMenu] ([MenuId], [ParentMenuId], [MenuName], [MenuSequence], [ControllerName], [ActionName], [IsActive], [CreatedBy], [CreatedDate], [ModifiedBy], [ModifiedDate]) VALUES (10, NULL, N'Plugins', 1, N'PLUGINS', N'PLUGINS', 1, 2, CAST(N'2016-02-22 11:30:13.227' AS DateTime), 2, CAST(N'2016-04-01 06:22:56.130' AS DateTime))
INSERT [dbo].[ZnodeMenu] ([MenuId], [ParentMenuId], [MenuName], [MenuSequence], [ControllerName], [ActionName], [IsActive], [CreatedBy], [CreatedDate], [ModifiedBy], [ModifiedDate]) VALUES (11, NULL, N'Admin', 1, N'CREATE', N'CREATE', 1, 2, CAST(N'2016-02-22 11:30:13.227' AS DateTime), 2, CAST(N'2016-03-14 09:26:56.500' AS DateTime))
INSERT [dbo].[ZnodeMenu] ([MenuId], [ParentMenuId], [MenuName], [MenuSequence], [ControllerName], [ActionName], [IsActive], [CreatedBy], [CreatedDate], [ModifiedBy], [ModifiedDate]) VALUES (12, 9, N'Attribute Configuration', 1, N'MediaManager/AttributeFamily', N'List', 1, 2, CAST(N'2016-02-22 11:30:13.227' AS DateTime), 2, CAST(N'2016-04-05 05:08:40.747' AS DateTime))
INSERT [dbo].[ZnodeMenu] ([MenuId], [ParentMenuId], [MenuName], [MenuSequence], [ControllerName], [ActionName], [IsActive], [CreatedBy], [CreatedDate], [ModifiedBy], [ModifiedDate]) VALUES (13, 11, N'Role And Access Right', 1, N'RoleAndAccessRight', N'RoleList', 1, 2, CAST(N'2016-02-22 11:30:13.227' AS DateTime), 2, CAST(N'2016-02-22 11:30:13.250' AS DateTime))
INSERT [dbo].[ZnodeMenu] ([MenuId], [ParentMenuId], [MenuName], [MenuSequence], [ControllerName], [ActionName], [IsActive], [CreatedBy], [CreatedDate], [ModifiedBy], [ModifiedDate]) VALUES (14, 6, N'Product Attribute Configuration', 1, N'PIM/ProductAttributeFamily', N'List', 1, 2, CAST(N'2016-02-22 11:30:13.227' AS DateTime), 2, CAST(N'2016-04-29 06:25:30.847' AS DateTime))
INSERT [dbo].[ZnodeMenu] ([MenuId], [ParentMenuId], [MenuName], [MenuSequence], [ControllerName], [ActionName], [IsActive], [CreatedBy], [CreatedDate], [ModifiedBy], [ModifiedDate]) VALUES (15, 6, N'Manage Products', 2, N'PIM/Products', N'List', 1, 2, CAST(N'2016-02-22 11:30:13.227' AS DateTime), 2, CAST(N'2016-04-13 09:24:55.413' AS DateTime))
INSERT [dbo].[ZnodeMenu] ([MenuId], [ParentMenuId], [MenuName], [MenuSequence], [ControllerName], [ActionName], [IsActive], [CreatedBy], [CreatedDate], [ModifiedBy], [ModifiedDate]) VALUES (16, 6, N'Manage Categories', 3, N'PIM/Category', N'List', 1, 0, CAST(N'2016-02-22 11:30:13.227' AS DateTime), 2, CAST(N'2016-04-22 10:52:47.540' AS DateTime))
INSERT [dbo].[ZnodeMenu] ([MenuId], [ParentMenuId], [MenuName], [MenuSequence], [ControllerName], [ActionName], [IsActive], [CreatedBy], [CreatedDate], [ModifiedBy], [ModifiedDate]) VALUES (17, 6, N'Manage Catalog', 2, N'PIM/Catalog', N'CatalogList', 1, 2, CAST(N'2016-02-22 11:30:13.227' AS DateTime), 2, CAST(N'2016-03-12 12:14:24.630' AS DateTime))
INSERT [dbo].[ZnodeMenu] ([MenuId], [ParentMenuId], [MenuName], [MenuSequence], [ControllerName], [ActionName], [IsActive], [CreatedBy], [CreatedDate], [ModifiedBy], [ModifiedDate]) VALUES (18, 11, N'Store Administrators', 1, N'Account', N'UsersList', 1, 2, CAST(N'2016-03-12 12:14:49.197' AS DateTime), 2, CAST(N'2016-05-05 08:37:48.197' AS DateTime))
INSERT [dbo].[ZnodeMenu] ([MenuId], [ParentMenuId], [MenuName], [MenuSequence], [ControllerName], [ActionName], [IsActive], [CreatedBy], [CreatedDate], [ModifiedBy], [ModifiedDate]) VALUES (19, 11, N'Menu List', 1, N'RoleAndAccessRight', N'MenuList', 1, 2, CAST(N'2016-03-12 12:15:31.257' AS DateTime), 2, CAST(N'2016-03-12 12:15:31.257' AS DateTime))
INSERT [dbo].[ZnodeMenu] ([MenuId], [ParentMenuId], [MenuName], [MenuSequence], [ControllerName], [ActionName], [IsActive], [CreatedBy], [CreatedDate], [ModifiedBy], [ModifiedDate]) VALUES (20, 11, N'Customers', 1, N'Account', N'CustomersList', 1, 2, CAST(N'2016-03-12 12:15:52.187' AS DateTime), 2, CAST(N'2016-05-03 13:55:41.460' AS DateTime))
INSERT [dbo].[ZnodeMenu] ([MenuId], [ParentMenuId], [MenuName], [MenuSequence], [ControllerName], [ActionName], [IsActive], [CreatedBy], [CreatedDate], [ModifiedBy], [ModifiedDate]) VALUES (21, 11, N'Provider Engine', 3, N'ProviderEngine', N'TaxRuleTypeList', 1, 2, CAST(N'2016-03-12 13:20:00.023' AS DateTime), 2, CAST(N'2016-03-12 13:33:50.473' AS DateTime))
INSERT [dbo].[ZnodeMenu] ([MenuId], [ParentMenuId], [MenuName], [MenuSequence], [ControllerName], [ActionName], [IsActive], [CreatedBy], [CreatedDate], [ModifiedBy], [ModifiedDate]) VALUES (22, 2, N'Payment', 1, N'Payment', N'List', 1, 2, CAST(N'2016-03-14 10:29:56.827' AS DateTime), 2, CAST(N'2016-03-14 10:29:56.827' AS DateTime))
INSERT [dbo].[ZnodeMenu] ([MenuId], [ParentMenuId], [MenuName], [MenuSequence], [ControllerName], [ActionName], [IsActive], [CreatedBy], [CreatedDate], [ModifiedBy], [ModifiedDate]) VALUES (23, 2, N'Profiles', 3, N'profiles', N'List', 1, 2, CAST(N'2016-03-14 12:53:47.707' AS DateTime), 2, CAST(N'2016-03-31 05:54:12.813' AS DateTime))
INSERT [dbo].[ZnodeMenu] ([MenuId], [ParentMenuId], [MenuName], [MenuSequence], [ControllerName], [ActionName], [IsActive], [CreatedBy], [CreatedDate], [ModifiedBy], [ModifiedDate]) VALUES (24, 7, N'Supplier', 1, N'Supplier', N'List', 1, 0, CAST(N'2016-03-21 12:32:29.477' AS DateTime), 2, CAST(N'2016-03-31 06:39:17.457' AS DateTime))
INSERT [dbo].[ZnodeMenu] ([MenuId], [ParentMenuId], [MenuName], [MenuSequence], [ControllerName], [ActionName], [IsActive], [CreatedBy], [CreatedDate], [ModifiedBy], [ModifiedDate]) VALUES (26, 3, N'menutest2', 2, N'Democontroller', N'index', 1, 2, CAST(N'2016-03-28 13:26:23.110' AS DateTime), 2, CAST(N'2016-03-29 07:03:05.160' AS DateTime))
INSERT [dbo].[ZnodeMenu] ([MenuId], [ParentMenuId], [MenuName], [MenuSequence], [ControllerName], [ActionName], [IsActive], [CreatedBy], [CreatedDate], [ModifiedBy], [ModifiedDate]) VALUES (27, 11, N'Email Templates', 3, N'EmailTemplate', N'List', 1, 2, CAST(N'2016-03-29 06:52:50.173' AS DateTime), 2, CAST(N'2016-03-31 04:58:26.473' AS DateTime))
INSERT [dbo].[ZnodeMenu] ([MenuId], [ParentMenuId], [MenuName], [MenuSequence], [ControllerName], [ActionName], [IsActive], [CreatedBy], [CreatedDate], [ModifiedBy], [ModifiedDate]) VALUES (29, 3, N'testmenu', 1, N'Democontroller', N'demo', 1, 2, CAST(N'2016-03-30 07:10:29.677' AS DateTime), 2, CAST(N'2016-03-30 07:10:29.677' AS DateTime))
INSERT [dbo].[ZnodeMenu] ([MenuId], [ParentMenuId], [MenuName], [MenuSequence], [ControllerName], [ActionName], [IsActive], [CreatedBy], [CreatedDate], [ModifiedBy], [ModifiedDate]) VALUES (32, 2, N'Stores', 1, N'Store', N'List', 1, 0, CAST(N'2016-04-07 07:13:53.293' AS DateTime), 0, CAST(N'2016-04-07 07:13:53.293' AS DateTime))
INSERT [dbo].[ZnodeMenu] ([MenuId], [ParentMenuId], [MenuName], [MenuSequence], [ControllerName], [ActionName], [IsActive], [CreatedBy], [CreatedDate], [ModifiedBy], [ModifiedDate]) VALUES (33, 11, N'mymenu1', 1, N'DemoController', N'index', 0, 0, CAST(N'2016-04-12 12:33:47.507' AS DateTime), 2, CAST(N'2016-04-18 10:17:30.190' AS DateTime))
INSERT [dbo].[ZnodeMenu] ([MenuId], [ParentMenuId], [MenuName], [MenuSequence], [ControllerName], [ActionName], [IsActive], [CreatedBy], [CreatedDate], [ModifiedBy], [ModifiedDate]) VALUES (34, 11, N'test18', 1, N'Democontroller', N'index', 0, 2, CAST(N'2016-04-18 10:51:21.460' AS DateTime), 2, CAST(N'2016-04-18 10:51:21.460' AS DateTime))
INSERT [dbo].[ZnodeMenu] ([MenuId], [ParentMenuId], [MenuName], [MenuSequence], [ControllerName], [ActionName], [IsActive], [CreatedBy], [CreatedDate], [ModifiedBy], [ModifiedDate]) VALUES (1036, 6, N'Category Attribute Configuration', 2, N'PIM/CategoryAttributeFamily', N'List', 1, 2, CAST(N'2016-04-27 08:49:00.510' AS DateTime), 2, CAST(N'2016-04-29 06:29:30.370' AS DateTime))
INSERT [dbo].[ZnodeMenu] ([MenuId], [ParentMenuId], [MenuName], [MenuSequence], [ControllerName], [ActionName], [IsActive], [CreatedBy], [CreatedDate], [ModifiedBy], [ModifiedDate]) VALUES (1037, 11, N'Account', 2, N'Company', N'AccountList', 1, 2, CAST(N'2016-05-04 05:05:18.777' AS DateTime), 2, CAST(N'2016-05-06 04:20:25.437' AS DateTime))
SET IDENTITY_INSERT [dbo].[ZnodeMenu] OFF
INSERT [dbo].[AspNetRoles] ([Id], [Name], [IsActive], [IsDefault]) VALUES (N'c120e647-4cdd-48a8-8113-6fe0eae87b3d', N'Admin', 1, NULL)
SET IDENTITY_INSERT [dbo].[ZnodeRoleMenu] ON 

INSERT [dbo].[ZnodeRoleMenu] ([RoleMenuId], [RoleId], [MenuId], [CreatedBy], [CreatedDate], [ModifiedBy], [ModifiedDate]) VALUES (1, N'c120e647-4cdd-48a8-8113-6fe0eae87b3d', 1, 0, CAST(N'2016-03-12 04:48:55.367' AS DateTime), 0, CAST(N'2016-03-12 04:48:55.367' AS DateTime))
INSERT [dbo].[ZnodeRoleMenu] ([RoleMenuId], [RoleId], [MenuId], [CreatedBy], [CreatedDate], [ModifiedBy], [ModifiedDate]) VALUES (3, N'c120e647-4cdd-48a8-8113-6fe0eae87b3d', 5, 2, CAST(N'2016-03-12 12:12:55.737' AS DateTime), 2, CAST(N'2016-03-12 12:12:55.737' AS DateTime))
INSERT [dbo].[ZnodeRoleMenu] ([RoleMenuId], [RoleId], [MenuId], [CreatedBy], [CreatedDate], [ModifiedBy], [ModifiedDate]) VALUES (4, N'c120e647-4cdd-48a8-8113-6fe0eae87b3d', 6, 2, CAST(N'2016-03-12 12:12:55.767' AS DateTime), 2, CAST(N'2016-03-12 12:12:55.767' AS DateTime))
INSERT [dbo].[ZnodeRoleMenu] ([RoleMenuId], [RoleId], [MenuId], [CreatedBy], [CreatedDate], [ModifiedBy], [ModifiedDate]) VALUES (5, N'c120e647-4cdd-48a8-8113-6fe0eae87b3d', 7, 2, CAST(N'2016-03-12 12:12:55.783' AS DateTime), 2, CAST(N'2016-03-12 12:12:55.783' AS DateTime))
INSERT [dbo].[ZnodeRoleMenu] ([RoleMenuId], [RoleId], [MenuId], [CreatedBy], [CreatedDate], [ModifiedBy], [ModifiedDate]) VALUES (6, N'c120e647-4cdd-48a8-8113-6fe0eae87b3d', 8, 2, CAST(N'2016-03-12 12:12:55.797' AS DateTime), 2, CAST(N'2016-03-12 12:12:55.797' AS DateTime))
INSERT [dbo].[ZnodeRoleMenu] ([RoleMenuId], [RoleId], [MenuId], [CreatedBy], [CreatedDate], [ModifiedBy], [ModifiedDate]) VALUES (7, N'c120e647-4cdd-48a8-8113-6fe0eae87b3d', 9, 2, CAST(N'2016-03-12 12:12:55.797' AS DateTime), 2, CAST(N'2016-03-12 12:12:55.797' AS DateTime))
INSERT [dbo].[ZnodeRoleMenu] ([RoleMenuId], [RoleId], [MenuId], [CreatedBy], [CreatedDate], [ModifiedBy], [ModifiedDate]) VALUES (8, N'c120e647-4cdd-48a8-8113-6fe0eae87b3d', 10, 2, CAST(N'2016-03-12 12:12:55.813' AS DateTime), 2, CAST(N'2016-03-12 12:12:55.813' AS DateTime))
INSERT [dbo].[ZnodeRoleMenu] ([RoleMenuId], [RoleId], [MenuId], [CreatedBy], [CreatedDate], [ModifiedBy], [ModifiedDate]) VALUES (9, N'c120e647-4cdd-48a8-8113-6fe0eae87b3d', 11, 2, CAST(N'2016-03-12 12:12:55.813' AS DateTime), 2, CAST(N'2016-03-12 12:12:55.813' AS DateTime))
INSERT [dbo].[ZnodeRoleMenu] ([RoleMenuId], [RoleId], [MenuId], [CreatedBy], [CreatedDate], [ModifiedBy], [ModifiedDate]) VALUES (17, N'c120e647-4cdd-48a8-8113-6fe0eae87b3d', 20, 2, CAST(N'2016-03-12 12:22:43.987' AS DateTime), 2, CAST(N'2016-03-12 12:22:43.987' AS DateTime))
SET IDENTITY_INSERT [dbo].[ZnodeRoleMenu] OFF
SET IDENTITY_INSERT [dbo].[ZnodeAccessPermissions] ON 

INSERT [dbo].[ZnodeAccessPermissions] ([AccessPermissionsId], [PermissionsName], [IsActive], [CreatedBy], [CreatedDate], [ModifiedBy], [ModifiedDate]) VALUES (1, N'Read Only', 1, 2, CAST(N'2016-02-22 11:30:13.227' AS DateTime), 2, CAST(N'2016-02-22 11:30:13.250' AS DateTime))
INSERT [dbo].[ZnodeAccessPermissions] ([AccessPermissionsId], [PermissionsName], [IsActive], [CreatedBy], [CreatedDate], [ModifiedBy], [ModifiedDate]) VALUES (2, N'Write', 1, 2, CAST(N'2016-02-22 11:30:13.227' AS DateTime), 2, CAST(N'2016-02-22 11:30:13.250' AS DateTime))
INSERT [dbo].[ZnodeAccessPermissions] ([AccessPermissionsId], [PermissionsName], [IsActive], [CreatedBy], [CreatedDate], [ModifiedBy], [ModifiedDate]) VALUES (3, N'Edit', 1, 2, CAST(N'2016-02-22 11:30:13.227' AS DateTime), 2, CAST(N'2016-02-22 11:30:13.250' AS DateTime))
INSERT [dbo].[ZnodeAccessPermissions] ([AccessPermissionsId], [PermissionsName], [IsActive], [CreatedBy], [CreatedDate], [ModifiedBy], [ModifiedDate]) VALUES (4, N'Delete', 1, 2, CAST(N'2016-02-22 11:30:13.227' AS DateTime), 2, CAST(N'2016-02-22 11:30:13.250' AS DateTime))
SET IDENTITY_INSERT [dbo].[ZnodeAccessPermissions] OFF
SET IDENTITY_INSERT [dbo].[ZnodeRoleMenuAccessMapper] ON 

INSERT [dbo].[ZnodeRoleMenuAccessMapper] ([RoleMenuAccessMapperId], [RoleMenuId], [AccessPermissionsId], [CreatedBy], [CreatedDate], [ModifiedBy], [ModifiedDate]) VALUES (44, 1, 2, 2, CAST(N'2016-03-12 12:22:39.013' AS DateTime), 2, CAST(N'2016-03-12 12:22:39.013' AS DateTime))
INSERT [dbo].[ZnodeRoleMenuAccessMapper] ([RoleMenuAccessMapperId], [RoleMenuId], [AccessPermissionsId], [CreatedBy], [CreatedDate], [ModifiedBy], [ModifiedDate]) VALUES (45, 1, 3, 2, CAST(N'2016-03-12 12:22:39.027' AS DateTime), 2, CAST(N'2016-03-12 12:22:39.027' AS DateTime))
INSERT [dbo].[ZnodeRoleMenuAccessMapper] ([RoleMenuAccessMapperId], [RoleMenuId], [AccessPermissionsId], [CreatedBy], [CreatedDate], [ModifiedBy], [ModifiedDate]) VALUES (46, 1, 4, 2, CAST(N'2016-03-12 12:22:39.033' AS DateTime), 2, CAST(N'2016-03-12 12:22:39.033' AS DateTime))
INSERT [dbo].[ZnodeRoleMenuAccessMapper] ([RoleMenuAccessMapperId], [RoleMenuId], [AccessPermissionsId], [CreatedBy], [CreatedDate], [ModifiedBy], [ModifiedDate]) VALUES (47, 5, 1, 2, CAST(N'2016-03-12 12:22:39.060' AS DateTime), 2, CAST(N'2016-03-12 12:22:39.060' AS DateTime))
INSERT [dbo].[ZnodeRoleMenuAccessMapper] ([RoleMenuAccessMapperId], [RoleMenuId], [AccessPermissionsId], [CreatedBy], [CreatedDate], [ModifiedBy], [ModifiedDate]) VALUES (48, 5, 2, 2, CAST(N'2016-03-12 12:22:39.063' AS DateTime), 2, CAST(N'2016-03-12 12:22:39.063' AS DateTime))
INSERT [dbo].[ZnodeRoleMenuAccessMapper] ([RoleMenuAccessMapperId], [RoleMenuId], [AccessPermissionsId], [CreatedBy], [CreatedDate], [ModifiedBy], [ModifiedDate]) VALUES (49, 5, 3, 2, CAST(N'2016-03-12 12:22:39.067' AS DateTime), 2, CAST(N'2016-03-12 12:22:39.067' AS DateTime))
INSERT [dbo].[ZnodeRoleMenuAccessMapper] ([RoleMenuAccessMapperId], [RoleMenuId], [AccessPermissionsId], [CreatedBy], [CreatedDate], [ModifiedBy], [ModifiedDate]) VALUES (50, 5, 4, 2, CAST(N'2016-03-12 12:22:39.070' AS DateTime), 2, CAST(N'2016-03-12 12:22:39.070' AS DateTime))
INSERT [dbo].[ZnodeRoleMenuAccessMapper] ([RoleMenuAccessMapperId], [RoleMenuId], [AccessPermissionsId], [CreatedBy], [CreatedDate], [ModifiedBy], [ModifiedDate]) VALUES (51, 6, 4, 2, CAST(N'2016-03-12 12:22:39.080' AS DateTime), 2, CAST(N'2016-03-12 12:22:39.080' AS DateTime))
INSERT [dbo].[ZnodeRoleMenuAccessMapper] ([RoleMenuAccessMapperId], [RoleMenuId], [AccessPermissionsId], [CreatedBy], [CreatedDate], [ModifiedBy], [ModifiedDate]) VALUES (52, 7, 3, 2, CAST(N'2016-03-12 12:22:39.087' AS DateTime), 2, CAST(N'2016-03-12 12:22:39.087' AS DateTime))
INSERT [dbo].[ZnodeRoleMenuAccessMapper] ([RoleMenuAccessMapperId], [RoleMenuId], [AccessPermissionsId], [CreatedBy], [CreatedDate], [ModifiedBy], [ModifiedDate]) VALUES (53, 8, 2, 2, CAST(N'2016-03-12 12:22:39.097' AS DateTime), 2, CAST(N'2016-03-12 12:22:39.097' AS DateTime))
INSERT [dbo].[ZnodeRoleMenuAccessMapper] ([RoleMenuAccessMapperId], [RoleMenuId], [AccessPermissionsId], [CreatedBy], [CreatedDate], [ModifiedBy], [ModifiedDate]) VALUES (54, 9, 1, 2, CAST(N'2016-03-12 12:22:39.107' AS DateTime), 2, CAST(N'2016-03-12 12:22:39.107' AS DateTime))
INSERT [dbo].[ZnodeRoleMenuAccessMapper] ([RoleMenuAccessMapperId], [RoleMenuId], [AccessPermissionsId], [CreatedBy], [CreatedDate], [ModifiedBy], [ModifiedDate]) VALUES (55, 9, 2, 2, CAST(N'2016-03-12 12:22:39.110' AS DateTime), 2, CAST(N'2016-03-12 12:22:39.110' AS DateTime))
INSERT [dbo].[ZnodeRoleMenuAccessMapper] ([RoleMenuAccessMapperId], [RoleMenuId], [AccessPermissionsId], [CreatedBy], [CreatedDate], [ModifiedBy], [ModifiedDate]) VALUES (56, 9, 3, 2, CAST(N'2016-03-12 12:22:39.113' AS DateTime), 2, CAST(N'2016-03-12 12:22:39.113' AS DateTime))
INSERT [dbo].[ZnodeRoleMenuAccessMapper] ([RoleMenuAccessMapperId], [RoleMenuId], [AccessPermissionsId], [CreatedBy], [CreatedDate], [ModifiedBy], [ModifiedDate]) VALUES (57, 9, 4, 2, CAST(N'2016-03-12 12:22:39.117' AS DateTime), 2, CAST(N'2016-03-12 12:22:39.117' AS DateTime))
INSERT [dbo].[ZnodeRoleMenuAccessMapper] ([RoleMenuAccessMapperId], [RoleMenuId], [AccessPermissionsId], [CreatedBy], [CreatedDate], [ModifiedBy], [ModifiedDate]) VALUES (58, 17, 1, 2, CAST(N'2016-03-12 12:22:43.993' AS DateTime), 2, CAST(N'2016-03-12 12:22:43.993' AS DateTime))
INSERT [dbo].[ZnodeRoleMenuAccessMapper] ([RoleMenuAccessMapperId], [RoleMenuId], [AccessPermissionsId], [CreatedBy], [CreatedDate], [ModifiedBy], [ModifiedDate]) VALUES (59, 17, 2, 2, CAST(N'2016-03-12 12:22:44.000' AS DateTime), 2, CAST(N'2016-03-12 12:22:44.000' AS DateTime))
INSERT [dbo].[ZnodeRoleMenuAccessMapper] ([RoleMenuAccessMapperId], [RoleMenuId], [AccessPermissionsId], [CreatedBy], [CreatedDate], [ModifiedBy], [ModifiedDate]) VALUES (60, 17, 3, 2, CAST(N'2016-03-12 12:22:44.007' AS DateTime), 2, CAST(N'2016-03-12 12:22:44.007' AS DateTime))
INSERT [dbo].[ZnodeRoleMenuAccessMapper] ([RoleMenuAccessMapperId], [RoleMenuId], [AccessPermissionsId], [CreatedBy], [CreatedDate], [ModifiedBy], [ModifiedDate]) VALUES (61, 17, 4, 2, CAST(N'2016-03-12 12:22:44.010' AS DateTime), 2, CAST(N'2016-03-12 12:22:44.010' AS DateTime))
INSERT [dbo].[ZnodeRoleMenuAccessMapper] ([RoleMenuAccessMapperId], [RoleMenuId], [AccessPermissionsId], [CreatedBy], [CreatedDate], [ModifiedBy], [ModifiedDate]) VALUES (285, 1, 1, 2, CAST(N'2016-04-04 10:06:28.703' AS DateTime), 2, CAST(N'2016-04-04 10:06:28.703' AS DateTime))
INSERT [dbo].[ZnodeRoleMenuAccessMapper] ([RoleMenuAccessMapperId], [RoleMenuId], [AccessPermissionsId], [CreatedBy], [CreatedDate], [ModifiedBy], [ModifiedDate]) VALUES (288, 3, 1, 2, CAST(N'2016-04-05 10:31:41.753' AS DateTime), 2, CAST(N'2016-04-05 10:31:41.753' AS DateTime))
INSERT [dbo].[ZnodeRoleMenuAccessMapper] ([RoleMenuAccessMapperId], [RoleMenuId], [AccessPermissionsId], [CreatedBy], [CreatedDate], [ModifiedBy], [ModifiedDate]) VALUES (289, 4, 1, 2, CAST(N'2016-04-05 10:36:52.893' AS DateTime), 2, CAST(N'2016-04-05 10:36:52.893' AS DateTime))
INSERT [dbo].[ZnodeRoleMenuAccessMapper] ([RoleMenuAccessMapperId], [RoleMenuId], [AccessPermissionsId], [CreatedBy], [CreatedDate], [ModifiedBy], [ModifiedDate]) VALUES (290, 5, 1, 2, CAST(N'2016-04-05 10:37:27.620' AS DateTime), 2, CAST(N'2016-04-05 10:37:27.620' AS DateTime))
SET IDENTITY_INSERT [dbo].[ZnodeRoleMenuAccessMapper] OFF
INSERT [dbo].[AspNetUsers] ([Id], [Email], [EmailConfirmed], [PasswordHash], [SecurityStamp], [PhoneNumber], [PhoneNumberConfirmed], [TwoFactorEnabled], [LockoutEndDateUtc], [LockoutEnabled], [AccessFailedCount], [PasswordChangedDate], [UserName]) VALUES (N'60e1d118-ae3a-45ff-88fe-8ae60af00fcb', N'ZNode90dev@mrrsoft.com', 0, N'AO4LYL9oupp/T0w8gKMyLF+QdeMFcDyA8QjgeRImVmPL4E/ddPngudD4TtxILEefkA==', N'3331f7bc-38dc-4da4-8c26-55bd9f9f570e', NULL, 0, 0, NULL, 1, 0, CAST(N'2016-02-05 18:37:57.850' AS DateTime), N'ashish12345')
INSERT [dbo].[AspNetUsers] ([Id], [Email], [EmailConfirmed], [PasswordHash], [SecurityStamp], [PhoneNumber], [PhoneNumberConfirmed], [TwoFactorEnabled], [LockoutEndDateUtc], [LockoutEnabled], [AccessFailedCount], [PasswordChangedDate], [UserName]) VALUES (N'ab9ac88f-cdeb-4ddd-a7e7-9193d71cc91d', N'ZNode90de@mrrsoft.com', 0, N'ANWlmk3upChCSS3zsHy+pKIyKUPXpXqGJHpdkcoew/ZBC940PzR4FFY9wmCdk3UeEQ==', N'3d312987-0e3e-490c-9e31-4eb9f959aad7', NULL, 0, 0, NULL, 1, 0, CAST(N'2016-04-05 18:14:45.100' AS DateTime), N'admin12345')
SET IDENTITY_INSERT [dbo].[ZnodePimAttribute] ON 

INSERT [dbo].[ZnodePimAttribute] ([PimAttributeId], [ParentPimAttributeId], [AttributeTypeId], [AttributeCode], [IsRequired], [IsLocalizable], [IsFilterable], [IsSystemDefined], [IsConfigurable], [IsPersonalizable], [DisplayOrder], [HelpDescription], [IsCategory], [CreatedBy], [CreatedDate], [ModifiedBy], [ModifiedDate]) VALUES (93, NULL, 5, N'ProductName', 1, 0, 0, 0, 0, 1, 2, N'Product Name', 0, 2, CAST(N'2016-03-31 09:42:53.427' AS DateTime), 2, CAST(N'2016-04-13 09:15:36.480' AS DateTime))
INSERT [dbo].[ZnodePimAttribute] ([PimAttributeId], [ParentPimAttributeId], [AttributeTypeId], [AttributeCode], [IsRequired], [IsLocalizable], [IsFilterable], [IsSystemDefined], [IsConfigurable], [IsPersonalizable], [DisplayOrder], [HelpDescription], [IsCategory], [CreatedBy], [CreatedDate], [ModifiedBy], [ModifiedDate]) VALUES (94, NULL, 4, N'Image', 1, 0, 0, 1, 0, 0, NULL, N'', 0, 2, CAST(N'2016-03-31 11:15:33.627' AS DateTime), 2, CAST(N'2016-03-31 11:34:43.900' AS DateTime))
INSERT [dbo].[ZnodePimAttribute] ([PimAttributeId], [ParentPimAttributeId], [AttributeTypeId], [AttributeCode], [IsRequired], [IsLocalizable], [IsFilterable], [IsSystemDefined], [IsConfigurable], [IsPersonalizable], [DisplayOrder], [HelpDescription], [IsCategory], [CreatedBy], [CreatedDate], [ModifiedBy], [ModifiedDate]) VALUES (245, NULL, 10, N'ProductType', 0, 0, 0, 1, 1, 0, 1, N'', 0, 2, CAST(N'2016-04-13 07:31:03.283' AS DateTime), 2, CAST(N'2016-04-13 09:11:34.197' AS DateTime))
INSERT [dbo].[ZnodePimAttribute] ([PimAttributeId], [ParentPimAttributeId], [AttributeTypeId], [AttributeCode], [IsRequired], [IsLocalizable], [IsFilterable], [IsSystemDefined], [IsConfigurable], [IsPersonalizable], [DisplayOrder], [HelpDescription], [IsCategory], [CreatedBy], [CreatedDate], [ModifiedBy], [ModifiedDate]) VALUES (247, NULL, 6, N'MultiselectDem', 1, 0, 0, 0, 1, 1, NULL, N'', 0, 2, CAST(N'2016-04-13 08:57:44.070' AS DateTime), 2, CAST(N'2016-04-13 08:57:44.070' AS DateTime))
INSERT [dbo].[ZnodePimAttribute] ([PimAttributeId], [ParentPimAttributeId], [AttributeTypeId], [AttributeCode], [IsRequired], [IsLocalizable], [IsFilterable], [IsSystemDefined], [IsConfigurable], [IsPersonalizable], [DisplayOrder], [HelpDescription], [IsCategory], [CreatedBy], [CreatedDate], [ModifiedBy], [ModifiedDate]) VALUES (248, NULL, 5, N'SKU', 1, 0, 0, 1, 0, 0, 4, N'SKU', 0, 2, CAST(N'2016-04-13 09:16:50.807' AS DateTime), 2, CAST(N'2016-04-13 09:16:50.807' AS DateTime))
INSERT [dbo].[ZnodePimAttribute] ([PimAttributeId], [ParentPimAttributeId], [AttributeTypeId], [AttributeCode], [IsRequired], [IsLocalizable], [IsFilterable], [IsSystemDefined], [IsConfigurable], [IsPersonalizable], [DisplayOrder], [HelpDescription], [IsCategory], [CreatedBy], [CreatedDate], [ModifiedBy], [ModifiedDate]) VALUES (249, NULL, 5, N'ProductCode', 1, 0, 0, 1, 0, 0, 4, N'Product Code', 0, 2, CAST(N'2016-04-13 09:17:56.483' AS DateTime), 2, CAST(N'2016-04-13 09:17:56.483' AS DateTime))
INSERT [dbo].[ZnodePimAttribute] ([PimAttributeId], [ParentPimAttributeId], [AttributeTypeId], [AttributeCode], [IsRequired], [IsLocalizable], [IsFilterable], [IsSystemDefined], [IsConfigurable], [IsPersonalizable], [DisplayOrder], [HelpDescription], [IsCategory], [CreatedBy], [CreatedDate], [ModifiedBy], [ModifiedDate]) VALUES (250, NULL, 9, N'Description', 0, 0, 0, 1, 0, 0, 5, N'Description ', 0, 2, CAST(N'2016-04-13 09:20:53.750' AS DateTime), 2, CAST(N'2016-04-13 09:20:53.750' AS DateTime))
INSERT [dbo].[ZnodePimAttribute] ([PimAttributeId], [ParentPimAttributeId], [AttributeTypeId], [AttributeCode], [IsRequired], [IsLocalizable], [IsFilterable], [IsSystemDefined], [IsConfigurable], [IsPersonalizable], [DisplayOrder], [HelpDescription], [IsCategory], [CreatedBy], [CreatedDate], [ModifiedBy], [ModifiedDate]) VALUES (251, NULL, 5, N'DisplayOrder', 1, 0, 0, 1, 0, 0, 6, N'Display Order ', 0, 2, CAST(N'2016-04-13 09:22:40.520' AS DateTime), 2, CAST(N'2016-04-13 09:22:40.520' AS DateTime))
INSERT [dbo].[ZnodePimAttribute] ([PimAttributeId], [ParentPimAttributeId], [AttributeTypeId], [AttributeCode], [IsRequired], [IsLocalizable], [IsFilterable], [IsSystemDefined], [IsConfigurable], [IsPersonalizable], [DisplayOrder], [HelpDescription], [IsCategory], [CreatedBy], [CreatedDate], [ModifiedBy], [ModifiedDate]) VALUES (252, NULL, 8, N'AddOn', 0, 0, 0, 1, 1, 0, 8, N'Add-on', 0, 2, CAST(N'2016-04-13 09:23:42.473' AS DateTime), 2, CAST(N'2016-04-13 09:23:42.473' AS DateTime))
INSERT [dbo].[ZnodePimAttribute] ([PimAttributeId], [ParentPimAttributeId], [AttributeTypeId], [AttributeCode], [IsRequired], [IsLocalizable], [IsFilterable], [IsSystemDefined], [IsConfigurable], [IsPersonalizable], [DisplayOrder], [HelpDescription], [IsCategory], [CreatedBy], [CreatedDate], [ModifiedBy], [ModifiedDate]) VALUES (254, NULL, 6, N'Assortment', 0, 0, 0, 1, 0, 0, 7, N'Assortment', 0, 2, CAST(N'2016-04-13 09:42:27.487' AS DateTime), 2, CAST(N'2016-04-13 09:42:27.487' AS DateTime))
INSERT [dbo].[ZnodePimAttribute] ([PimAttributeId], [ParentPimAttributeId], [AttributeTypeId], [AttributeCode], [IsRequired], [IsLocalizable], [IsFilterable], [IsSystemDefined], [IsConfigurable], [IsPersonalizable], [DisplayOrder], [HelpDescription], [IsCategory], [CreatedBy], [CreatedDate], [ModifiedBy], [ModifiedDate]) VALUES (264, NULL, 5, N'Name', 1, 0, 0, 1, 0, 0, 1, N'Name', 0, 2, CAST(N'2016-04-13 11:08:41.883' AS DateTime), 2, CAST(N'2016-04-13 11:08:41.883' AS DateTime))
INSERT [dbo].[ZnodePimAttribute] ([PimAttributeId], [ParentPimAttributeId], [AttributeTypeId], [AttributeCode], [IsRequired], [IsLocalizable], [IsFilterable], [IsSystemDefined], [IsConfigurable], [IsPersonalizable], [DisplayOrder], [HelpDescription], [IsCategory], [CreatedBy], [CreatedDate], [ModifiedBy], [ModifiedDate]) VALUES (265, NULL, 9, N'ShortDescription', 0, 0, 0, 1, 0, 0, 1, N'Short Description :', 1, 2, CAST(N'2016-04-21 13:31:55.697' AS DateTime), 2, CAST(N'2016-04-21 13:32:10.330' AS DateTime))
INSERT [dbo].[ZnodePimAttribute] ([PimAttributeId], [ParentPimAttributeId], [AttributeTypeId], [AttributeCode], [IsRequired], [IsLocalizable], [IsFilterable], [IsSystemDefined], [IsConfigurable], [IsPersonalizable], [DisplayOrder], [HelpDescription], [IsCategory], [CreatedBy], [CreatedDate], [ModifiedBy], [ModifiedDate]) VALUES (266, NULL, 9, N'LongDescription', 0, 0, 0, 1, 0, 0, 2, N'Long Description', 1, 2, CAST(N'2016-04-21 13:32:37.857' AS DateTime), 2, CAST(N'2016-04-21 13:32:46.527' AS DateTime))
INSERT [dbo].[ZnodePimAttribute] ([PimAttributeId], [ParentPimAttributeId], [AttributeTypeId], [AttributeCode], [IsRequired], [IsLocalizable], [IsFilterable], [IsSystemDefined], [IsConfigurable], [IsPersonalizable], [DisplayOrder], [HelpDescription], [IsCategory], [CreatedBy], [CreatedDate], [ModifiedBy], [ModifiedDate]) VALUES (267, NULL, 9, N'AdditionalDescription', 0, 0, 0, 1, 0, 0, 3, N'Additional Description', 1, 2, CAST(N'2016-04-21 13:33:39.770' AS DateTime), 2, CAST(N'2016-04-21 13:33:39.770' AS DateTime))
INSERT [dbo].[ZnodePimAttribute] ([PimAttributeId], [ParentPimAttributeId], [AttributeTypeId], [AttributeCode], [IsRequired], [IsLocalizable], [IsFilterable], [IsSystemDefined], [IsConfigurable], [IsPersonalizable], [DisplayOrder], [HelpDescription], [IsCategory], [CreatedBy], [CreatedDate], [ModifiedBy], [ModifiedDate]) VALUES (268, NULL, 9, N'CategoryBanner', 0, 0, 0, 1, 1, 0, 4, N'Category Banner', 1, 2, CAST(N'2016-04-21 13:34:24.570' AS DateTime), 2, CAST(N'2016-04-21 13:34:24.570' AS DateTime))
INSERT [dbo].[ZnodePimAttribute] ([PimAttributeId], [ParentPimAttributeId], [AttributeTypeId], [AttributeCode], [IsRequired], [IsLocalizable], [IsFilterable], [IsSystemDefined], [IsConfigurable], [IsPersonalizable], [DisplayOrder], [HelpDescription], [IsCategory], [CreatedBy], [CreatedDate], [ModifiedBy], [ModifiedDate]) VALUES (269, NULL, 5, N'CategoryName', 1, 0, 0, 1, 1, 0, 1, N'Category Name', 1, 2, CAST(N'2016-04-21 13:35:04.153' AS DateTime), 2, CAST(N'2016-04-21 13:35:04.153' AS DateTime))
INSERT [dbo].[ZnodePimAttribute] ([PimAttributeId], [ParentPimAttributeId], [AttributeTypeId], [AttributeCode], [IsRequired], [IsLocalizable], [IsFilterable], [IsSystemDefined], [IsConfigurable], [IsPersonalizable], [DisplayOrder], [HelpDescription], [IsCategory], [CreatedBy], [CreatedDate], [ModifiedBy], [ModifiedDate]) VALUES (270, NULL, 5, N'CategoryTitle', 1, 0, 0, 1, 0, 0, 2, N'Category Title ', 1, 2, CAST(N'2016-04-21 13:35:40.993' AS DateTime), 2, CAST(N'2016-04-21 13:35:40.993' AS DateTime))
INSERT [dbo].[ZnodePimAttribute] ([PimAttributeId], [ParentPimAttributeId], [AttributeTypeId], [AttributeCode], [IsRequired], [IsLocalizable], [IsFilterable], [IsSystemDefined], [IsConfigurable], [IsPersonalizable], [DisplayOrder], [HelpDescription], [IsCategory], [CreatedBy], [CreatedDate], [ModifiedBy], [ModifiedDate]) VALUES (271, NULL, 5, N'DisplayOrderCategory', 1, 0, 0, 0, 0, 0, 3, N'Display Order', 1, 0, CAST(N'2016-04-21 13:36:35.213' AS DateTime), 2, CAST(N'2016-05-05 13:51:55.587' AS DateTime))
INSERT [dbo].[ZnodePimAttribute] ([PimAttributeId], [ParentPimAttributeId], [AttributeTypeId], [AttributeCode], [IsRequired], [IsLocalizable], [IsFilterable], [IsSystemDefined], [IsConfigurable], [IsPersonalizable], [DisplayOrder], [HelpDescription], [IsCategory], [CreatedBy], [CreatedDate], [ModifiedBy], [ModifiedDate]) VALUES (272, NULL, 8, N'ChildCategories', 0, 0, 0, 1, 1, 0, 4, N'Child Categories', 1, 2, CAST(N'2016-04-21 13:38:07.813' AS DateTime), 2, CAST(N'2016-04-21 13:38:07.813' AS DateTime))
INSERT [dbo].[ZnodePimAttribute] ([PimAttributeId], [ParentPimAttributeId], [AttributeTypeId], [AttributeCode], [IsRequired], [IsLocalizable], [IsFilterable], [IsSystemDefined], [IsConfigurable], [IsPersonalizable], [DisplayOrder], [HelpDescription], [IsCategory], [CreatedBy], [CreatedDate], [ModifiedBy], [ModifiedDate]) VALUES (273, NULL, 4, N'SelectImage', 0, 0, 0, 1, 0, 0, 5, N'Select Image ', 1, 2, CAST(N'2016-04-21 13:41:27.267' AS DateTime), 2, CAST(N'2016-04-21 13:41:27.267' AS DateTime))
INSERT [dbo].[ZnodePimAttribute] ([PimAttributeId], [ParentPimAttributeId], [AttributeTypeId], [AttributeCode], [IsRequired], [IsLocalizable], [IsFilterable], [IsSystemDefined], [IsConfigurable], [IsPersonalizable], [DisplayOrder], [HelpDescription], [IsCategory], [CreatedBy], [CreatedDate], [ModifiedBy], [ModifiedDate]) VALUES (274, NULL, 5, N'ImageAltText', 0, 0, 0, 1, 0, 0, 6, N'Image Alt Text', 1, 2, CAST(N'2016-04-21 13:43:10.687' AS DateTime), 2, CAST(N'2016-04-21 13:43:10.687' AS DateTime))
INSERT [dbo].[ZnodePimAttribute] ([PimAttributeId], [ParentPimAttributeId], [AttributeTypeId], [AttributeCode], [IsRequired], [IsLocalizable], [IsFilterable], [IsSystemDefined], [IsConfigurable], [IsPersonalizable], [DisplayOrder], [HelpDescription], [IsCategory], [CreatedBy], [CreatedDate], [ModifiedBy], [ModifiedDate]) VALUES (275, NULL, 4, N'GalleryImages', 0, 0, 0, 1, 0, 0, NULL, N'', 0, 2, CAST(N'2016-03-31 11:15:33.627' AS DateTime), 2, CAST(N'2016-03-31 11:34:43.900' AS DateTime))
SET IDENTITY_INSERT [dbo].[ZnodePimAttribute] OFF
SET IDENTITY_INSERT [dbo].[ZnodePimAttributeDefaultValue] ON 

INSERT [dbo].[ZnodePimAttributeDefaultValue] ([PimAttributeDefaultValueId], [PimAttributeId], [IsEditable], [CreatedBy], [CreatedDate], [ModifiedBy], [ModifiedDate]) VALUES (14, 93, NULL, 2, CAST(N'2016-03-31 10:31:21.837' AS DateTime), 2, CAST(N'2016-03-31 10:31:41.333' AS DateTime))
INSERT [dbo].[ZnodePimAttributeDefaultValue] ([PimAttributeDefaultValueId], [PimAttributeId], [IsEditable], [CreatedBy], [CreatedDate], [ModifiedBy], [ModifiedDate]) VALUES (151, 245, NULL, 2, CAST(N'2016-04-13 08:54:40.283' AS DateTime), 2, CAST(N'2016-04-13 08:54:40.283' AS DateTime))
INSERT [dbo].[ZnodePimAttributeDefaultValue] ([PimAttributeDefaultValueId], [PimAttributeId], [IsEditable], [CreatedBy], [CreatedDate], [ModifiedBy], [ModifiedDate]) VALUES (152, 245, NULL, 2, CAST(N'2016-04-13 08:55:11.697' AS DateTime), 2, CAST(N'2016-04-13 08:55:11.697' AS DateTime))
INSERT [dbo].[ZnodePimAttributeDefaultValue] ([PimAttributeDefaultValueId], [PimAttributeId], [IsEditable], [CreatedBy], [CreatedDate], [ModifiedBy], [ModifiedDate]) VALUES (153, 245, NULL, 2, CAST(N'2016-04-13 08:56:11.510' AS DateTime), 2, CAST(N'2016-04-13 08:56:11.510' AS DateTime))
INSERT [dbo].[ZnodePimAttributeDefaultValue] ([PimAttributeDefaultValueId], [PimAttributeId], [IsEditable], [CreatedBy], [CreatedDate], [ModifiedBy], [ModifiedDate]) VALUES (154, 245, NULL, 2, CAST(N'2016-04-13 08:56:37.897' AS DateTime), 2, CAST(N'2016-04-13 08:56:37.897' AS DateTime))
INSERT [dbo].[ZnodePimAttributeDefaultValue] ([PimAttributeDefaultValueId], [PimAttributeId], [IsEditable], [CreatedBy], [CreatedDate], [ModifiedBy], [ModifiedDate]) VALUES (155, 247, NULL, 2, CAST(N'2016-04-13 08:57:52.663' AS DateTime), 2, CAST(N'2016-04-13 08:59:02.413' AS DateTime))
INSERT [dbo].[ZnodePimAttributeDefaultValue] ([PimAttributeDefaultValueId], [PimAttributeId], [IsEditable], [CreatedBy], [CreatedDate], [ModifiedBy], [ModifiedDate]) VALUES (160, 254, NULL, 2, CAST(N'2016-04-13 09:42:27.487' AS DateTime), 2, CAST(N'2016-04-13 09:42:27.487' AS DateTime))
INSERT [dbo].[ZnodePimAttributeDefaultValue] ([PimAttributeDefaultValueId], [PimAttributeId], [IsEditable], [CreatedBy], [CreatedDate], [ModifiedBy], [ModifiedDate]) VALUES (161, 254, NULL, 2, CAST(N'2016-04-13 09:42:27.487' AS DateTime), 2, CAST(N'2016-04-13 09:42:27.487' AS DateTime))
INSERT [dbo].[ZnodePimAttributeDefaultValue] ([PimAttributeDefaultValueId], [PimAttributeId], [IsEditable], [CreatedBy], [CreatedDate], [ModifiedBy], [ModifiedDate]) VALUES (194, 254, NULL, 2, CAST(N'2016-04-13 10:26:59.937' AS DateTime), 2, CAST(N'2016-04-13 10:26:59.937' AS DateTime))
INSERT [dbo].[ZnodePimAttributeDefaultValue] ([PimAttributeDefaultValueId], [PimAttributeId], [IsEditable], [CreatedBy], [CreatedDate], [ModifiedBy], [ModifiedDate]) VALUES (196, 254, NULL, 2, CAST(N'2016-04-13 10:29:08.913' AS DateTime), 2, CAST(N'2016-04-13 10:29:08.913' AS DateTime))
SET IDENTITY_INSERT [dbo].[ZnodePimAttributeDefaultValue] OFF
SET IDENTITY_INSERT [dbo].[ZnodePimAttributeGroup] ON 

INSERT [dbo].[ZnodePimAttributeGroup] ([PimAttributeGroupId], [GroupCode], [IsSystemDefined], [IsCategory], [DisplayOrder], [CreatedBy], [CreatedDate], [ModifiedBy], [ModifiedDate]) VALUES (74, N'ProductInfo', 1, 0, 1, 2, CAST(N'2016-04-13 07:26:00.657' AS DateTime), 2, CAST(N'2016-04-13 07:26:00.657' AS DateTime))
INSERT [dbo].[ZnodePimAttributeGroup] ([PimAttributeGroupId], [GroupCode], [IsSystemDefined], [IsCategory], [DisplayOrder], [CreatedBy], [CreatedDate], [ModifiedBy], [ModifiedDate]) VALUES (83, N'Image', 1, 0, 4, 2, CAST(N'2016-04-13 11:01:13.597' AS DateTime), 2, CAST(N'2016-04-13 11:01:13.597' AS DateTime))
INSERT [dbo].[ZnodePimAttributeGroup] ([PimAttributeGroupId], [GroupCode], [IsSystemDefined], [IsCategory], [DisplayOrder], [CreatedBy], [CreatedDate], [ModifiedBy], [ModifiedDate]) VALUES (84, N'GalleryImages', 1, 0, 5, 2, CAST(N'2016-04-13 11:07:25.773' AS DateTime), 2, CAST(N'2016-04-13 11:07:25.773' AS DateTime))
INSERT [dbo].[ZnodePimAttributeGroup] ([PimAttributeGroupId], [GroupCode], [IsSystemDefined], [IsCategory], [DisplayOrder], [CreatedBy], [CreatedDate], [ModifiedBy], [ModifiedDate]) VALUES (85, N'Personalization', 1, 0, 6, 2, CAST(N'2016-04-13 11:08:09.370' AS DateTime), 2, CAST(N'2016-04-13 11:08:09.370' AS DateTime))
INSERT [dbo].[ZnodePimAttributeGroup] ([PimAttributeGroupId], [GroupCode], [IsSystemDefined], [IsCategory], [DisplayOrder], [CreatedBy], [CreatedDate], [ModifiedBy], [ModifiedDate]) VALUES (86, N'RelatedProducts', 1, 0, 7, 2, CAST(N'2016-04-13 11:15:27.890' AS DateTime), 2, CAST(N'2016-04-13 11:15:27.890' AS DateTime))
INSERT [dbo].[ZnodePimAttributeGroup] ([PimAttributeGroupId], [GroupCode], [IsSystemDefined], [IsCategory], [DisplayOrder], [CreatedBy], [CreatedDate], [ModifiedBy], [ModifiedDate]) VALUES (87, N'CustomFields', 1, 0, 8, 2, CAST(N'2016-04-13 11:16:44.997' AS DateTime), 2, CAST(N'2016-04-13 11:16:44.997' AS DateTime))
INSERT [dbo].[ZnodePimAttributeGroup] ([PimAttributeGroupId], [GroupCode], [IsSystemDefined], [IsCategory], [DisplayOrder], [CreatedBy], [CreatedDate], [ModifiedBy], [ModifiedDate]) VALUES (88, N' Add-on', 1, 0, 9, 2, CAST(N'2016-04-13 11:17:52.453' AS DateTime), 2, CAST(N'2016-04-13 11:17:52.453' AS DateTime))
INSERT [dbo].[ZnodePimAttributeGroup] ([PimAttributeGroupId], [GroupCode], [IsSystemDefined], [IsCategory], [DisplayOrder], [CreatedBy], [CreatedDate], [ModifiedBy], [ModifiedDate]) VALUES (109, N'AssociatedProducts', 0, 0, NULL, 2, CAST(N'2016-04-18 10:59:14.187' AS DateTime), 2, CAST(N'2016-04-18 10:59:14.187' AS DateTime))
INSERT [dbo].[ZnodePimAttributeGroup] ([PimAttributeGroupId], [GroupCode], [IsSystemDefined], [IsCategory], [DisplayOrder], [CreatedBy], [CreatedDate], [ModifiedBy], [ModifiedDate]) VALUES (110, N'GeneralInfo', 1, 1, 1, 2, CAST(N'2016-04-21 13:30:26.483' AS DateTime), 2, CAST(N'2016-04-21 13:30:26.483' AS DateTime))
INSERT [dbo].[ZnodePimAttributeGroup] ([PimAttributeGroupId], [GroupCode], [IsSystemDefined], [IsCategory], [DisplayOrder], [CreatedBy], [CreatedDate], [ModifiedBy], [ModifiedDate]) VALUES (111, N'Descriptions', 1, 1, 2, 2, CAST(N'2016-04-21 13:31:02.483' AS DateTime), 2, CAST(N'2016-04-21 13:56:09.007' AS DateTime))
SET IDENTITY_INSERT [dbo].[ZnodePimAttributeGroup] OFF
SET IDENTITY_INSERT [dbo].[ZnodePimAttributeGroupMapper] ON 

INSERT [dbo].[ZnodePimAttributeGroupMapper] ([PimAttributeGroupMapperId], [PimAttributeGroupId], [PimAttributeId], [AttributeDisplayOrder], [IsSystemDefined], [CreatedBy], [CreatedDate], [ModifiedBy], [ModifiedDate]) VALUES (142, 74, 93, NULL, 1, 2, CAST(N'2016-04-13 09:32:41.560' AS DateTime), 2, CAST(N'2016-04-13 09:32:41.560' AS DateTime))
INSERT [dbo].[ZnodePimAttributeGroupMapper] ([PimAttributeGroupMapperId], [PimAttributeGroupId], [PimAttributeId], [AttributeDisplayOrder], [IsSystemDefined], [CreatedBy], [CreatedDate], [ModifiedBy], [ModifiedDate]) VALUES (143, 74, 245, NULL, 1, 2, CAST(N'2016-04-13 09:32:41.560' AS DateTime), 2, CAST(N'2016-04-13 09:32:41.560' AS DateTime))
INSERT [dbo].[ZnodePimAttributeGroupMapper] ([PimAttributeGroupMapperId], [PimAttributeGroupId], [PimAttributeId], [AttributeDisplayOrder], [IsSystemDefined], [CreatedBy], [CreatedDate], [ModifiedBy], [ModifiedDate]) VALUES (144, 74, 248, NULL, 1, 2, CAST(N'2016-04-13 09:32:41.560' AS DateTime), 2, CAST(N'2016-04-13 09:32:41.560' AS DateTime))
INSERT [dbo].[ZnodePimAttributeGroupMapper] ([PimAttributeGroupMapperId], [PimAttributeGroupId], [PimAttributeId], [AttributeDisplayOrder], [IsSystemDefined], [CreatedBy], [CreatedDate], [ModifiedBy], [ModifiedDate]) VALUES (145, 74, 250, NULL, 1, 2, CAST(N'2016-04-13 09:32:41.560' AS DateTime), 2, CAST(N'2016-04-13 09:32:41.560' AS DateTime))
INSERT [dbo].[ZnodePimAttributeGroupMapper] ([PimAttributeGroupMapperId], [PimAttributeGroupId], [PimAttributeId], [AttributeDisplayOrder], [IsSystemDefined], [CreatedBy], [CreatedDate], [ModifiedBy], [ModifiedDate]) VALUES (146, 74, 251, NULL, 1, 2, CAST(N'2016-04-13 09:32:41.560' AS DateTime), 2, CAST(N'2016-04-13 09:32:41.560' AS DateTime))
INSERT [dbo].[ZnodePimAttributeGroupMapper] ([PimAttributeGroupMapperId], [PimAttributeGroupId], [PimAttributeId], [AttributeDisplayOrder], [IsSystemDefined], [CreatedBy], [CreatedDate], [ModifiedBy], [ModifiedDate]) VALUES (147, 74, 252, NULL, 1, 2, CAST(N'2016-04-13 09:32:41.560' AS DateTime), 2, CAST(N'2016-04-13 09:32:41.560' AS DateTime))
INSERT [dbo].[ZnodePimAttributeGroupMapper] ([PimAttributeGroupMapperId], [PimAttributeGroupId], [PimAttributeId], [AttributeDisplayOrder], [IsSystemDefined], [CreatedBy], [CreatedDate], [ModifiedBy], [ModifiedDate]) VALUES (148, 74, 249, NULL, 1, 2, CAST(N'2016-04-13 09:38:26.857' AS DateTime), 2, CAST(N'2016-04-13 09:38:26.857' AS DateTime))
INSERT [dbo].[ZnodePimAttributeGroupMapper] ([PimAttributeGroupMapperId], [PimAttributeGroupId], [PimAttributeId], [AttributeDisplayOrder], [IsSystemDefined], [CreatedBy], [CreatedDate], [ModifiedBy], [ModifiedDate]) VALUES (149, 74, 254, NULL, 1, 2, CAST(N'2016-04-13 09:42:47.770' AS DateTime), 2, CAST(N'2016-04-13 09:42:47.770' AS DateTime))
INSERT [dbo].[ZnodePimAttributeGroupMapper] ([PimAttributeGroupMapperId], [PimAttributeGroupId], [PimAttributeId], [AttributeDisplayOrder], [IsSystemDefined], [CreatedBy], [CreatedDate], [ModifiedBy], [ModifiedDate]) VALUES (156, 85, 264, NULL, 1, 2, CAST(N'2016-04-13 11:09:01.087' AS DateTime), 2, CAST(N'2016-04-13 11:09:01.087' AS DateTime))
INSERT [dbo].[ZnodePimAttributeGroupMapper] ([PimAttributeGroupMapperId], [PimAttributeGroupId], [PimAttributeId], [AttributeDisplayOrder], [IsSystemDefined], [CreatedBy], [CreatedDate], [ModifiedBy], [ModifiedDate]) VALUES (1246, 88, 252, NULL, 1, 2, CAST(N'2016-04-19 12:12:27.127' AS DateTime), 2, CAST(N'2016-04-19 12:12:27.127' AS DateTime))
INSERT [dbo].[ZnodePimAttributeGroupMapper] ([PimAttributeGroupMapperId], [PimAttributeGroupId], [PimAttributeId], [AttributeDisplayOrder], [IsSystemDefined], [CreatedBy], [CreatedDate], [ModifiedBy], [ModifiedDate]) VALUES (1247, 111, 265, NULL, 1, 2, CAST(N'2016-04-21 13:56:04.173' AS DateTime), 2, CAST(N'2016-04-21 13:56:04.173' AS DateTime))
INSERT [dbo].[ZnodePimAttributeGroupMapper] ([PimAttributeGroupMapperId], [PimAttributeGroupId], [PimAttributeId], [AttributeDisplayOrder], [IsSystemDefined], [CreatedBy], [CreatedDate], [ModifiedBy], [ModifiedDate]) VALUES (1248, 111, 266, NULL, 1, 2, CAST(N'2016-04-21 13:56:04.173' AS DateTime), 2, CAST(N'2016-04-21 13:56:04.173' AS DateTime))
INSERT [dbo].[ZnodePimAttributeGroupMapper] ([PimAttributeGroupMapperId], [PimAttributeGroupId], [PimAttributeId], [AttributeDisplayOrder], [IsSystemDefined], [CreatedBy], [CreatedDate], [ModifiedBy], [ModifiedDate]) VALUES (1249, 111, 267, NULL, 1, 2, CAST(N'2016-04-21 13:56:04.173' AS DateTime), 2, CAST(N'2016-04-21 13:56:04.173' AS DateTime))
INSERT [dbo].[ZnodePimAttributeGroupMapper] ([PimAttributeGroupMapperId], [PimAttributeGroupId], [PimAttributeId], [AttributeDisplayOrder], [IsSystemDefined], [CreatedBy], [CreatedDate], [ModifiedBy], [ModifiedDate]) VALUES (1250, 111, 268, NULL, 1, 2, CAST(N'2016-04-21 13:56:04.173' AS DateTime), 2, CAST(N'2016-04-21 13:56:04.173' AS DateTime))
INSERT [dbo].[ZnodePimAttributeGroupMapper] ([PimAttributeGroupMapperId], [PimAttributeGroupId], [PimAttributeId], [AttributeDisplayOrder], [IsSystemDefined], [CreatedBy], [CreatedDate], [ModifiedBy], [ModifiedDate]) VALUES (1251, 110, 269, NULL, 1, 2, CAST(N'2016-04-21 13:55:07.120' AS DateTime), 2, CAST(N'2016-04-21 13:55:07.120' AS DateTime))
INSERT [dbo].[ZnodePimAttributeGroupMapper] ([PimAttributeGroupMapperId], [PimAttributeGroupId], [PimAttributeId], [AttributeDisplayOrder], [IsSystemDefined], [CreatedBy], [CreatedDate], [ModifiedBy], [ModifiedDate]) VALUES (1252, 110, 270, NULL, 1, 2, CAST(N'2016-04-21 13:55:07.120' AS DateTime), 2, CAST(N'2016-04-21 13:55:07.120' AS DateTime))
INSERT [dbo].[ZnodePimAttributeGroupMapper] ([PimAttributeGroupMapperId], [PimAttributeGroupId], [PimAttributeId], [AttributeDisplayOrder], [IsSystemDefined], [CreatedBy], [CreatedDate], [ModifiedBy], [ModifiedDate]) VALUES (1253, 110, 271, NULL, 1, 2, CAST(N'2016-04-21 13:55:07.120' AS DateTime), 2, CAST(N'2016-04-21 13:55:07.120' AS DateTime))
INSERT [dbo].[ZnodePimAttributeGroupMapper] ([PimAttributeGroupMapperId], [PimAttributeGroupId], [PimAttributeId], [AttributeDisplayOrder], [IsSystemDefined], [CreatedBy], [CreatedDate], [ModifiedBy], [ModifiedDate]) VALUES (1254, 110, 272, NULL, 1, 2, CAST(N'2016-04-21 13:55:07.120' AS DateTime), 2, CAST(N'2016-04-21 13:55:07.120' AS DateTime))
INSERT [dbo].[ZnodePimAttributeGroupMapper] ([PimAttributeGroupMapperId], [PimAttributeGroupId], [PimAttributeId], [AttributeDisplayOrder], [IsSystemDefined], [CreatedBy], [CreatedDate], [ModifiedBy], [ModifiedDate]) VALUES (1255, 110, 273, NULL, 1, 2, CAST(N'2016-04-21 13:55:07.120' AS DateTime), 2, CAST(N'2016-04-21 13:55:07.120' AS DateTime))
INSERT [dbo].[ZnodePimAttributeGroupMapper] ([PimAttributeGroupMapperId], [PimAttributeGroupId], [PimAttributeId], [AttributeDisplayOrder], [IsSystemDefined], [CreatedBy], [CreatedDate], [ModifiedBy], [ModifiedDate]) VALUES (1256, 110, 274, NULL, 1, 2, CAST(N'2016-04-21 13:55:07.120' AS DateTime), 2, CAST(N'2016-04-21 13:55:07.120' AS DateTime))
INSERT [dbo].[ZnodePimAttributeGroupMapper] ([PimAttributeGroupMapperId], [PimAttributeGroupId], [PimAttributeId], [AttributeDisplayOrder], [IsSystemDefined], [CreatedBy], [CreatedDate], [ModifiedBy], [ModifiedDate]) VALUES (1258, 83, 94, NULL, 1, 2, CAST(N'2016-05-06 11:01:46.777' AS DateTime), 2, CAST(N'2016-05-06 11:01:46.777' AS DateTime))
INSERT [dbo].[ZnodePimAttributeGroupMapper] ([PimAttributeGroupMapperId], [PimAttributeGroupId], [PimAttributeId], [AttributeDisplayOrder], [IsSystemDefined], [CreatedBy], [CreatedDate], [ModifiedBy], [ModifiedDate]) VALUES (1259, 84, 275, NULL, 1, 2, CAST(N'2016-05-06 11:01:46.777' AS DateTime), 2, CAST(N'2016-05-06 11:01:46.777' AS DateTime))
SET IDENTITY_INSERT [dbo].[ZnodePimAttributeGroupMapper] OFF
SET IDENTITY_INSERT [dbo].[ZnodePimAttributeLocale] ON 

INSERT [dbo].[ZnodePimAttributeLocale] ([PimAttributeLocaleId], [LocaleId], [PimAttributeId], [AttributeName], [Description], [CreatedBy], [CreatedDate], [ModifiedBy], [ModifiedDate]) VALUES (17, 1, 93, N'Product Name', NULL, 2, CAST(N'2016-03-31 10:21:26.443' AS DateTime), 2, CAST(N'2016-04-19 13:18:48.213' AS DateTime))
INSERT [dbo].[ZnodePimAttributeLocale] ([PimAttributeLocaleId], [LocaleId], [PimAttributeId], [AttributeName], [Description], [CreatedBy], [CreatedDate], [ModifiedBy], [ModifiedDate]) VALUES (18, 2, 93, N'Product Name-FR', NULL, 2, CAST(N'2016-03-31 10:21:26.483' AS DateTime), 2, CAST(N'2016-04-19 13:18:48.247' AS DateTime))
INSERT [dbo].[ZnodePimAttributeLocale] ([PimAttributeLocaleId], [LocaleId], [PimAttributeId], [AttributeName], [Description], [CreatedBy], [CreatedDate], [ModifiedBy], [ModifiedDate]) VALUES (19, 7, 93, N'jhk', NULL, 2, CAST(N'2016-03-31 10:21:26.513' AS DateTime), 2, CAST(N'2016-04-19 13:18:48.273' AS DateTime))
INSERT [dbo].[ZnodePimAttributeLocale] ([PimAttributeLocaleId], [LocaleId], [PimAttributeId], [AttributeName], [Description], [CreatedBy], [CreatedDate], [ModifiedBy], [ModifiedDate]) VALUES (20, 1, 94, N'Product Image', NULL, 2, CAST(N'2016-03-31 11:24:21.900' AS DateTime), 2, CAST(N'2016-03-31 11:34:44.180' AS DateTime))
INSERT [dbo].[ZnodePimAttributeLocale] ([PimAttributeLocaleId], [LocaleId], [PimAttributeId], [AttributeName], [Description], [CreatedBy], [CreatedDate], [ModifiedBy], [ModifiedDate]) VALUES (21, 2, 94, N' Image du produit', NULL, 2, CAST(N'2016-03-31 11:24:21.920' AS DateTime), 2, CAST(N'2016-03-31 11:34:44.210' AS DateTime))
INSERT [dbo].[ZnodePimAttributeLocale] ([PimAttributeLocaleId], [LocaleId], [PimAttributeId], [AttributeName], [Description], [CreatedBy], [CreatedDate], [ModifiedBy], [ModifiedDate]) VALUES (22, 7, 94, N'Artikelbild', NULL, 2, CAST(N'2016-03-31 11:24:21.933' AS DateTime), 2, CAST(N'2016-03-31 11:34:44.260' AS DateTime))
INSERT [dbo].[ZnodePimAttributeLocale] ([PimAttributeLocaleId], [LocaleId], [PimAttributeId], [AttributeName], [Description], [CreatedBy], [CreatedDate], [ModifiedBy], [ModifiedDate]) VALUES (58, 8, 93, N'hjgkhk', NULL, 2, CAST(N'2016-04-04 09:24:20.877' AS DateTime), 2, CAST(N'2016-04-19 13:18:48.313' AS DateTime))
INSERT [dbo].[ZnodePimAttributeLocale] ([PimAttributeLocaleId], [LocaleId], [PimAttributeId], [AttributeName], [Description], [CreatedBy], [CreatedDate], [ModifiedBy], [ModifiedDate]) VALUES (304, 1, 245, N'Product Type', NULL, 2, CAST(N'2016-04-13 07:31:03.410' AS DateTime), 2, CAST(N'2016-04-20 09:47:15.390' AS DateTime))
INSERT [dbo].[ZnodePimAttributeLocale] ([PimAttributeLocaleId], [LocaleId], [PimAttributeId], [AttributeName], [Description], [CreatedBy], [CreatedDate], [ModifiedBy], [ModifiedDate]) VALUES (305, 2, 245, N'Product Type-FR', NULL, 2, CAST(N'2016-04-13 07:31:03.440' AS DateTime), 2, CAST(N'2016-04-20 09:47:15.417' AS DateTime))
INSERT [dbo].[ZnodePimAttributeLocale] ([PimAttributeLocaleId], [LocaleId], [PimAttributeId], [AttributeName], [Description], [CreatedBy], [CreatedDate], [ModifiedBy], [ModifiedDate]) VALUES (308, 1, 247, N'MultiselectDem', NULL, 2, CAST(N'2016-04-13 08:57:44.167' AS DateTime), 2, CAST(N'2016-04-13 08:57:44.167' AS DateTime))
INSERT [dbo].[ZnodePimAttributeLocale] ([PimAttributeLocaleId], [LocaleId], [PimAttributeId], [AttributeName], [Description], [CreatedBy], [CreatedDate], [ModifiedBy], [ModifiedDate]) VALUES (309, 2, 247, N'MultiselectDem', NULL, 2, CAST(N'2016-04-13 08:57:44.183' AS DateTime), 2, CAST(N'2016-04-13 08:57:44.183' AS DateTime))
INSERT [dbo].[ZnodePimAttributeLocale] ([PimAttributeLocaleId], [LocaleId], [PimAttributeId], [AttributeName], [Description], [CreatedBy], [CreatedDate], [ModifiedBy], [ModifiedDate]) VALUES (310, 1, 248, N'SKU', NULL, 2, CAST(N'2016-04-13 09:16:50.943' AS DateTime), 2, CAST(N'2016-04-20 09:31:23.030' AS DateTime))
INSERT [dbo].[ZnodePimAttributeLocale] ([PimAttributeLocaleId], [LocaleId], [PimAttributeId], [AttributeName], [Description], [CreatedBy], [CreatedDate], [ModifiedBy], [ModifiedDate]) VALUES (311, 2, 248, N'SKU-FR', NULL, 2, CAST(N'2016-04-13 09:16:50.967' AS DateTime), 2, CAST(N'2016-04-20 09:31:23.053' AS DateTime))
INSERT [dbo].[ZnodePimAttributeLocale] ([PimAttributeLocaleId], [LocaleId], [PimAttributeId], [AttributeName], [Description], [CreatedBy], [CreatedDate], [ModifiedBy], [ModifiedDate]) VALUES (312, 1, 249, N'Product Code', NULL, 2, CAST(N'2016-04-13 09:17:56.617' AS DateTime), 2, CAST(N'2016-04-13 09:17:56.617' AS DateTime))
INSERT [dbo].[ZnodePimAttributeLocale] ([PimAttributeLocaleId], [LocaleId], [PimAttributeId], [AttributeName], [Description], [CreatedBy], [CreatedDate], [ModifiedBy], [ModifiedDate]) VALUES (313, 2, 249, N'Product Code-FR', NULL, 2, CAST(N'2016-04-13 09:17:56.640' AS DateTime), 2, CAST(N'2016-04-13 09:17:56.640' AS DateTime))
INSERT [dbo].[ZnodePimAttributeLocale] ([PimAttributeLocaleId], [LocaleId], [PimAttributeId], [AttributeName], [Description], [CreatedBy], [CreatedDate], [ModifiedBy], [ModifiedDate]) VALUES (314, 1, 250, N'Description ', NULL, 2, CAST(N'2016-04-13 09:20:53.867' AS DateTime), 2, CAST(N'2016-04-13 09:20:53.867' AS DateTime))
INSERT [dbo].[ZnodePimAttributeLocale] ([PimAttributeLocaleId], [LocaleId], [PimAttributeId], [AttributeName], [Description], [CreatedBy], [CreatedDate], [ModifiedBy], [ModifiedDate]) VALUES (315, 2, 250, N'Description -FR', NULL, 2, CAST(N'2016-04-13 09:20:53.887' AS DateTime), 2, CAST(N'2016-04-13 09:20:53.887' AS DateTime))
INSERT [dbo].[ZnodePimAttributeLocale] ([PimAttributeLocaleId], [LocaleId], [PimAttributeId], [AttributeName], [Description], [CreatedBy], [CreatedDate], [ModifiedBy], [ModifiedDate]) VALUES (316, 1, 251, N'Display Order ', NULL, 2, CAST(N'2016-04-13 09:22:40.653' AS DateTime), 2, CAST(N'2016-04-13 09:22:40.653' AS DateTime))
INSERT [dbo].[ZnodePimAttributeLocale] ([PimAttributeLocaleId], [LocaleId], [PimAttributeId], [AttributeName], [Description], [CreatedBy], [CreatedDate], [ModifiedBy], [ModifiedDate]) VALUES (317, 2, 251, N'Display Order-FR', NULL, 2, CAST(N'2016-04-13 09:22:40.683' AS DateTime), 2, CAST(N'2016-04-13 09:22:40.683' AS DateTime))
INSERT [dbo].[ZnodePimAttributeLocale] ([PimAttributeLocaleId], [LocaleId], [PimAttributeId], [AttributeName], [Description], [CreatedBy], [CreatedDate], [ModifiedBy], [ModifiedDate]) VALUES (318, 1, 252, N'Add-on', NULL, 2, CAST(N'2016-04-13 09:23:42.557' AS DateTime), 2, CAST(N'2016-04-13 09:23:42.557' AS DateTime))
INSERT [dbo].[ZnodePimAttributeLocale] ([PimAttributeLocaleId], [LocaleId], [PimAttributeId], [AttributeName], [Description], [CreatedBy], [CreatedDate], [ModifiedBy], [ModifiedDate]) VALUES (319, 2, 252, N'Add-on-FR', NULL, 2, CAST(N'2016-04-13 09:23:42.580' AS DateTime), 2, CAST(N'2016-04-13 09:23:42.580' AS DateTime))
INSERT [dbo].[ZnodePimAttributeLocale] ([PimAttributeLocaleId], [LocaleId], [PimAttributeId], [AttributeName], [Description], [CreatedBy], [CreatedDate], [ModifiedBy], [ModifiedDate]) VALUES (322, 1, 254, N'Assortment', NULL, 2, CAST(N'2016-04-13 09:42:27.613' AS DateTime), 2, CAST(N'2016-04-14 11:59:50.833' AS DateTime))
INSERT [dbo].[ZnodePimAttributeLocale] ([PimAttributeLocaleId], [LocaleId], [PimAttributeId], [AttributeName], [Description], [CreatedBy], [CreatedDate], [ModifiedBy], [ModifiedDate]) VALUES (323, 2, 254, N'Assortment-FR', NULL, 2, CAST(N'2016-04-13 09:42:27.637' AS DateTime), 2, CAST(N'2016-04-14 11:59:50.840' AS DateTime))
INSERT [dbo].[ZnodePimAttributeLocale] ([PimAttributeLocaleId], [LocaleId], [PimAttributeId], [AttributeName], [Description], [CreatedBy], [CreatedDate], [ModifiedBy], [ModifiedDate]) VALUES (337, 1, 264, N'Name', NULL, 2, CAST(N'2016-04-13 11:08:41.973' AS DateTime), 2, CAST(N'2016-04-13 11:08:41.973' AS DateTime))
INSERT [dbo].[ZnodePimAttributeLocale] ([PimAttributeLocaleId], [LocaleId], [PimAttributeId], [AttributeName], [Description], [CreatedBy], [CreatedDate], [ModifiedBy], [ModifiedDate]) VALUES (338, 2, 264, N'Name-FR', NULL, 2, CAST(N'2016-04-13 11:08:42.000' AS DateTime), 2, CAST(N'2016-04-13 11:08:42.000' AS DateTime))
INSERT [dbo].[ZnodePimAttributeLocale] ([PimAttributeLocaleId], [LocaleId], [PimAttributeId], [AttributeName], [Description], [CreatedBy], [CreatedDate], [ModifiedBy], [ModifiedDate]) VALUES (340, 1, 265, N'Short Description', NULL, 2, CAST(N'2016-04-21 13:31:55.790' AS DateTime), 2, CAST(N'2016-04-21 13:32:10.420' AS DateTime))
INSERT [dbo].[ZnodePimAttributeLocale] ([PimAttributeLocaleId], [LocaleId], [PimAttributeId], [AttributeName], [Description], [CreatedBy], [CreatedDate], [ModifiedBy], [ModifiedDate]) VALUES (341, 2, 265, N'Short Description -FR', NULL, 2, CAST(N'2016-04-21 13:32:10.447' AS DateTime), 2, CAST(N'2016-04-21 13:32:10.447' AS DateTime))
INSERT [dbo].[ZnodePimAttributeLocale] ([PimAttributeLocaleId], [LocaleId], [PimAttributeId], [AttributeName], [Description], [CreatedBy], [CreatedDate], [ModifiedBy], [ModifiedDate]) VALUES (342, 1, 266, N'Long Description', NULL, 2, CAST(N'2016-04-21 13:32:37.953' AS DateTime), 2, CAST(N'2016-04-21 13:32:46.617' AS DateTime))
INSERT [dbo].[ZnodePimAttributeLocale] ([PimAttributeLocaleId], [LocaleId], [PimAttributeId], [AttributeName], [Description], [CreatedBy], [CreatedDate], [ModifiedBy], [ModifiedDate]) VALUES (343, 2, 266, N'Long Description-FR', NULL, 2, CAST(N'2016-04-21 13:32:46.637' AS DateTime), 2, CAST(N'2016-04-21 13:32:46.637' AS DateTime))
INSERT [dbo].[ZnodePimAttributeLocale] ([PimAttributeLocaleId], [LocaleId], [PimAttributeId], [AttributeName], [Description], [CreatedBy], [CreatedDate], [ModifiedBy], [ModifiedDate]) VALUES (344, 1, 267, N'Additional Description', NULL, 2, CAST(N'2016-04-21 13:33:39.890' AS DateTime), 2, CAST(N'2016-04-21 13:33:39.890' AS DateTime))
INSERT [dbo].[ZnodePimAttributeLocale] ([PimAttributeLocaleId], [LocaleId], [PimAttributeId], [AttributeName], [Description], [CreatedBy], [CreatedDate], [ModifiedBy], [ModifiedDate]) VALUES (345, 2, 267, N'Additional Description-FR', NULL, 2, CAST(N'2016-04-21 13:33:39.910' AS DateTime), 2, CAST(N'2016-04-21 13:33:39.910' AS DateTime))
INSERT [dbo].[ZnodePimAttributeLocale] ([PimAttributeLocaleId], [LocaleId], [PimAttributeId], [AttributeName], [Description], [CreatedBy], [CreatedDate], [ModifiedBy], [ModifiedDate]) VALUES (346, 1, 268, N'Category Banner', NULL, 2, CAST(N'2016-04-21 13:34:24.663' AS DateTime), 2, CAST(N'2016-04-21 13:34:24.663' AS DateTime))
INSERT [dbo].[ZnodePimAttributeLocale] ([PimAttributeLocaleId], [LocaleId], [PimAttributeId], [AttributeName], [Description], [CreatedBy], [CreatedDate], [ModifiedBy], [ModifiedDate]) VALUES (347, 2, 268, N'Category Banner-FR', NULL, 2, CAST(N'2016-04-21 13:34:24.700' AS DateTime), 2, CAST(N'2016-04-21 13:34:24.700' AS DateTime))
INSERT [dbo].[ZnodePimAttributeLocale] ([PimAttributeLocaleId], [LocaleId], [PimAttributeId], [AttributeName], [Description], [CreatedBy], [CreatedDate], [ModifiedBy], [ModifiedDate]) VALUES (348, 1, 269, N'Category Name', NULL, 2, CAST(N'2016-04-21 13:35:04.250' AS DateTime), 2, CAST(N'2016-04-21 13:35:04.250' AS DateTime))
INSERT [dbo].[ZnodePimAttributeLocale] ([PimAttributeLocaleId], [LocaleId], [PimAttributeId], [AttributeName], [Description], [CreatedBy], [CreatedDate], [ModifiedBy], [ModifiedDate]) VALUES (349, 2, 269, N'Category Name-FR', NULL, 2, CAST(N'2016-04-21 13:35:04.277' AS DateTime), 2, CAST(N'2016-04-21 13:35:04.277' AS DateTime))
INSERT [dbo].[ZnodePimAttributeLocale] ([PimAttributeLocaleId], [LocaleId], [PimAttributeId], [AttributeName], [Description], [CreatedBy], [CreatedDate], [ModifiedBy], [ModifiedDate]) VALUES (350, 1, 270, N'Category Title ', NULL, 2, CAST(N'2016-04-21 13:35:41.090' AS DateTime), 2, CAST(N'2016-04-21 13:35:41.090' AS DateTime))
INSERT [dbo].[ZnodePimAttributeLocale] ([PimAttributeLocaleId], [LocaleId], [PimAttributeId], [AttributeName], [Description], [CreatedBy], [CreatedDate], [ModifiedBy], [ModifiedDate]) VALUES (351, 2, 270, N'Category Title -FR', NULL, 2, CAST(N'2016-04-21 13:35:41.110' AS DateTime), 2, CAST(N'2016-04-21 13:35:41.110' AS DateTime))
INSERT [dbo].[ZnodePimAttributeLocale] ([PimAttributeLocaleId], [LocaleId], [PimAttributeId], [AttributeName], [Description], [CreatedBy], [CreatedDate], [ModifiedBy], [ModifiedDate]) VALUES (352, 1, 272, N'Child Categories', NULL, 2, CAST(N'2016-04-21 13:38:07.907' AS DateTime), 2, CAST(N'2016-04-21 13:38:07.907' AS DateTime))
INSERT [dbo].[ZnodePimAttributeLocale] ([PimAttributeLocaleId], [LocaleId], [PimAttributeId], [AttributeName], [Description], [CreatedBy], [CreatedDate], [ModifiedBy], [ModifiedDate]) VALUES (353, 2, 272, N'Child Categories-FR', NULL, 2, CAST(N'2016-04-21 13:38:07.930' AS DateTime), 2, CAST(N'2016-04-21 13:38:07.930' AS DateTime))
INSERT [dbo].[ZnodePimAttributeLocale] ([PimAttributeLocaleId], [LocaleId], [PimAttributeId], [AttributeName], [Description], [CreatedBy], [CreatedDate], [ModifiedBy], [ModifiedDate]) VALUES (354, 1, 273, N'Select Image ', NULL, 2, CAST(N'2016-04-21 13:41:27.367' AS DateTime), 2, CAST(N'2016-04-21 13:41:27.367' AS DateTime))
INSERT [dbo].[ZnodePimAttributeLocale] ([PimAttributeLocaleId], [LocaleId], [PimAttributeId], [AttributeName], [Description], [CreatedBy], [CreatedDate], [ModifiedBy], [ModifiedDate]) VALUES (355, 2, 273, N'Select Image -FR', NULL, 2, CAST(N'2016-04-21 13:41:27.393' AS DateTime), 2, CAST(N'2016-04-21 13:41:27.393' AS DateTime))
INSERT [dbo].[ZnodePimAttributeLocale] ([PimAttributeLocaleId], [LocaleId], [PimAttributeId], [AttributeName], [Description], [CreatedBy], [CreatedDate], [ModifiedBy], [ModifiedDate]) VALUES (356, 1, 274, N'Image Alt Text ', NULL, 2, CAST(N'2016-04-21 13:43:10.780' AS DateTime), 2, CAST(N'2016-04-21 13:43:10.780' AS DateTime))
INSERT [dbo].[ZnodePimAttributeLocale] ([PimAttributeLocaleId], [LocaleId], [PimAttributeId], [AttributeName], [Description], [CreatedBy], [CreatedDate], [ModifiedBy], [ModifiedDate]) VALUES (357, 2, 274, N'mage Alt Text -FR', NULL, 2, CAST(N'2016-04-21 13:43:10.813' AS DateTime), 2, CAST(N'2016-04-21 13:43:10.813' AS DateTime))
INSERT [dbo].[ZnodePimAttributeLocale] ([PimAttributeLocaleId], [LocaleId], [PimAttributeId], [AttributeName], [Description], [CreatedBy], [CreatedDate], [ModifiedBy], [ModifiedDate]) VALUES (358, 1, 271, N'Display Order', NULL, 2, CAST(N'2016-05-05 13:51:58.793' AS DateTime), 2, CAST(N'2016-05-05 13:51:58.793' AS DateTime))
INSERT [dbo].[ZnodePimAttributeLocale] ([PimAttributeLocaleId], [LocaleId], [PimAttributeId], [AttributeName], [Description], [CreatedBy], [CreatedDate], [ModifiedBy], [ModifiedDate]) VALUES (359, 2, 271, N'Display Order-FR', NULL, 2, CAST(N'2016-05-05 13:52:00.603' AS DateTime), 2, CAST(N'2016-05-05 13:52:00.603' AS DateTime))
SET IDENTITY_INSERT [dbo].[ZnodePimAttributeLocale] OFF
SET IDENTITY_INSERT [dbo].[ZnodeAttributeType] ON 

INSERT [dbo].[ZnodeAttributeType] ([AttributeTypeId], [AttributeTypeName], [CreatedBy], [CreatedDate], [ModifiedBy], [ModifiedDate]) VALUES (1, N'Date', 1, CAST(N'2016-03-09 14:27:36.507' AS DateTime), 1, CAST(N'2016-03-09 14:27:36.507' AS DateTime))
INSERT [dbo].[ZnodeAttributeType] ([AttributeTypeId], [AttributeTypeName], [CreatedBy], [CreatedDate], [ModifiedBy], [ModifiedDate]) VALUES (2, N'File', 1, CAST(N'2016-03-09 14:27:36.507' AS DateTime), 1, CAST(N'2016-03-09 14:27:36.507' AS DateTime))
INSERT [dbo].[ZnodeAttributeType] ([AttributeTypeId], [AttributeTypeName], [CreatedBy], [CreatedDate], [ModifiedBy], [ModifiedDate]) VALUES (3, N'Label', 1, CAST(N'2016-03-09 14:27:36.507' AS DateTime), 1, CAST(N'2016-03-09 14:27:36.507' AS DateTime))
INSERT [dbo].[ZnodeAttributeType] ([AttributeTypeId], [AttributeTypeName], [CreatedBy], [CreatedDate], [ModifiedBy], [ModifiedDate]) VALUES (4, N'Image', 1, CAST(N'2016-03-09 14:27:36.507' AS DateTime), 1, CAST(N'2016-03-09 14:27:36.507' AS DateTime))
INSERT [dbo].[ZnodeAttributeType] ([AttributeTypeId], [AttributeTypeName], [CreatedBy], [CreatedDate], [ModifiedBy], [ModifiedDate]) VALUES (5, N'Text', 1, CAST(N'2016-03-09 14:27:36.507' AS DateTime), 1, CAST(N'2016-03-09 14:27:36.507' AS DateTime))
INSERT [dbo].[ZnodeAttributeType] ([AttributeTypeId], [AttributeTypeName], [CreatedBy], [CreatedDate], [ModifiedBy], [ModifiedDate]) VALUES (6, N'MultiSelect', 1, CAST(N'2016-03-09 14:27:36.507' AS DateTime), 1, CAST(N'2016-03-09 14:27:36.507' AS DateTime))
INSERT [dbo].[ZnodeAttributeType] ([AttributeTypeId], [AttributeTypeName], [CreatedBy], [CreatedDate], [ModifiedBy], [ModifiedDate]) VALUES (8, N'YesNo', 1, CAST(N'2016-03-09 14:27:36.507' AS DateTime), 1, CAST(N'2016-03-09 14:27:36.507' AS DateTime))
INSERT [dbo].[ZnodeAttributeType] ([AttributeTypeId], [AttributeTypeName], [CreatedBy], [CreatedDate], [ModifiedBy], [ModifiedDate]) VALUES (9, N'TextArea', 1, CAST(N'2016-03-09 14:27:36.507' AS DateTime), 1, CAST(N'2016-03-09 14:27:36.507' AS DateTime))
INSERT [dbo].[ZnodeAttributeType] ([AttributeTypeId], [AttributeTypeName], [CreatedBy], [CreatedDate], [ModifiedBy], [ModifiedDate]) VALUES (10, N'SimpleSelect', 1, CAST(N'2016-03-09 14:27:36.507' AS DateTime), 1, CAST(N'2016-03-09 14:27:36.507' AS DateTime))
INSERT [dbo].[ZnodeAttributeType] ([AttributeTypeId], [AttributeTypeName], [CreatedBy], [CreatedDate], [ModifiedBy], [ModifiedDate]) VALUES (19, N'Link', 1, CAST(N'2016-04-06 00:00:00.000' AS DateTime), 1, CAST(N'2016-04-06 00:00:00.000' AS DateTime))
INSERT [dbo].[ZnodeAttributeType] ([AttributeTypeId], [AttributeTypeName], [CreatedBy], [CreatedDate], [ModifiedBy], [ModifiedDate]) VALUES (20, N'Video', 1, CAST(N'2016-04-27 00:00:00.000' AS DateTime), 1, CAST(N'2016-04-27 00:00:00.000' AS DateTime))
INSERT [dbo].[ZnodeAttributeType] ([AttributeTypeId], [AttributeTypeName], [CreatedBy], [CreatedDate], [ModifiedBy], [ModifiedDate]) VALUES (21, N'Audio', 1, CAST(N'2016-05-11 00:00:00.000' AS DateTime), 1, CAST(N'2016-05-11 00:00:00.000' AS DateTime))
SET IDENTITY_INSERT [dbo].[ZnodeAttributeType] OFF
SET IDENTITY_INSERT [dbo].[ZnodeAttributeInputValidation] ON 

INSERT [dbo].[ZnodeAttributeInputValidation] ([InputValidationId], [AttributeTypeId], [Name], [DisplayOrder], [DefaultValue], [IsList], [ControlName], [CreatedBy], [CreatedDate], [ModifiedBy], [ModifiedDate]) VALUES (1, 1, N'MinDate', 1, NULL, 0, N'DateControlModel', 1, CAST(N'2016-03-09 14:27:36.507' AS DateTime), 1, CAST(N'2016-03-09 14:27:36.507' AS DateTime))
INSERT [dbo].[ZnodeAttributeInputValidation] ([InputValidationId], [AttributeTypeId], [Name], [DisplayOrder], [DefaultValue], [IsList], [ControlName], [CreatedBy], [CreatedDate], [ModifiedBy], [ModifiedDate]) VALUES (2, 1, N'MaxDate', 2, NULL, 0, N'DateControlModel', 1, CAST(N'2016-03-09 14:27:36.507' AS DateTime), 1, CAST(N'2016-03-09 14:27:36.507' AS DateTime))
INSERT [dbo].[ZnodeAttributeInputValidation] ([InputValidationId], [AttributeTypeId], [Name], [DisplayOrder], [DefaultValue], [IsList], [ControlName], [CreatedBy], [CreatedDate], [ModifiedBy], [ModifiedDate]) VALUES (3, 2, N'MaxFileSize', 1, NULL, 0, N'NumberControlModel', 1, CAST(N'2016-03-09 14:27:36.507' AS DateTime), 1, CAST(N'2016-03-09 14:27:36.507' AS DateTime))
INSERT [dbo].[ZnodeAttributeInputValidation] ([InputValidationId], [AttributeTypeId], [Name], [DisplayOrder], [DefaultValue], [IsList], [ControlName], [CreatedBy], [CreatedDate], [ModifiedBy], [ModifiedDate]) VALUES (4, 2, N'Extensions', 2, NULL, 1, N'MultiSelectControlModel', 1, CAST(N'2016-03-09 14:27:36.507' AS DateTime), 1, CAST(N'2016-03-09 14:27:36.507' AS DateTime))
INSERT [dbo].[ZnodeAttributeInputValidation] ([InputValidationId], [AttributeTypeId], [Name], [DisplayOrder], [DefaultValue], [IsList], [ControlName], [CreatedBy], [CreatedDate], [ModifiedBy], [ModifiedDate]) VALUES (5, 3, N'MaxCharacters', 1, NULL, 0, N'NumberControlModel', 1, CAST(N'2016-03-09 14:27:36.507' AS DateTime), 1, CAST(N'2016-03-09 14:27:36.507' AS DateTime))
INSERT [dbo].[ZnodeAttributeInputValidation] ([InputValidationId], [AttributeTypeId], [Name], [DisplayOrder], [DefaultValue], [IsList], [ControlName], [CreatedBy], [CreatedDate], [ModifiedBy], [ModifiedDate]) VALUES (7, 5, N'ValidationRule', 1, NULL, 1, N'DropDownControlModel', 1, CAST(N'2016-03-09 14:27:36.507' AS DateTime), 1, CAST(N'2016-03-09 14:27:36.507' AS DateTime))
INSERT [dbo].[ZnodeAttributeInputValidation] ([InputValidationId], [AttributeTypeId], [Name], [DisplayOrder], [DefaultValue], [IsList], [ControlName], [CreatedBy], [CreatedDate], [ModifiedBy], [ModifiedDate]) VALUES (8, 5, N'RegulerExpression', 2, NULL, 0, N'TextBoxControlModel', 1, CAST(N'2016-03-09 14:27:36.507' AS DateTime), 1, CAST(N'2016-03-09 14:27:36.507' AS DateTime))
INSERT [dbo].[ZnodeAttributeInputValidation] ([InputValidationId], [AttributeTypeId], [Name], [DisplayOrder], [DefaultValue], [IsList], [ControlName], [CreatedBy], [CreatedDate], [ModifiedBy], [ModifiedDate]) VALUES (12, 5, N'AllowNegative', 1, NULL, 1, N'DropDownControlModel', 1, CAST(N'2016-03-09 14:27:36.507' AS DateTime), 1, CAST(N'2016-03-09 14:27:36.507' AS DateTime))
INSERT [dbo].[ZnodeAttributeInputValidation] ([InputValidationId], [AttributeTypeId], [Name], [DisplayOrder], [DefaultValue], [IsList], [ControlName], [CreatedBy], [CreatedDate], [ModifiedBy], [ModifiedDate]) VALUES (13, 5, N'AllowDecimals', 2, NULL, 1, N'DropDownControlModel', 1, CAST(N'2016-03-09 14:27:36.507' AS DateTime), 1, CAST(N'2016-03-09 14:27:36.507' AS DateTime))
INSERT [dbo].[ZnodeAttributeInputValidation] ([InputValidationId], [AttributeTypeId], [Name], [DisplayOrder], [DefaultValue], [IsList], [ControlName], [CreatedBy], [CreatedDate], [ModifiedBy], [ModifiedDate]) VALUES (14, 5, N'MinNumber', 3, NULL, 0, N'NumberControlModel', 1, CAST(N'2016-03-09 14:27:36.507' AS DateTime), 1, CAST(N'2016-03-09 14:27:36.507' AS DateTime))
INSERT [dbo].[ZnodeAttributeInputValidation] ([InputValidationId], [AttributeTypeId], [Name], [DisplayOrder], [DefaultValue], [IsList], [ControlName], [CreatedBy], [CreatedDate], [ModifiedBy], [ModifiedDate]) VALUES (15, 5, N'MaxNumber', 4, NULL, 0, N'NumberControlModel', 1, CAST(N'2016-03-09 14:27:36.507' AS DateTime), 1, CAST(N'2016-03-09 14:27:36.507' AS DateTime))
INSERT [dbo].[ZnodeAttributeInputValidation] ([InputValidationId], [AttributeTypeId], [Name], [DisplayOrder], [DefaultValue], [IsList], [ControlName], [CreatedBy], [CreatedDate], [ModifiedBy], [ModifiedDate]) VALUES (17, 4, N'Extensions', 2, NULL, 1, N'MultiSelectControlModel', 1, CAST(N'2016-03-09 14:27:36.507' AS DateTime), 1, CAST(N'2016-03-09 14:27:36.507' AS DateTime))
INSERT [dbo].[ZnodeAttributeInputValidation] ([InputValidationId], [AttributeTypeId], [Name], [DisplayOrder], [DefaultValue], [IsList], [ControlName], [CreatedBy], [CreatedDate], [ModifiedBy], [ModifiedDate]) VALUES (24, 9, N'MaxCharacters', 1, NULL, 0, N'NumberControlModel', 1, CAST(N'2016-03-09 14:27:36.507' AS DateTime), 1, CAST(N'2016-03-09 14:27:36.507' AS DateTime))
INSERT [dbo].[ZnodeAttributeInputValidation] ([InputValidationId], [AttributeTypeId], [Name], [DisplayOrder], [DefaultValue], [IsList], [ControlName], [CreatedBy], [CreatedDate], [ModifiedBy], [ModifiedDate]) VALUES (25, 9, N'WYSIWYGEnabledProperty', 2, NULL, 1, N'DropDownControlModel', 1, CAST(N'2016-03-09 14:27:36.507' AS DateTime), 1, CAST(N'2016-03-09 14:27:36.507' AS DateTime))
INSERT [dbo].[ZnodeAttributeInputValidation] ([InputValidationId], [AttributeTypeId], [Name], [DisplayOrder], [DefaultValue], [IsList], [ControlName], [CreatedBy], [CreatedDate], [ModifiedBy], [ModifiedDate]) VALUES (26, 5, N'MaxCharacters', 2, NULL, 0, N'TextBoxControlModel', 1, CAST(N'2016-05-11 00:00:00.000' AS DateTime), 1, CAST(N'2016-05-11 00:00:00.000' AS DateTime))
INSERT [dbo].[ZnodeAttributeInputValidation] ([InputValidationId], [AttributeTypeId], [Name], [DisplayOrder], [DefaultValue], [IsList], [ControlName], [CreatedBy], [CreatedDate], [ModifiedBy], [ModifiedDate]) VALUES (27, 20, N'MaxFileSize', 3, NULL, 0, N'TextBoxControlModel', 1, CAST(N'2016-05-11 00:00:00.000' AS DateTime), 1, CAST(N'2016-05-11 00:00:00.000' AS DateTime))
INSERT [dbo].[ZnodeAttributeInputValidation] ([InputValidationId], [AttributeTypeId], [Name], [DisplayOrder], [DefaultValue], [IsList], [ControlName], [CreatedBy], [CreatedDate], [ModifiedBy], [ModifiedDate]) VALUES (28, 20, N'Extensions', 3, NULL, 0, N'MultiSelectControlModel', 1, CAST(N'2016-05-11 00:00:00.000' AS DateTime), 1, CAST(N'2016-05-11 00:00:00.000' AS DateTime))
INSERT [dbo].[ZnodeAttributeInputValidation] ([InputValidationId], [AttributeTypeId], [Name], [DisplayOrder], [DefaultValue], [IsList], [ControlName], [CreatedBy], [CreatedDate], [ModifiedBy], [ModifiedDate]) VALUES (29, 21, N'MaxFileSize', 3, NULL, 0, N'TextBoxControlModel', 1, CAST(N'2016-05-11 00:00:00.000' AS DateTime), 1, CAST(N'2016-05-11 00:00:00.000' AS DateTime))
INSERT [dbo].[ZnodeAttributeInputValidation] ([InputValidationId], [AttributeTypeId], [Name], [DisplayOrder], [DefaultValue], [IsList], [ControlName], [CreatedBy], [CreatedDate], [ModifiedBy], [ModifiedDate]) VALUES (30, 21, N'Extensions', 3, NULL, 0, N'MultiSelectControlModel', 1, CAST(N'2016-05-11 00:00:00.000' AS DateTime), 1, CAST(N'2016-05-11 00:00:00.000' AS DateTime))
INSERT [dbo].[ZnodeAttributeInputValidation] ([InputValidationId], [AttributeTypeId], [Name], [DisplayOrder], [DefaultValue], [IsList], [ControlName], [CreatedBy], [CreatedDate], [ModifiedBy], [ModifiedDate]) VALUES (31, 4, N'MaxFileSize', 3, NULL, 0, N'TextBoxControlModel', 2, CAST(N'2016-05-11 00:00:00.000' AS DateTime), 2, CAST(N'2016-05-11 00:00:00.000' AS DateTime))
SET IDENTITY_INSERT [dbo].[ZnodeAttributeInputValidation] OFF
SET IDENTITY_INSERT [dbo].[ZnodeAttributeInputValidationRule] ON 

INSERT [dbo].[ZnodeAttributeInputValidationRule] ([InputValidationRuleId], [InputValidationId], [ValidationRule], [ValidationName], [DisplayOrder], [RegExp], [CreatedBy], [CreatedDate], [ModifiedBy], [ModifiedDate]) VALUES (1, 4, NULL, N'.pdf', 1, NULL, 1, CAST(N'2016-03-09 14:27:36.507' AS DateTime), 1, CAST(N'2016-03-09 14:27:36.507' AS DateTime))
INSERT [dbo].[ZnodeAttributeInputValidationRule] ([InputValidationRuleId], [InputValidationId], [ValidationRule], [ValidationName], [DisplayOrder], [RegExp], [CreatedBy], [CreatedDate], [ModifiedBy], [ModifiedDate]) VALUES (2, 4, NULL, N'.doc', 2, NULL, 1, CAST(N'2016-03-09 14:27:36.507' AS DateTime), 1, CAST(N'2016-03-09 14:27:36.507' AS DateTime))
INSERT [dbo].[ZnodeAttributeInputValidationRule] ([InputValidationRuleId], [InputValidationId], [ValidationRule], [ValidationName], [DisplayOrder], [RegExp], [CreatedBy], [CreatedDate], [ModifiedBy], [ModifiedDate]) VALUES (3, 4, NULL, N'.docx', 3, NULL, 1, CAST(N'2016-03-09 14:27:36.507' AS DateTime), 1, CAST(N'2016-03-09 14:27:36.507' AS DateTime))
INSERT [dbo].[ZnodeAttributeInputValidationRule] ([InputValidationRuleId], [InputValidationId], [ValidationRule], [ValidationName], [DisplayOrder], [RegExp], [CreatedBy], [CreatedDate], [ModifiedBy], [ModifiedDate]) VALUES (4, 4, NULL, N'.ppt', 4, NULL, 1, CAST(N'2016-03-09 14:27:36.507' AS DateTime), 1, CAST(N'2016-03-09 14:27:36.507' AS DateTime))
INSERT [dbo].[ZnodeAttributeInputValidationRule] ([InputValidationRuleId], [InputValidationId], [ValidationRule], [ValidationName], [DisplayOrder], [RegExp], [CreatedBy], [CreatedDate], [ModifiedBy], [ModifiedDate]) VALUES (5, 4, NULL, N'.xls', 5, NULL, 1, CAST(N'2016-03-09 14:27:36.507' AS DateTime), 1, CAST(N'2016-03-09 14:27:36.507' AS DateTime))
INSERT [dbo].[ZnodeAttributeInputValidationRule] ([InputValidationRuleId], [InputValidationId], [ValidationRule], [ValidationName], [DisplayOrder], [RegExp], [CreatedBy], [CreatedDate], [ModifiedBy], [ModifiedDate]) VALUES (6, 4, NULL, N'.csv', 6, NULL, 1, CAST(N'2016-03-09 14:27:36.507' AS DateTime), 1, CAST(N'2016-03-09 14:27:36.507' AS DateTime))
INSERT [dbo].[ZnodeAttributeInputValidationRule] ([InputValidationRuleId], [InputValidationId], [ValidationRule], [ValidationName], [DisplayOrder], [RegExp], [CreatedBy], [CreatedDate], [ModifiedBy], [ModifiedDate]) VALUES (8, 7, NULL, N'Select', 1, NULL, 1, CAST(N'2016-03-09 14:27:36.507' AS DateTime), 1, CAST(N'2016-03-09 14:27:36.507' AS DateTime))
INSERT [dbo].[ZnodeAttributeInputValidationRule] ([InputValidationRuleId], [InputValidationId], [ValidationRule], [ValidationName], [DisplayOrder], [RegExp], [CreatedBy], [CreatedDate], [ModifiedBy], [ModifiedDate]) VALUES (9, 7, NULL, N'Url', 2, N'^http(s)?://([\w-]+.)+[\w-]+(/[\w- ./?%&=])?$', 1, CAST(N'2016-03-09 14:27:36.507' AS DateTime), 1, CAST(N'2016-03-09 14:27:36.507' AS DateTime))
INSERT [dbo].[ZnodeAttributeInputValidationRule] ([InputValidationRuleId], [InputValidationId], [ValidationRule], [ValidationName], [DisplayOrder], [RegExp], [CreatedBy], [CreatedDate], [ModifiedBy], [ModifiedDate]) VALUES (10, 7, NULL, N'Alphanumeric', 1, N'^[a-zA-Z][a-zA-Z0-9]*$', 1, CAST(N'2016-03-09 14:27:36.507' AS DateTime), 1, CAST(N'2016-03-09 14:27:36.507' AS DateTime))
INSERT [dbo].[ZnodeAttributeInputValidationRule] ([InputValidationRuleId], [InputValidationId], [ValidationRule], [ValidationName], [DisplayOrder], [RegExp], [CreatedBy], [CreatedDate], [ModifiedBy], [ModifiedDate]) VALUES (11, 7, NULL, N'Number', 2, N'^[0-9]*$', 1, CAST(N'2016-03-09 14:27:36.507' AS DateTime), 1, CAST(N'2016-03-09 14:27:36.507' AS DateTime))
INSERT [dbo].[ZnodeAttributeInputValidationRule] ([InputValidationRuleId], [InputValidationId], [ValidationRule], [ValidationName], [DisplayOrder], [RegExp], [CreatedBy], [CreatedDate], [ModifiedBy], [ModifiedDate]) VALUES (42, 12, NULL, N'YES', 1, NULL, 1, CAST(N'2016-03-09 14:27:36.507' AS DateTime), 1, CAST(N'2016-03-09 14:27:36.507' AS DateTime))
INSERT [dbo].[ZnodeAttributeInputValidationRule] ([InputValidationRuleId], [InputValidationId], [ValidationRule], [ValidationName], [DisplayOrder], [RegExp], [CreatedBy], [CreatedDate], [ModifiedBy], [ModifiedDate]) VALUES (43, 12, NULL, N'NO', 2, NULL, 1, CAST(N'2016-03-09 14:27:36.507' AS DateTime), 1, CAST(N'2016-03-09 14:27:36.507' AS DateTime))
INSERT [dbo].[ZnodeAttributeInputValidationRule] ([InputValidationRuleId], [InputValidationId], [ValidationRule], [ValidationName], [DisplayOrder], [RegExp], [CreatedBy], [CreatedDate], [ModifiedBy], [ModifiedDate]) VALUES (44, 13, NULL, N'YES', 1, NULL, 1, CAST(N'2016-03-09 14:27:36.507' AS DateTime), 1, CAST(N'2016-03-09 14:27:36.507' AS DateTime))
INSERT [dbo].[ZnodeAttributeInputValidationRule] ([InputValidationRuleId], [InputValidationId], [ValidationRule], [ValidationName], [DisplayOrder], [RegExp], [CreatedBy], [CreatedDate], [ModifiedBy], [ModifiedDate]) VALUES (45, 13, NULL, N'NO', 2, NULL, 1, CAST(N'2016-03-09 14:27:36.507' AS DateTime), 1, CAST(N'2016-03-09 14:27:36.507' AS DateTime))
INSERT [dbo].[ZnodeAttributeInputValidationRule] ([InputValidationRuleId], [InputValidationId], [ValidationRule], [ValidationName], [DisplayOrder], [RegExp], [CreatedBy], [CreatedDate], [ModifiedBy], [ModifiedDate]) VALUES (46, 17, NULL, N'.JPG', 1, NULL, 1, CAST(N'2016-03-09 14:27:36.507' AS DateTime), 1, CAST(N'2016-03-09 14:27:36.507' AS DateTime))
INSERT [dbo].[ZnodeAttributeInputValidationRule] ([InputValidationRuleId], [InputValidationId], [ValidationRule], [ValidationName], [DisplayOrder], [RegExp], [CreatedBy], [CreatedDate], [ModifiedBy], [ModifiedDate]) VALUES (47, 17, NULL, N'.PNG', 2, NULL, 1, CAST(N'2016-03-09 14:27:36.507' AS DateTime), 1, CAST(N'2016-03-09 14:27:36.507' AS DateTime))
INSERT [dbo].[ZnodeAttributeInputValidationRule] ([InputValidationRuleId], [InputValidationId], [ValidationRule], [ValidationName], [DisplayOrder], [RegExp], [CreatedBy], [CreatedDate], [ModifiedBy], [ModifiedDate]) VALUES (48, 17, NULL, N'.GIF', 3, NULL, 1, CAST(N'2016-03-09 14:27:36.507' AS DateTime), 1, CAST(N'2016-03-09 14:27:36.507' AS DateTime))
INSERT [dbo].[ZnodeAttributeInputValidationRule] ([InputValidationRuleId], [InputValidationId], [ValidationRule], [ValidationName], [DisplayOrder], [RegExp], [CreatedBy], [CreatedDate], [ModifiedBy], [ModifiedDate]) VALUES (49, 17, NULL, N'.JPEG', 4, NULL, 1, CAST(N'2016-03-09 14:27:36.507' AS DateTime), 1, CAST(N'2016-03-09 14:27:36.507' AS DateTime))
INSERT [dbo].[ZnodeAttributeInputValidationRule] ([InputValidationRuleId], [InputValidationId], [ValidationRule], [ValidationName], [DisplayOrder], [RegExp], [CreatedBy], [CreatedDate], [ModifiedBy], [ModifiedDate]) VALUES (50, 4, NULL, N'.txt', 5, NULL, 1, CAST(N'2016-03-09 14:27:36.507' AS DateTime), 1, CAST(N'2016-03-09 14:27:36.507' AS DateTime))
INSERT [dbo].[ZnodeAttributeInputValidationRule] ([InputValidationRuleId], [InputValidationId], [ValidationRule], [ValidationName], [DisplayOrder], [RegExp], [CreatedBy], [CreatedDate], [ModifiedBy], [ModifiedDate]) VALUES (53, 25, NULL, N'YES', 1, NULL, 1, CAST(N'2016-03-09 14:27:36.507' AS DateTime), 1, CAST(N'2016-03-09 14:27:36.507' AS DateTime))
INSERT [dbo].[ZnodeAttributeInputValidationRule] ([InputValidationRuleId], [InputValidationId], [ValidationRule], [ValidationName], [DisplayOrder], [RegExp], [CreatedBy], [CreatedDate], [ModifiedBy], [ModifiedDate]) VALUES (54, 25, NULL, N'NO', 2, NULL, 1, CAST(N'2016-03-09 14:27:36.507' AS DateTime), 1, CAST(N'2016-03-09 14:27:36.507' AS DateTime))
INSERT [dbo].[ZnodeAttributeInputValidationRule] ([InputValidationRuleId], [InputValidationId], [ValidationRule], [ValidationName], [DisplayOrder], [RegExp], [CreatedBy], [CreatedDate], [ModifiedBy], [ModifiedDate]) VALUES (69, 7, NULL, N'AllowedDecimal', 1, N'^[0-9]([.,][0-9]{1,3})?$', 1, CAST(N'2016-03-09 14:27:36.507' AS DateTime), 1, CAST(N'2016-03-09 14:27:36.507' AS DateTime))
INSERT [dbo].[ZnodeAttributeInputValidationRule] ([InputValidationRuleId], [InputValidationId], [ValidationRule], [ValidationName], [DisplayOrder], [RegExp], [CreatedBy], [CreatedDate], [ModifiedBy], [ModifiedDate]) VALUES (70, 7, NULL, N'Email', 2, N'[a-z0-9!#$%&''*+/=?^_`{|}~-]+(?:\.[a-z0-9!#$%&''*+/=?^_`{|}~-]+)*@(?:[a-z0-9](?:[a-z0-9-]*[a-z0-9])?\.)+[a-z0-9](?:[a-z0-9-]*[a-z0-9])?', 1, CAST(N'2016-03-09 14:27:36.507' AS DateTime), 1, CAST(N'2016-03-09 14:27:36.507' AS DateTime))
INSERT [dbo].[ZnodeAttributeInputValidationRule] ([InputValidationRuleId], [InputValidationId], [ValidationRule], [ValidationName], [DisplayOrder], [RegExp], [CreatedBy], [CreatedDate], [ModifiedBy], [ModifiedDate]) VALUES (71, 4, NULL, N'.mp3', 6, NULL, 1, CAST(N'2016-03-09 14:27:36.507' AS DateTime), 1, CAST(N'2016-03-09 14:27:36.507' AS DateTime))
INSERT [dbo].[ZnodeAttributeInputValidationRule] ([InputValidationRuleId], [InputValidationId], [ValidationRule], [ValidationName], [DisplayOrder], [RegExp], [CreatedBy], [CreatedDate], [ModifiedBy], [ModifiedDate]) VALUES (72, 4, NULL, N'.wmv', 6, NULL, 1, CAST(N'2016-03-09 14:27:36.507' AS DateTime), 1, CAST(N'2016-03-09 14:27:36.507' AS DateTime))
INSERT [dbo].[ZnodeAttributeInputValidationRule] ([InputValidationRuleId], [InputValidationId], [ValidationRule], [ValidationName], [DisplayOrder], [RegExp], [CreatedBy], [CreatedDate], [ModifiedBy], [ModifiedDate]) VALUES (73, 4, NULL, N'.mp4', 6, NULL, 1, CAST(N'2016-03-09 14:27:36.507' AS DateTime), 1, CAST(N'2016-03-09 14:27:36.507' AS DateTime))
INSERT [dbo].[ZnodeAttributeInputValidationRule] ([InputValidationRuleId], [InputValidationId], [ValidationRule], [ValidationName], [DisplayOrder], [RegExp], [CreatedBy], [CreatedDate], [ModifiedBy], [ModifiedDate]) VALUES (74, 28, NULL, N'.mp4', 1, NULL, 1, CAST(N'2016-05-11 00:00:00.000' AS DateTime), 1, CAST(N'2016-05-11 00:00:00.000' AS DateTime))
INSERT [dbo].[ZnodeAttributeInputValidationRule] ([InputValidationRuleId], [InputValidationId], [ValidationRule], [ValidationName], [DisplayOrder], [RegExp], [CreatedBy], [CreatedDate], [ModifiedBy], [ModifiedDate]) VALUES (75, 28, NULL, N'.avi', 2, NULL, 1, CAST(N'2016-05-11 00:00:00.000' AS DateTime), 1, CAST(N'2016-05-11 00:00:00.000' AS DateTime))
INSERT [dbo].[ZnodeAttributeInputValidationRule] ([InputValidationRuleId], [InputValidationId], [ValidationRule], [ValidationName], [DisplayOrder], [RegExp], [CreatedBy], [CreatedDate], [ModifiedBy], [ModifiedDate]) VALUES (76, 28, NULL, N'.flv', 3, NULL, 1, CAST(N'2016-05-11 00:00:00.000' AS DateTime), 1, CAST(N'2016-05-11 00:00:00.000' AS DateTime))
INSERT [dbo].[ZnodeAttributeInputValidationRule] ([InputValidationRuleId], [InputValidationId], [ValidationRule], [ValidationName], [DisplayOrder], [RegExp], [CreatedBy], [CreatedDate], [ModifiedBy], [ModifiedDate]) VALUES (77, 28, NULL, N'.3gp', 4, NULL, 1, CAST(N'2016-05-11 00:00:00.000' AS DateTime), 1, CAST(N'2016-05-11 00:00:00.000' AS DateTime))
INSERT [dbo].[ZnodeAttributeInputValidationRule] ([InputValidationRuleId], [InputValidationId], [ValidationRule], [ValidationName], [DisplayOrder], [RegExp], [CreatedBy], [CreatedDate], [ModifiedBy], [ModifiedDate]) VALUES (78, 28, NULL, N'.vob', 5, NULL, 1, CAST(N'2016-05-11 00:00:00.000' AS DateTime), 1, CAST(N'2016-05-11 00:00:00.000' AS DateTime))
INSERT [dbo].[ZnodeAttributeInputValidationRule] ([InputValidationRuleId], [InputValidationId], [ValidationRule], [ValidationName], [DisplayOrder], [RegExp], [CreatedBy], [CreatedDate], [ModifiedBy], [ModifiedDate]) VALUES (79, 30, NULL, N'.mp3', 1, NULL, 1, CAST(N'2016-05-11 00:00:00.000' AS DateTime), 1, CAST(N'2016-05-11 00:00:00.000' AS DateTime))
SET IDENTITY_INSERT [dbo].[ZnodeAttributeInputValidationRule] OFF
SET IDENTITY_INSERT [dbo].[ZnodePimAttributeValidation] ON 

INSERT [dbo].[ZnodePimAttributeValidation] ([PimAttributeValidationId], [PimAttributeId], [InputValidationId], [InputValidationRuleId], [Name], [CreatedBy], [CreatedDate], [ModifiedBy], [ModifiedDate]) VALUES (1, 269, 7, 8, NULL, 2, CAST(N'2016-04-21 13:35:04.190' AS DateTime), 2, CAST(N'2016-04-21 13:35:04.190' AS DateTime))
INSERT [dbo].[ZnodePimAttributeValidation] ([PimAttributeValidationId], [PimAttributeId], [InputValidationId], [InputValidationRuleId], [Name], [CreatedBy], [CreatedDate], [ModifiedBy], [ModifiedDate]) VALUES (2, 270, 7, 8, NULL, 2, CAST(N'2016-04-21 13:35:41.023' AS DateTime), 2, CAST(N'2016-04-21 13:35:41.023' AS DateTime))
INSERT [dbo].[ZnodePimAttributeValidation] ([PimAttributeValidationId], [PimAttributeId], [InputValidationId], [InputValidationRuleId], [Name], [CreatedBy], [CreatedDate], [ModifiedBy], [ModifiedDate]) VALUES (3, 274, 7, 8, NULL, 2, CAST(N'2016-04-21 13:43:10.723' AS DateTime), 2, CAST(N'2016-04-21 13:43:10.723' AS DateTime))
INSERT [dbo].[ZnodePimAttributeValidation] ([PimAttributeValidationId], [PimAttributeId], [InputValidationId], [InputValidationRuleId], [Name], [CreatedBy], [CreatedDate], [ModifiedBy], [ModifiedDate]) VALUES (4, 271, 7, 11, NULL, 2, CAST(N'2016-05-05 13:51:55.827' AS DateTime), 2, CAST(N'2016-05-05 13:51:55.827' AS DateTime))
INSERT [dbo].[ZnodePimAttributeValidation] ([PimAttributeValidationId], [PimAttributeId], [InputValidationId], [InputValidationRuleId], [Name], [CreatedBy], [CreatedDate], [ModifiedBy], [ModifiedDate]) VALUES (5, 265, 25, 42, NULL, 2, CAST(N'2016-04-21 13:31:55.750' AS DateTime), 2, CAST(N'2016-04-21 13:32:10.383' AS DateTime))
INSERT [dbo].[ZnodePimAttributeValidation] ([PimAttributeValidationId], [PimAttributeId], [InputValidationId], [InputValidationRuleId], [Name], [CreatedBy], [CreatedDate], [ModifiedBy], [ModifiedDate]) VALUES (6, 266, 25, 42, NULL, 2, CAST(N'2016-04-21 13:32:37.903' AS DateTime), 2, CAST(N'2016-04-21 13:32:46.587' AS DateTime))
INSERT [dbo].[ZnodePimAttributeValidation] ([PimAttributeValidationId], [PimAttributeId], [InputValidationId], [InputValidationRuleId], [Name], [CreatedBy], [CreatedDate], [ModifiedBy], [ModifiedDate]) VALUES (7, 267, 25, 42, NULL, 2, CAST(N'2016-04-21 13:33:39.833' AS DateTime), 2, CAST(N'2016-04-21 13:33:39.833' AS DateTime))
INSERT [dbo].[ZnodePimAttributeValidation] ([PimAttributeValidationId], [PimAttributeId], [InputValidationId], [InputValidationRuleId], [Name], [CreatedBy], [CreatedDate], [ModifiedBy], [ModifiedDate]) VALUES (8, 268, 25, 42, NULL, 2, CAST(N'2016-04-21 13:34:24.623' AS DateTime), 2, CAST(N'2016-04-21 13:34:24.623' AS DateTime))
INSERT [dbo].[ZnodePimAttributeValidation] ([PimAttributeValidationId], [PimAttributeId], [InputValidationId], [InputValidationRuleId], [Name], [CreatedBy], [CreatedDate], [ModifiedBy], [ModifiedDate]) VALUES (9, 265, 25, 44, NULL, 2, CAST(N'2016-04-21 13:31:55.750' AS DateTime), 2, CAST(N'2016-04-21 13:32:10.383' AS DateTime))
INSERT [dbo].[ZnodePimAttributeValidation] ([PimAttributeValidationId], [PimAttributeId], [InputValidationId], [InputValidationRuleId], [Name], [CreatedBy], [CreatedDate], [ModifiedBy], [ModifiedDate]) VALUES (10, 266, 25, 44, NULL, 2, CAST(N'2016-04-21 13:32:37.903' AS DateTime), 2, CAST(N'2016-04-21 13:32:46.587' AS DateTime))
INSERT [dbo].[ZnodePimAttributeValidation] ([PimAttributeValidationId], [PimAttributeId], [InputValidationId], [InputValidationRuleId], [Name], [CreatedBy], [CreatedDate], [ModifiedBy], [ModifiedDate]) VALUES (11, 267, 25, 44, NULL, 2, CAST(N'2016-04-21 13:33:39.833' AS DateTime), 2, CAST(N'2016-04-21 13:33:39.833' AS DateTime))
INSERT [dbo].[ZnodePimAttributeValidation] ([PimAttributeValidationId], [PimAttributeId], [InputValidationId], [InputValidationRuleId], [Name], [CreatedBy], [CreatedDate], [ModifiedBy], [ModifiedDate]) VALUES (12, 268, 25, 44, NULL, 2, CAST(N'2016-04-21 13:34:24.623' AS DateTime), 2, CAST(N'2016-04-21 13:34:24.623' AS DateTime))
INSERT [dbo].[ZnodePimAttributeValidation] ([PimAttributeValidationId], [PimAttributeId], [InputValidationId], [InputValidationRuleId], [Name], [CreatedBy], [CreatedDate], [ModifiedBy], [ModifiedDate]) VALUES (13, 273, 17, 46, NULL, 2, CAST(N'2016-04-21 13:41:27.327' AS DateTime), 2, CAST(N'2016-04-21 13:41:27.327' AS DateTime))
INSERT [dbo].[ZnodePimAttributeValidation] ([PimAttributeValidationId], [PimAttributeId], [InputValidationId], [InputValidationRuleId], [Name], [CreatedBy], [CreatedDate], [ModifiedBy], [ModifiedDate]) VALUES (14, 265, 25, 53, NULL, 2, CAST(N'2016-04-21 13:31:55.750' AS DateTime), 2, CAST(N'2016-04-21 13:32:10.383' AS DateTime))
INSERT [dbo].[ZnodePimAttributeValidation] ([PimAttributeValidationId], [PimAttributeId], [InputValidationId], [InputValidationRuleId], [Name], [CreatedBy], [CreatedDate], [ModifiedBy], [ModifiedDate]) VALUES (15, 266, 25, 53, NULL, 2, CAST(N'2016-04-21 13:32:37.903' AS DateTime), 2, CAST(N'2016-04-21 13:32:46.587' AS DateTime))
INSERT [dbo].[ZnodePimAttributeValidation] ([PimAttributeValidationId], [PimAttributeId], [InputValidationId], [InputValidationRuleId], [Name], [CreatedBy], [CreatedDate], [ModifiedBy], [ModifiedDate]) VALUES (16, 267, 25, 53, NULL, 2, CAST(N'2016-04-21 13:33:39.833' AS DateTime), 2, CAST(N'2016-04-21 13:33:39.833' AS DateTime))
INSERT [dbo].[ZnodePimAttributeValidation] ([PimAttributeValidationId], [PimAttributeId], [InputValidationId], [InputValidationRuleId], [Name], [CreatedBy], [CreatedDate], [ModifiedBy], [ModifiedDate]) VALUES (17, 268, 25, 53, NULL, 2, CAST(N'2016-04-21 13:34:24.623' AS DateTime), 2, CAST(N'2016-04-21 13:34:24.623' AS DateTime))
SET IDENTITY_INSERT [dbo].[ZnodePimAttributeValidation] OFF
SET IDENTITY_INSERT [dbo].[ZnodePimAttributeValue] ON 

INSERT [dbo].[ZnodePimAttributeValue] ([PimAttributeValueId], [PimAttributeFamilyId], [PimProductId], [PimAttributeId], [PimAttributeDefaultValueId], [AttributeValue], [CreatedBy], [CreatedDate], [ModifiedBy], [ModifiedDate]) VALUES (2, NULL, 1, 247, NULL, NULL, 2, CAST(N'2016-05-06 10:59:56.760' AS DateTime), 2, CAST(N'2016-05-06 10:59:56.760' AS DateTime))
SET IDENTITY_INSERT [dbo].[ZnodePimAttributeValue] OFF
SET IDENTITY_INSERT [dbo].[ZnodePimAttributeFamily] ON 

INSERT [dbo].[ZnodePimAttributeFamily] ([PimAttributeFamilyId], [FamilyCode], [IsSystemDefined], [IsDefaultFamily], [IsCategory], [CreatedBy], [CreatedDate], [ModifiedBy], [ModifiedDate]) VALUES (27, N'Default', 1, 1, 0, 1, CAST(N'2016-03-31 00:00:00.000' AS DateTime), 1, CAST(N'2016-03-31 00:00:00.000' AS DateTime))
INSERT [dbo].[ZnodePimAttributeFamily] ([PimAttributeFamilyId], [FamilyCode], [IsSystemDefined], [IsDefaultFamily], [IsCategory], [CreatedBy], [CreatedDate], [ModifiedBy], [ModifiedDate]) VALUES (28, N'DefaultCategory', 1, 1, 1, 2, CAST(N'2016-04-21 00:00:00.000' AS DateTime), 2, CAST(N'2016-04-21 00:00:00.000' AS DateTime))
SET IDENTITY_INSERT [dbo].[ZnodePimAttributeFamily] OFF
SET IDENTITY_INSERT [dbo].[ZnodePimFamilyGroupMapper] ON 

INSERT [dbo].[ZnodePimFamilyGroupMapper] ([PimFamilyGroupMapperId], [PimAttributeFamilyId], [PimAttributeGroupId], [PimAttributeId], [GroupDisplayOrder], [IsSystemDefined], [CreatedBy], [CreatedDate], [ModifiedBy], [ModifiedDate]) VALUES (2348, 27, 74, 93, NULL, 1, 2, CAST(N'2016-04-13 11:19:49.007' AS DateTime), 2, CAST(N'2016-04-13 11:19:49.007' AS DateTime))
INSERT [dbo].[ZnodePimFamilyGroupMapper] ([PimFamilyGroupMapperId], [PimAttributeFamilyId], [PimAttributeGroupId], [PimAttributeId], [GroupDisplayOrder], [IsSystemDefined], [CreatedBy], [CreatedDate], [ModifiedBy], [ModifiedDate]) VALUES (2349, 27, 74, 245, NULL, 1, 2, CAST(N'2016-04-13 11:19:49.007' AS DateTime), 2, CAST(N'2016-04-13 11:19:49.007' AS DateTime))
INSERT [dbo].[ZnodePimFamilyGroupMapper] ([PimFamilyGroupMapperId], [PimAttributeFamilyId], [PimAttributeGroupId], [PimAttributeId], [GroupDisplayOrder], [IsSystemDefined], [CreatedBy], [CreatedDate], [ModifiedBy], [ModifiedDate]) VALUES (2350, 27, 74, 248, NULL, 1, 2, CAST(N'2016-04-13 11:19:49.007' AS DateTime), 2, CAST(N'2016-04-13 11:19:49.007' AS DateTime))
INSERT [dbo].[ZnodePimFamilyGroupMapper] ([PimFamilyGroupMapperId], [PimAttributeFamilyId], [PimAttributeGroupId], [PimAttributeId], [GroupDisplayOrder], [IsSystemDefined], [CreatedBy], [CreatedDate], [ModifiedBy], [ModifiedDate]) VALUES (2351, 27, 74, 250, NULL, 1, 2, CAST(N'2016-04-13 11:19:49.007' AS DateTime), 2, CAST(N'2016-04-13 11:19:49.007' AS DateTime))
INSERT [dbo].[ZnodePimFamilyGroupMapper] ([PimFamilyGroupMapperId], [PimAttributeFamilyId], [PimAttributeGroupId], [PimAttributeId], [GroupDisplayOrder], [IsSystemDefined], [CreatedBy], [CreatedDate], [ModifiedBy], [ModifiedDate]) VALUES (2352, 27, 74, 251, NULL, 1, 2, CAST(N'2016-04-13 11:19:49.007' AS DateTime), 2, CAST(N'2016-04-13 11:19:49.007' AS DateTime))
INSERT [dbo].[ZnodePimFamilyGroupMapper] ([PimFamilyGroupMapperId], [PimAttributeFamilyId], [PimAttributeGroupId], [PimAttributeId], [GroupDisplayOrder], [IsSystemDefined], [CreatedBy], [CreatedDate], [ModifiedBy], [ModifiedDate]) VALUES (2353, 27, 74, 252, NULL, 1, 2, CAST(N'2016-04-13 11:19:49.007' AS DateTime), 2, CAST(N'2016-04-13 11:19:49.007' AS DateTime))
INSERT [dbo].[ZnodePimFamilyGroupMapper] ([PimFamilyGroupMapperId], [PimAttributeFamilyId], [PimAttributeGroupId], [PimAttributeId], [GroupDisplayOrder], [IsSystemDefined], [CreatedBy], [CreatedDate], [ModifiedBy], [ModifiedDate]) VALUES (2354, 27, 74, 249, NULL, 1, 2, CAST(N'2016-04-13 11:19:49.007' AS DateTime), 2, CAST(N'2016-04-13 11:19:49.007' AS DateTime))
INSERT [dbo].[ZnodePimFamilyGroupMapper] ([PimFamilyGroupMapperId], [PimAttributeFamilyId], [PimAttributeGroupId], [PimAttributeId], [GroupDisplayOrder], [IsSystemDefined], [CreatedBy], [CreatedDate], [ModifiedBy], [ModifiedDate]) VALUES (2355, 27, 74, 254, NULL, 1, 2, CAST(N'2016-04-13 11:19:49.007' AS DateTime), 2, CAST(N'2016-04-13 11:19:49.007' AS DateTime))
INSERT [dbo].[ZnodePimFamilyGroupMapper] ([PimFamilyGroupMapperId], [PimAttributeFamilyId], [PimAttributeGroupId], [PimAttributeId], [GroupDisplayOrder], [IsSystemDefined], [CreatedBy], [CreatedDate], [ModifiedBy], [ModifiedDate]) VALUES (2359, 27, 84, NULL, NULL, 1, 2, CAST(N'2016-04-13 11:19:49.007' AS DateTime), 2, CAST(N'2016-04-13 11:19:49.007' AS DateTime))
INSERT [dbo].[ZnodePimFamilyGroupMapper] ([PimFamilyGroupMapperId], [PimAttributeFamilyId], [PimAttributeGroupId], [PimAttributeId], [GroupDisplayOrder], [IsSystemDefined], [CreatedBy], [CreatedDate], [ModifiedBy], [ModifiedDate]) VALUES (2360, 27, 85, 264, NULL, 1, 2, CAST(N'2016-04-13 11:19:49.007' AS DateTime), 2, CAST(N'2016-04-13 11:19:49.007' AS DateTime))
INSERT [dbo].[ZnodePimFamilyGroupMapper] ([PimFamilyGroupMapperId], [PimAttributeFamilyId], [PimAttributeGroupId], [PimAttributeId], [GroupDisplayOrder], [IsSystemDefined], [CreatedBy], [CreatedDate], [ModifiedBy], [ModifiedDate]) VALUES (2361, 27, 86, NULL, NULL, 1, 2, CAST(N'2016-04-13 11:19:49.007' AS DateTime), 2, CAST(N'2016-04-13 11:19:49.007' AS DateTime))
INSERT [dbo].[ZnodePimFamilyGroupMapper] ([PimFamilyGroupMapperId], [PimAttributeFamilyId], [PimAttributeGroupId], [PimAttributeId], [GroupDisplayOrder], [IsSystemDefined], [CreatedBy], [CreatedDate], [ModifiedBy], [ModifiedDate]) VALUES (2362, 27, 87, NULL, NULL, 1, 2, CAST(N'2016-04-13 11:19:49.007' AS DateTime), 2, CAST(N'2016-04-13 11:19:49.007' AS DateTime))
INSERT [dbo].[ZnodePimFamilyGroupMapper] ([PimFamilyGroupMapperId], [PimAttributeFamilyId], [PimAttributeGroupId], [PimAttributeId], [GroupDisplayOrder], [IsSystemDefined], [CreatedBy], [CreatedDate], [ModifiedBy], [ModifiedDate]) VALUES (2363, 27, 88, NULL, NULL, 1, 2, CAST(N'2016-04-13 11:19:49.007' AS DateTime), 2, CAST(N'2016-04-13 11:19:49.007' AS DateTime))
INSERT [dbo].[ZnodePimFamilyGroupMapper] ([PimFamilyGroupMapperId], [PimAttributeFamilyId], [PimAttributeGroupId], [PimAttributeId], [GroupDisplayOrder], [IsSystemDefined], [CreatedBy], [CreatedDate], [ModifiedBy], [ModifiedDate]) VALUES (2364, 28, 110, NULL, NULL, 1, 2, CAST(N'2016-04-13 00:00:00.000' AS DateTime), 2, CAST(N'2016-04-13 00:00:00.000' AS DateTime))
INSERT [dbo].[ZnodePimFamilyGroupMapper] ([PimFamilyGroupMapperId], [PimAttributeFamilyId], [PimAttributeGroupId], [PimAttributeId], [GroupDisplayOrder], [IsSystemDefined], [CreatedBy], [CreatedDate], [ModifiedBy], [ModifiedDate]) VALUES (2365, 28, 111, 265, NULL, 1, 2, CAST(N'2016-04-13 00:00:00.000' AS DateTime), 2, CAST(N'2016-04-13 00:00:00.000' AS DateTime))
INSERT [dbo].[ZnodePimFamilyGroupMapper] ([PimFamilyGroupMapperId], [PimAttributeFamilyId], [PimAttributeGroupId], [PimAttributeId], [GroupDisplayOrder], [IsSystemDefined], [CreatedBy], [CreatedDate], [ModifiedBy], [ModifiedDate]) VALUES (2368, 28, 111, 266, NULL, 1, 2, CAST(N'2016-05-06 00:00:00.000' AS DateTime), 2, CAST(N'2016-05-06 00:00:00.000' AS DateTime))
INSERT [dbo].[ZnodePimFamilyGroupMapper] ([PimFamilyGroupMapperId], [PimAttributeFamilyId], [PimAttributeGroupId], [PimAttributeId], [GroupDisplayOrder], [IsSystemDefined], [CreatedBy], [CreatedDate], [ModifiedBy], [ModifiedDate]) VALUES (2369, 28, 111, 267, NULL, 1, 2, CAST(N'2016-05-06 00:00:00.000' AS DateTime), 2, CAST(N'2016-05-06 00:00:00.000' AS DateTime))
INSERT [dbo].[ZnodePimFamilyGroupMapper] ([PimFamilyGroupMapperId], [PimAttributeFamilyId], [PimAttributeGroupId], [PimAttributeId], [GroupDisplayOrder], [IsSystemDefined], [CreatedBy], [CreatedDate], [ModifiedBy], [ModifiedDate]) VALUES (2370, 28, 111, 268, NULL, 1, 2, CAST(N'2016-05-06 00:00:00.000' AS DateTime), 2, CAST(N'2016-05-06 00:00:00.000' AS DateTime))
INSERT [dbo].[ZnodePimFamilyGroupMapper] ([PimFamilyGroupMapperId], [PimAttributeFamilyId], [PimAttributeGroupId], [PimAttributeId], [GroupDisplayOrder], [IsSystemDefined], [CreatedBy], [CreatedDate], [ModifiedBy], [ModifiedDate]) VALUES (2371, 28, 110, 269, NULL, 1, 2, CAST(N'2016-04-13 00:00:00.000' AS DateTime), 2, CAST(N'2016-04-13 00:00:00.000' AS DateTime))
INSERT [dbo].[ZnodePimFamilyGroupMapper] ([PimFamilyGroupMapperId], [PimAttributeFamilyId], [PimAttributeGroupId], [PimAttributeId], [GroupDisplayOrder], [IsSystemDefined], [CreatedBy], [CreatedDate], [ModifiedBy], [ModifiedDate]) VALUES (2372, 28, 110, 270, NULL, 1, 2, CAST(N'2016-04-13 00:00:00.000' AS DateTime), 2, CAST(N'2016-04-13 00:00:00.000' AS DateTime))
INSERT [dbo].[ZnodePimFamilyGroupMapper] ([PimFamilyGroupMapperId], [PimAttributeFamilyId], [PimAttributeGroupId], [PimAttributeId], [GroupDisplayOrder], [IsSystemDefined], [CreatedBy], [CreatedDate], [ModifiedBy], [ModifiedDate]) VALUES (2373, 28, 110, 271, NULL, 1, 2, CAST(N'2016-04-13 00:00:00.000' AS DateTime), 2, CAST(N'2016-04-13 00:00:00.000' AS DateTime))
INSERT [dbo].[ZnodePimFamilyGroupMapper] ([PimFamilyGroupMapperId], [PimAttributeFamilyId], [PimAttributeGroupId], [PimAttributeId], [GroupDisplayOrder], [IsSystemDefined], [CreatedBy], [CreatedDate], [ModifiedBy], [ModifiedDate]) VALUES (2374, 28, 110, 272, NULL, 1, 2, CAST(N'2016-04-13 00:00:00.000' AS DateTime), 2, CAST(N'2016-04-13 00:00:00.000' AS DateTime))
INSERT [dbo].[ZnodePimFamilyGroupMapper] ([PimFamilyGroupMapperId], [PimAttributeFamilyId], [PimAttributeGroupId], [PimAttributeId], [GroupDisplayOrder], [IsSystemDefined], [CreatedBy], [CreatedDate], [ModifiedBy], [ModifiedDate]) VALUES (2375, 28, 110, 273, NULL, 1, 2, CAST(N'2016-04-13 00:00:00.000' AS DateTime), 2, CAST(N'2016-04-13 00:00:00.000' AS DateTime))
INSERT [dbo].[ZnodePimFamilyGroupMapper] ([PimFamilyGroupMapperId], [PimAttributeFamilyId], [PimAttributeGroupId], [PimAttributeId], [GroupDisplayOrder], [IsSystemDefined], [CreatedBy], [CreatedDate], [ModifiedBy], [ModifiedDate]) VALUES (2376, 28, 110, 274, NULL, 1, 2, CAST(N'2016-04-13 00:00:00.000' AS DateTime), 2, CAST(N'2016-04-13 00:00:00.000' AS DateTime))
INSERT [dbo].[ZnodePimFamilyGroupMapper] ([PimFamilyGroupMapperId], [PimAttributeFamilyId], [PimAttributeGroupId], [PimAttributeId], [GroupDisplayOrder], [IsSystemDefined], [CreatedBy], [CreatedDate], [ModifiedBy], [ModifiedDate]) VALUES (2377, 27, 83, NULL, NULL, 1, 2, CAST(N'2016-05-06 10:59:18.300' AS DateTime), 2, CAST(N'2016-05-06 10:59:18.300' AS DateTime))
INSERT [dbo].[ZnodePimFamilyGroupMapper] ([PimFamilyGroupMapperId], [PimAttributeFamilyId], [PimAttributeGroupId], [PimAttributeId], [GroupDisplayOrder], [IsSystemDefined], [CreatedBy], [CreatedDate], [ModifiedBy], [ModifiedDate]) VALUES (2378, 27, 83, 94, NULL, 1, 2, CAST(N'2016-05-06 11:01:46.793' AS DateTime), 2, CAST(N'2016-05-06 11:01:46.793' AS DateTime))
SET IDENTITY_INSERT [dbo].[ZnodePimFamilyGroupMapper] OFF
SET IDENTITY_INSERT [dbo].[ZnodePimFrontendProperties] ON 

INSERT [dbo].[ZnodePimFrontendProperties] ([ZnodePimFrontendPropertiesId], [PimAttributeId], [IsComparable], [IsLayeredNavigation], [IsPromoRuleCondition], [IsHtmlTags], [CreatedBy], [CreatedDate], [ModifiedBy], [ModifiedDate]) VALUES (77, 93, 0, 1, 1, 0, 2, CAST(N'2016-03-31 09:42:53.480' AS DateTime), 2, CAST(N'2016-04-13 09:15:36.507' AS DateTime))
INSERT [dbo].[ZnodePimFrontendProperties] ([ZnodePimFrontendPropertiesId], [PimAttributeId], [IsComparable], [IsLayeredNavigation], [IsPromoRuleCondition], [IsHtmlTags], [CreatedBy], [CreatedDate], [ModifiedBy], [ModifiedDate]) VALUES (78, 94, 1, 1, 1, 1, 2, CAST(N'2016-03-31 11:15:33.770' AS DateTime), 2, CAST(N'2016-03-31 11:34:43.970' AS DateTime))
INSERT [dbo].[ZnodePimFrontendProperties] ([ZnodePimFrontendPropertiesId], [PimAttributeId], [IsComparable], [IsLayeredNavigation], [IsPromoRuleCondition], [IsHtmlTags], [CreatedBy], [CreatedDate], [ModifiedBy], [ModifiedDate]) VALUES (223, 245, 0, 0, 0, 0, 2, CAST(N'2016-04-13 07:31:03.310' AS DateTime), 2, CAST(N'2016-04-13 09:11:34.247' AS DateTime))
INSERT [dbo].[ZnodePimFrontendProperties] ([ZnodePimFrontendPropertiesId], [PimAttributeId], [IsComparable], [IsLayeredNavigation], [IsPromoRuleCondition], [IsHtmlTags], [CreatedBy], [CreatedDate], [ModifiedBy], [ModifiedDate]) VALUES (225, 247, 1, 1, 1, 1, 2, CAST(N'2016-04-13 08:57:44.093' AS DateTime), 2, CAST(N'2016-04-13 08:57:44.093' AS DateTime))
INSERT [dbo].[ZnodePimFrontendProperties] ([ZnodePimFrontendPropertiesId], [PimAttributeId], [IsComparable], [IsLayeredNavigation], [IsPromoRuleCondition], [IsHtmlTags], [CreatedBy], [CreatedDate], [ModifiedBy], [ModifiedDate]) VALUES (226, 248, 0, 0, 0, 0, 2, CAST(N'2016-04-13 09:16:50.840' AS DateTime), 2, CAST(N'2016-04-13 09:16:50.840' AS DateTime))
INSERT [dbo].[ZnodePimFrontendProperties] ([ZnodePimFrontendPropertiesId], [PimAttributeId], [IsComparable], [IsLayeredNavigation], [IsPromoRuleCondition], [IsHtmlTags], [CreatedBy], [CreatedDate], [ModifiedBy], [ModifiedDate]) VALUES (227, 249, 0, 0, 0, 0, 2, CAST(N'2016-04-13 09:17:56.500' AS DateTime), 2, CAST(N'2016-04-13 09:17:56.500' AS DateTime))
INSERT [dbo].[ZnodePimFrontendProperties] ([ZnodePimFrontendPropertiesId], [PimAttributeId], [IsComparable], [IsLayeredNavigation], [IsPromoRuleCondition], [IsHtmlTags], [CreatedBy], [CreatedDate], [ModifiedBy], [ModifiedDate]) VALUES (228, 250, 0, 0, 0, 0, 2, CAST(N'2016-04-13 09:20:53.767' AS DateTime), 2, CAST(N'2016-04-13 09:20:53.767' AS DateTime))
INSERT [dbo].[ZnodePimFrontendProperties] ([ZnodePimFrontendPropertiesId], [PimAttributeId], [IsComparable], [IsLayeredNavigation], [IsPromoRuleCondition], [IsHtmlTags], [CreatedBy], [CreatedDate], [ModifiedBy], [ModifiedDate]) VALUES (229, 251, 0, 0, 0, 0, 2, CAST(N'2016-04-13 09:22:40.547' AS DateTime), 2, CAST(N'2016-04-13 09:22:40.547' AS DateTime))
INSERT [dbo].[ZnodePimFrontendProperties] ([ZnodePimFrontendPropertiesId], [PimAttributeId], [IsComparable], [IsLayeredNavigation], [IsPromoRuleCondition], [IsHtmlTags], [CreatedBy], [CreatedDate], [ModifiedBy], [ModifiedDate]) VALUES (230, 252, 0, 0, 0, 0, 2, CAST(N'2016-04-13 09:23:42.503' AS DateTime), 2, CAST(N'2016-04-13 09:23:42.503' AS DateTime))
INSERT [dbo].[ZnodePimFrontendProperties] ([ZnodePimFrontendPropertiesId], [PimAttributeId], [IsComparable], [IsLayeredNavigation], [IsPromoRuleCondition], [IsHtmlTags], [CreatedBy], [CreatedDate], [ModifiedBy], [ModifiedDate]) VALUES (232, 254, 0, 0, 0, 0, 2, CAST(N'2016-04-13 09:42:27.573' AS DateTime), 2, CAST(N'2016-04-13 09:42:27.573' AS DateTime))
INSERT [dbo].[ZnodePimFrontendProperties] ([ZnodePimFrontendPropertiesId], [PimAttributeId], [IsComparable], [IsLayeredNavigation], [IsPromoRuleCondition], [IsHtmlTags], [CreatedBy], [CreatedDate], [ModifiedBy], [ModifiedDate]) VALUES (242, 264, 0, 0, 0, 0, 2, CAST(N'2016-04-13 11:08:41.893' AS DateTime), 2, CAST(N'2016-04-13 11:08:41.893' AS DateTime))
SET IDENTITY_INSERT [dbo].[ZnodePimFrontendProperties] OFF
SET IDENTITY_INSERT [dbo].[ZnodePimProduct] ON 

INSERT [dbo].[ZnodePimProduct] ([PimProductId], [CreatedBy], [CreatedDate], [ModifiedBy], [ModifiedDate]) VALUES (1, 1, CAST(N'2016-05-06 00:00:00.000' AS DateTime), 1, CAST(N'2016-05-06 00:00:00.000' AS DateTime))
SET IDENTITY_INSERT [dbo].[ZnodePimProduct] OFF
SET IDENTITY_INSERT [dbo].[ZnodePimAttributeDefaultValueLocale] ON 

INSERT [dbo].[ZnodePimAttributeDefaultValueLocale] ([PimAttributeDefaultValueLocaleId], [LocaleId], [PimAttributeDefaultValueId], [AttributeDefaultValue], [Description], [CreatedBy], [CreatedDate], [ModifiedBy], [ModifiedDate]) VALUES (25, 1, 14, N'SDS', NULL, 2, CAST(N'2016-03-31 10:31:21.867' AS DateTime), 2, CAST(N'2016-03-31 10:31:41.453' AS DateTime))
INSERT [dbo].[ZnodePimAttributeDefaultValueLocale] ([PimAttributeDefaultValueLocaleId], [LocaleId], [PimAttributeDefaultValueId], [AttributeDefaultValue], [Description], [CreatedBy], [CreatedDate], [ModifiedBy], [ModifiedDate]) VALUES (26, 2, 14, N'SDSD', NULL, 2, CAST(N'2016-03-31 10:31:21.917' AS DateTime), 2, CAST(N'2016-03-31 10:31:41.487' AS DateTime))
INSERT [dbo].[ZnodePimAttributeDefaultValueLocale] ([PimAttributeDefaultValueLocaleId], [LocaleId], [PimAttributeDefaultValueId], [AttributeDefaultValue], [Description], [CreatedBy], [CreatedDate], [ModifiedBy], [ModifiedDate]) VALUES (27, 7, 14, N'adsfdf', NULL, 2, CAST(N'2016-03-31 10:31:21.937' AS DateTime), 2, CAST(N'2016-03-31 10:31:41.523' AS DateTime))
INSERT [dbo].[ZnodePimAttributeDefaultValueLocale] ([PimAttributeDefaultValueLocaleId], [LocaleId], [PimAttributeDefaultValueId], [AttributeDefaultValue], [Description], [CreatedBy], [CreatedDate], [ModifiedBy], [ModifiedDate]) VALUES (28, 8, 14, N'sachin', NULL, 2, CAST(N'2016-03-31 10:31:21.960' AS DateTime), 2, CAST(N'2016-03-31 10:31:41.603' AS DateTime))
INSERT [dbo].[ZnodePimAttributeDefaultValueLocale] ([PimAttributeDefaultValueLocaleId], [LocaleId], [PimAttributeDefaultValueId], [AttributeDefaultValue], [Description], [CreatedBy], [CreatedDate], [ModifiedBy], [ModifiedDate]) VALUES (333, 1, 151, N'Simple Product', NULL, 2, CAST(N'2016-04-13 08:54:40.297' AS DateTime), 2, CAST(N'2016-04-13 08:54:40.297' AS DateTime))
INSERT [dbo].[ZnodePimAttributeDefaultValueLocale] ([PimAttributeDefaultValueLocaleId], [LocaleId], [PimAttributeDefaultValueId], [AttributeDefaultValue], [Description], [CreatedBy], [CreatedDate], [ModifiedBy], [ModifiedDate]) VALUES (334, 2, 151, N'Simple Product-FR', NULL, 2, CAST(N'2016-04-13 08:54:40.310' AS DateTime), 2, CAST(N'2016-04-13 08:54:40.310' AS DateTime))
INSERT [dbo].[ZnodePimAttributeDefaultValueLocale] ([PimAttributeDefaultValueLocaleId], [LocaleId], [PimAttributeDefaultValueId], [AttributeDefaultValue], [Description], [CreatedBy], [CreatedDate], [ModifiedBy], [ModifiedDate]) VALUES (335, 1, 152, N'Grouped Product', NULL, 2, CAST(N'2016-04-13 08:55:11.710' AS DateTime), 2, CAST(N'2016-04-13 08:55:11.710' AS DateTime))
INSERT [dbo].[ZnodePimAttributeDefaultValueLocale] ([PimAttributeDefaultValueLocaleId], [LocaleId], [PimAttributeDefaultValueId], [AttributeDefaultValue], [Description], [CreatedBy], [CreatedDate], [ModifiedBy], [ModifiedDate]) VALUES (336, 2, 152, N'Grouped Product-FR', NULL, 2, CAST(N'2016-04-13 08:55:11.720' AS DateTime), 2, CAST(N'2016-04-13 08:55:11.720' AS DateTime))
INSERT [dbo].[ZnodePimAttributeDefaultValueLocale] ([PimAttributeDefaultValueLocaleId], [LocaleId], [PimAttributeDefaultValueId], [AttributeDefaultValue], [Description], [CreatedBy], [CreatedDate], [ModifiedBy], [ModifiedDate]) VALUES (337, 1, 153, N'Bundle Product', NULL, 2, CAST(N'2016-04-13 08:56:11.523' AS DateTime), 2, CAST(N'2016-04-13 08:56:11.523' AS DateTime))
INSERT [dbo].[ZnodePimAttributeDefaultValueLocale] ([PimAttributeDefaultValueLocaleId], [LocaleId], [PimAttributeDefaultValueId], [AttributeDefaultValue], [Description], [CreatedBy], [CreatedDate], [ModifiedBy], [ModifiedDate]) VALUES (338, 2, 153, N'Bundle Product-FR', NULL, 2, CAST(N'2016-04-13 08:56:11.540' AS DateTime), 2, CAST(N'2016-04-13 08:56:11.540' AS DateTime))
INSERT [dbo].[ZnodePimAttributeDefaultValueLocale] ([PimAttributeDefaultValueLocaleId], [LocaleId], [PimAttributeDefaultValueId], [AttributeDefaultValue], [Description], [CreatedBy], [CreatedDate], [ModifiedBy], [ModifiedDate]) VALUES (339, 1, 154, N'Configurable Product', NULL, 2, CAST(N'2016-04-13 08:56:37.907' AS DateTime), 2, CAST(N'2016-04-13 08:56:37.907' AS DateTime))
INSERT [dbo].[ZnodePimAttributeDefaultValueLocale] ([PimAttributeDefaultValueLocaleId], [LocaleId], [PimAttributeDefaultValueId], [AttributeDefaultValue], [Description], [CreatedBy], [CreatedDate], [ModifiedBy], [ModifiedDate]) VALUES (340, 2, 154, N'Configurable Product-FR', NULL, 2, CAST(N'2016-04-13 08:56:37.920' AS DateTime), 2, CAST(N'2016-04-13 08:56:37.920' AS DateTime))
INSERT [dbo].[ZnodePimAttributeDefaultValueLocale] ([PimAttributeDefaultValueLocaleId], [LocaleId], [PimAttributeDefaultValueId], [AttributeDefaultValue], [Description], [CreatedBy], [CreatedDate], [ModifiedBy], [ModifiedDate]) VALUES (341, 1, 155, N'MultiselectDem', NULL, 2, CAST(N'2016-04-13 08:57:52.697' AS DateTime), 2, CAST(N'2016-04-13 08:59:02.427' AS DateTime))
INSERT [dbo].[ZnodePimAttributeDefaultValueLocale] ([PimAttributeDefaultValueLocaleId], [LocaleId], [PimAttributeDefaultValueId], [AttributeDefaultValue], [Description], [CreatedBy], [CreatedDate], [ModifiedBy], [ModifiedDate]) VALUES (342, 2, 155, N'MultiselectDem', NULL, 2, CAST(N'2016-04-13 08:57:52.713' AS DateTime), 2, CAST(N'2016-04-13 08:59:02.440' AS DateTime))
INSERT [dbo].[ZnodePimAttributeDefaultValueLocale] ([PimAttributeDefaultValueLocaleId], [LocaleId], [PimAttributeDefaultValueId], [AttributeDefaultValue], [Description], [CreatedBy], [CreatedDate], [ModifiedBy], [ModifiedDate]) VALUES (377, 1, 194, N'All', NULL, 2, CAST(N'2016-04-13 10:26:59.947' AS DateTime), 2, CAST(N'2016-04-13 10:26:59.947' AS DateTime))
INSERT [dbo].[ZnodePimAttributeDefaultValueLocale] ([PimAttributeDefaultValueLocaleId], [LocaleId], [PimAttributeDefaultValueId], [AttributeDefaultValue], [Description], [CreatedBy], [CreatedDate], [ModifiedBy], [ModifiedDate]) VALUES (378, 2, 194, N'All-fr', NULL, 2, CAST(N'2016-04-13 10:26:59.957' AS DateTime), 2, CAST(N'2016-04-13 10:26:59.957' AS DateTime))
INSERT [dbo].[ZnodePimAttributeDefaultValueLocale] ([PimAttributeDefaultValueLocaleId], [LocaleId], [PimAttributeDefaultValueId], [AttributeDefaultValue], [Description], [CreatedBy], [CreatedDate], [ModifiedBy], [ModifiedDate]) VALUES (379, 1, 196, N'', NULL, 2, CAST(N'2016-04-13 10:29:08.930' AS DateTime), 2, CAST(N'2016-04-13 10:29:08.930' AS DateTime))
INSERT [dbo].[ZnodePimAttributeDefaultValueLocale] ([PimAttributeDefaultValueLocaleId], [LocaleId], [PimAttributeDefaultValueId], [AttributeDefaultValue], [Description], [CreatedBy], [CreatedDate], [ModifiedBy], [ModifiedDate]) VALUES (380, 2, 196, N'', NULL, 2, CAST(N'2016-04-13 10:29:08.943' AS DateTime), 2, CAST(N'2016-04-13 10:29:08.943' AS DateTime))
SET IDENTITY_INSERT [dbo].[ZnodePimAttributeDefaultValueLocale] OFF
SET IDENTITY_INSERT [dbo].[ZnodeSupplierTypes] ON 

INSERT [dbo].[ZnodeSupplierTypes] ([SupplierTypeID], [ClassName], [Name], [Description], [IsActive], [CreatedBy], [CreatedDate], [ModifiedBy], [ModifiedDate]) VALUES (2, N'ZnodeSupplierEmail', N'Email', N'Sends an email receipt of the order to the supplier.', 1, 2, CAST(N'2016-03-14 09:57:09.330' AS DateTime), 2, CAST(N'2016-03-31 13:49:47.803' AS DateTime))
INSERT [dbo].[ZnodeSupplierTypes] ([SupplierTypeID], [ClassName], [Name], [Description], [IsActive], [CreatedBy], [CreatedDate], [ModifiedBy], [ModifiedDate]) VALUES (3, N'ZnodeSupplierWebService', N'Web Service', N'Invokes a web service call of the supplier.', 1, 2, CAST(N'2016-03-14 14:40:26.010' AS DateTime), 2, CAST(N'2016-03-31 13:42:59.717' AS DateTime))
SET IDENTITY_INSERT [dbo].[ZnodeSupplierTypes] OFF
SET IDENTITY_INSERT [dbo].[ZnodeTaxClass] ON 

INSERT [dbo].[ZnodeTaxClass] ([TaxClassId], [PortalId], [Name], [IsActive], [DisplayOrder], [ExternalId], [CreatedBy], [CreatedDate], [ModifiedBy], [ModifiedDate]) VALUES (16, NULL, N'Sales Tax', 1, 2, NULL, 2, CAST(N'2016-03-17 06:25:58.143' AS DateTime), 2, CAST(N'2016-04-01 10:05:00.443' AS DateTime))
INSERT [dbo].[ZnodeTaxClass] ([TaxClassId], [PortalId], [Name], [IsActive], [DisplayOrder], [ExternalId], [CreatedBy], [CreatedDate], [ModifiedBy], [ModifiedDate]) VALUES (30, NULL, N'Income Tax', 1, 3, NULL, 2, CAST(N'2016-02-22 11:30:13.227' AS DateTime), 2, CAST(N'2016-02-22 11:30:13.227' AS DateTime))
SET IDENTITY_INSERT [dbo].[ZnodeTaxClass] OFF
SET IDENTITY_INSERT [dbo].[ZnodeTaxRuleTypes] ON 

INSERT [dbo].[ZnodeTaxRuleTypes] ([TaxRuleTypeId], [PortalId], [ClassName], [Name], [Description], [IsActive], [CreatedBy], [CreatedDate], [ModifiedBy], [ModifiedDate]) VALUES (30, NULL, N'ZnodeTaxSalesTax', N'Sales Tax', N'Applies sales tax to the shopping cart.', 0, 2, CAST(N'2016-03-18 11:21:17.740' AS DateTime), 2, CAST(N'2016-04-01 14:02:59.740' AS DateTime))
SET IDENTITY_INSERT [dbo].[ZnodeTaxRuleTypes] OFF
SET IDENTITY_INSERT [dbo].[ZnodePimFamilyLocale] ON 

INSERT [dbo].[ZnodePimFamilyLocale] ([PimFamilyLocaleId], [LocaleId], [PimAttributeFamilyId], [AttributeFamilyName], [Label], [Description], [CreatedBy], [CreatedDate], [ModifiedBy], [ModifiedDate]) VALUES (2, 1, 28, N'CategoryDefault', N'CategoryDefault', N'CategoryDefault', 1, CAST(N'2016-05-06 00:00:00.000' AS DateTime), 1, CAST(N'2016-05-06 00:00:00.000' AS DateTime))
INSERT [dbo].[ZnodePimFamilyLocale] ([PimFamilyLocaleId], [LocaleId], [PimAttributeFamilyId], [AttributeFamilyName], [Label], [Description], [CreatedBy], [CreatedDate], [ModifiedBy], [ModifiedDate]) VALUES (3, 1, 27, N'DefaultFamily', N'DefaultFamily', N'DefaultFamily', 1, CAST(N'2016-05-06 00:00:00.000' AS DateTime), 1, CAST(N'2016-05-06 00:00:00.000' AS DateTime))
SET IDENTITY_INSERT [dbo].[ZnodePimFamilyLocale] OFF
SET IDENTITY_INSERT [dbo].[ZnodeTheme] ON 

INSERT [dbo].[ZnodeTheme] ([ThemeId], [ThemeName], [CreatedBy], [CreatedDate], [ModifiedBy], [ModifiedDate]) VALUES (1, N'Default', 2, CAST(N'1905-06-20 00:00:00.000' AS DateTime), 2, CAST(N'1905-06-20 00:00:00.000' AS DateTime))
INSERT [dbo].[ZnodeTheme] ([ThemeId], [ThemeName], [CreatedBy], [CreatedDate], [ModifiedBy], [ModifiedDate]) VALUES (2, N'B2B', 2, CAST(N'1905-06-20 00:00:00.000' AS DateTime), 2, CAST(N'1905-06-20 00:00:00.000' AS DateTime))
INSERT [dbo].[ZnodeTheme] ([ThemeId], [ThemeName], [CreatedBy], [CreatedDate], [ModifiedBy], [ModifiedDate]) VALUES (3, N'Specialty', 2, CAST(N'1905-06-20 00:00:00.000' AS DateTime), 2, CAST(N'1905-06-20 00:00:00.000' AS DateTime))
SET IDENTITY_INSERT [dbo].[ZnodeTheme] OFF
SET IDENTITY_INSERT [dbo].[ZnodePimCatalog] ON 

INSERT [dbo].[ZnodePimCatalog] ([PimCatalogId], [CatalogName], [IsActive], [ExternalId], [CreatedBy], [CreatedDate], [ModifiedBy], [ModifiedDate]) VALUES (1, N'Znode', 1, NULL, 2, CAST(N'2016-05-06 08:20:30.857' AS DateTime), 2, CAST(N'2016-05-06 08:20:30.857' AS DateTime))
SET IDENTITY_INSERT [dbo].[ZnodePimCatalog] OFF
SET IDENTITY_INSERT [dbo].[ZnodeCSS] ON 

INSERT [dbo].[ZnodeCSS] ([CssId], [ThemeId], [CssName], [CreatedBy], [CreatedDate], [ModifiedBy], [ModifiedDate]) VALUES (1, 1, N'Default', 2, CAST(N'1905-06-20 00:00:00.000' AS DateTime), 2, CAST(N'1905-06-20 00:00:00.000' AS DateTime))
INSERT [dbo].[ZnodeCSS] ([CssId], [ThemeId], [CssName], [CreatedBy], [CreatedDate], [ModifiedBy], [ModifiedDate]) VALUES (2, 2, N'Default', 2, CAST(N'1905-06-20 00:00:00.000' AS DateTime), 2, CAST(N'1905-06-20 00:00:00.000' AS DateTime))
INSERT [dbo].[ZnodeCSS] ([CssId], [ThemeId], [CssName], [CreatedBy], [CreatedDate], [ModifiedBy], [ModifiedDate]) VALUES (3, 3, N'Default', 2, CAST(N'1905-06-20 00:00:00.000' AS DateTime), 2, CAST(N'1905-06-20 00:00:00.000' AS DateTime))
SET IDENTITY_INSERT [dbo].[ZnodeCSS] OFF
SET IDENTITY_INSERT [dbo].[ZnodePimAttributeGroupLocale] ON 

INSERT [dbo].[ZnodePimAttributeGroupLocale] ([PimAttributeGroupLocaleId], [LocaleId], [PimAttributeGroupId], [AttributeGroupName], [Description], [CreatedBy], [CreatedDate], [ModifiedBy], [ModifiedDate]) VALUES (140, 1, 74, N'Product Info', NULL, 2, CAST(N'2016-04-13 07:26:00.723' AS DateTime), 2, CAST(N'2016-04-13 07:26:00.723' AS DateTime))
INSERT [dbo].[ZnodePimAttributeGroupLocale] ([PimAttributeGroupLocaleId], [LocaleId], [PimAttributeGroupId], [AttributeGroupName], [Description], [CreatedBy], [CreatedDate], [ModifiedBy], [ModifiedDate]) VALUES (141, 2, 74, N'Product Info-FR', NULL, 2, CAST(N'2016-04-13 07:26:00.723' AS DateTime), 2, CAST(N'2016-04-13 07:26:00.723' AS DateTime))
INSERT [dbo].[ZnodePimAttributeGroupLocale] ([PimAttributeGroupLocaleId], [LocaleId], [PimAttributeGroupId], [AttributeGroupName], [Description], [CreatedBy], [CreatedDate], [ModifiedBy], [ModifiedDate]) VALUES (156, 1, 83, N'Image', NULL, 2, CAST(N'2016-04-13 11:01:13.617' AS DateTime), 2, CAST(N'2016-04-13 11:01:13.617' AS DateTime))
INSERT [dbo].[ZnodePimAttributeGroupLocale] ([PimAttributeGroupLocaleId], [LocaleId], [PimAttributeGroupId], [AttributeGroupName], [Description], [CreatedBy], [CreatedDate], [ModifiedBy], [ModifiedDate]) VALUES (157, 2, 83, N'Image-FR', NULL, 2, CAST(N'2016-04-13 11:01:13.617' AS DateTime), 2, CAST(N'2016-04-13 11:01:13.617' AS DateTime))
INSERT [dbo].[ZnodePimAttributeGroupLocale] ([PimAttributeGroupLocaleId], [LocaleId], [PimAttributeGroupId], [AttributeGroupName], [Description], [CreatedBy], [CreatedDate], [ModifiedBy], [ModifiedDate]) VALUES (158, 1, 84, N'Gallery Images', NULL, 2, CAST(N'2016-04-13 11:07:25.787' AS DateTime), 2, CAST(N'2016-04-13 11:07:25.787' AS DateTime))
INSERT [dbo].[ZnodePimAttributeGroupLocale] ([PimAttributeGroupLocaleId], [LocaleId], [PimAttributeGroupId], [AttributeGroupName], [Description], [CreatedBy], [CreatedDate], [ModifiedBy], [ModifiedDate]) VALUES (159, 2, 84, N'Gallery Images-FR', NULL, 2, CAST(N'2016-04-13 11:07:25.787' AS DateTime), 2, CAST(N'2016-04-13 11:07:25.787' AS DateTime))
INSERT [dbo].[ZnodePimAttributeGroupLocale] ([PimAttributeGroupLocaleId], [LocaleId], [PimAttributeGroupId], [AttributeGroupName], [Description], [CreatedBy], [CreatedDate], [ModifiedBy], [ModifiedDate]) VALUES (160, 1, 85, N'Personalization', NULL, 2, CAST(N'2016-04-13 11:08:09.407' AS DateTime), 2, CAST(N'2016-04-13 11:09:47.337' AS DateTime))
INSERT [dbo].[ZnodePimAttributeGroupLocale] ([PimAttributeGroupLocaleId], [LocaleId], [PimAttributeGroupId], [AttributeGroupName], [Description], [CreatedBy], [CreatedDate], [ModifiedBy], [ModifiedDate]) VALUES (161, 2, 85, N'Personalization-Fr', NULL, 2, CAST(N'2016-04-13 11:08:09.407' AS DateTime), 2, CAST(N'2016-04-13 11:09:47.367' AS DateTime))
INSERT [dbo].[ZnodePimAttributeGroupLocale] ([PimAttributeGroupLocaleId], [LocaleId], [PimAttributeGroupId], [AttributeGroupName], [Description], [CreatedBy], [CreatedDate], [ModifiedBy], [ModifiedDate]) VALUES (162, 1, 86, N'Related Products', NULL, 2, CAST(N'2016-04-13 11:15:27.917' AS DateTime), 2, CAST(N'2016-04-13 11:15:27.917' AS DateTime))
INSERT [dbo].[ZnodePimAttributeGroupLocale] ([PimAttributeGroupLocaleId], [LocaleId], [PimAttributeGroupId], [AttributeGroupName], [Description], [CreatedBy], [CreatedDate], [ModifiedBy], [ModifiedDate]) VALUES (163, 2, 86, N'Related Products-FR', NULL, 2, CAST(N'2016-04-13 11:15:27.917' AS DateTime), 2, CAST(N'2016-04-13 11:15:27.917' AS DateTime))
INSERT [dbo].[ZnodePimAttributeGroupLocale] ([PimAttributeGroupLocaleId], [LocaleId], [PimAttributeGroupId], [AttributeGroupName], [Description], [CreatedBy], [CreatedDate], [ModifiedBy], [ModifiedDate]) VALUES (164, 1, 87, N'Custom Fields', NULL, 2, CAST(N'2016-04-13 11:16:45.013' AS DateTime), 2, CAST(N'2016-04-13 11:16:45.013' AS DateTime))
INSERT [dbo].[ZnodePimAttributeGroupLocale] ([PimAttributeGroupLocaleId], [LocaleId], [PimAttributeGroupId], [AttributeGroupName], [Description], [CreatedBy], [CreatedDate], [ModifiedBy], [ModifiedDate]) VALUES (165, 2, 87, N'Custom Fields-FR', NULL, 2, CAST(N'2016-04-13 11:16:45.013' AS DateTime), 2, CAST(N'2016-04-13 11:16:45.013' AS DateTime))
INSERT [dbo].[ZnodePimAttributeGroupLocale] ([PimAttributeGroupLocaleId], [LocaleId], [PimAttributeGroupId], [AttributeGroupName], [Description], [CreatedBy], [CreatedDate], [ModifiedBy], [ModifiedDate]) VALUES (166, 1, 88, N' Add-on', NULL, 2, CAST(N'2016-04-13 11:17:52.477' AS DateTime), 2, CAST(N'2016-04-13 11:17:52.477' AS DateTime))
INSERT [dbo].[ZnodePimAttributeGroupLocale] ([PimAttributeGroupLocaleId], [LocaleId], [PimAttributeGroupId], [AttributeGroupName], [Description], [CreatedBy], [CreatedDate], [ModifiedBy], [ModifiedDate]) VALUES (167, 2, 88, N' Add-on-FR', NULL, 2, CAST(N'2016-04-13 11:17:52.477' AS DateTime), 2, CAST(N'2016-04-13 11:17:52.477' AS DateTime))
INSERT [dbo].[ZnodePimAttributeGroupLocale] ([PimAttributeGroupLocaleId], [LocaleId], [PimAttributeGroupId], [AttributeGroupName], [Description], [CreatedBy], [CreatedDate], [ModifiedBy], [ModifiedDate]) VALUES (239, 1, 109, N'Associated Products', NULL, 2, CAST(N'2016-04-18 10:59:14.220' AS DateTime), 2, CAST(N'2016-04-18 10:59:14.220' AS DateTime))
INSERT [dbo].[ZnodePimAttributeGroupLocale] ([PimAttributeGroupLocaleId], [LocaleId], [PimAttributeGroupId], [AttributeGroupName], [Description], [CreatedBy], [CreatedDate], [ModifiedBy], [ModifiedDate]) VALUES (240, 2, 109, N'Associated Products-FR', NULL, 2, CAST(N'2016-04-18 10:59:14.220' AS DateTime), 2, CAST(N'2016-04-18 10:59:14.220' AS DateTime))
INSERT [dbo].[ZnodePimAttributeGroupLocale] ([PimAttributeGroupLocaleId], [LocaleId], [PimAttributeGroupId], [AttributeGroupName], [Description], [CreatedBy], [CreatedDate], [ModifiedBy], [ModifiedDate]) VALUES (245, 1, 110, N'General Info', NULL, 2, CAST(N'2016-04-21 13:30:26.513' AS DateTime), 2, CAST(N'2016-04-21 13:30:26.513' AS DateTime))
INSERT [dbo].[ZnodePimAttributeGroupLocale] ([PimAttributeGroupLocaleId], [LocaleId], [PimAttributeGroupId], [AttributeGroupName], [Description], [CreatedBy], [CreatedDate], [ModifiedBy], [ModifiedDate]) VALUES (246, 2, 110, N'General Info-FR', NULL, 2, CAST(N'2016-04-21 13:30:26.513' AS DateTime), 2, CAST(N'2016-04-21 13:30:26.513' AS DateTime))
INSERT [dbo].[ZnodePimAttributeGroupLocale] ([PimAttributeGroupLocaleId], [LocaleId], [PimAttributeGroupId], [AttributeGroupName], [Description], [CreatedBy], [CreatedDate], [ModifiedBy], [ModifiedDate]) VALUES (247, 1, 111, N'Descriptions', NULL, 2, CAST(N'2016-04-21 13:31:02.510' AS DateTime), 2, CAST(N'2016-04-21 13:31:02.510' AS DateTime))
INSERT [dbo].[ZnodePimAttributeGroupLocale] ([PimAttributeGroupLocaleId], [LocaleId], [PimAttributeGroupId], [AttributeGroupName], [Description], [CreatedBy], [CreatedDate], [ModifiedBy], [ModifiedDate]) VALUES (248, 2, 111, N'Descriptions-FR', NULL, 2, CAST(N'2016-04-21 13:31:02.510' AS DateTime), 2, CAST(N'2016-04-21 13:31:02.510' AS DateTime))
SET IDENTITY_INSERT [dbo].[ZnodePimAttributeGroupLocale] OFF
SET IDENTITY_INSERT [dbo].[ZnodeMediaAttribute] ON 

INSERT [dbo].[ZnodeMediaAttribute] ([MediaAttributeId], [ParentMediaAttributeId], [AttributeTypeId], [AttributeCode], [IsRequired], [IsLocalizable], [IsFilterable], [IsSystemDefined], [DisplayOrder], [HelpDescription], [CreatedBy], [CreatedDate], [ModifiedBy], [ModifiedDate]) VALUES (1, NULL, 5, N'Name', 1, 1, 0, 1, 1, N'', 2, CAST(N'2016-02-22 16:05:13.047' AS DateTime), 2, CAST(N'2016-04-06 05:17:21.233' AS DateTime))
INSERT [dbo].[ZnodeMediaAttribute] ([MediaAttributeId], [ParentMediaAttributeId], [AttributeTypeId], [AttributeCode], [IsRequired], [IsLocalizable], [IsFilterable], [IsSystemDefined], [DisplayOrder], [HelpDescription], [CreatedBy], [CreatedDate], [ModifiedBy], [ModifiedDate]) VALUES (2, NULL, 5, N'AlternateText', 0, 1, 0, 1, 2, N'', 2, CAST(N'2016-02-22 16:07:21.283' AS DateTime), 2, CAST(N'2016-04-06 04:56:01.327' AS DateTime))
INSERT [dbo].[ZnodeMediaAttribute] ([MediaAttributeId], [ParentMediaAttributeId], [AttributeTypeId], [AttributeCode], [IsRequired], [IsLocalizable], [IsFilterable], [IsSystemDefined], [DisplayOrder], [HelpDescription], [CreatedBy], [CreatedDate], [ModifiedBy], [ModifiedDate]) VALUES (3, NULL, 5, N'Sources', 0, 1, 0, 1, 3, N'', 2, CAST(N'2016-02-22 16:07:58.503' AS DateTime), 2, CAST(N'2016-04-06 04:56:33.967' AS DateTime))
INSERT [dbo].[ZnodeMediaAttribute] ([MediaAttributeId], [ParentMediaAttributeId], [AttributeTypeId], [AttributeCode], [IsRequired], [IsLocalizable], [IsFilterable], [IsSystemDefined], [DisplayOrder], [HelpDescription], [CreatedBy], [CreatedDate], [ModifiedBy], [ModifiedDate]) VALUES (4, NULL, 9, N'ShortDescription', 0, 1, 0, 1, 4, N'', 2, CAST(N'2016-02-22 16:09:28.253' AS DateTime), 2, CAST(N'2016-04-06 04:57:16.410' AS DateTime))
INSERT [dbo].[ZnodeMediaAttribute] ([MediaAttributeId], [ParentMediaAttributeId], [AttributeTypeId], [AttributeCode], [IsRequired], [IsLocalizable], [IsFilterable], [IsSystemDefined], [DisplayOrder], [HelpDescription], [CreatedBy], [CreatedDate], [ModifiedBy], [ModifiedDate]) VALUES (5, NULL, 9, N'LongDescription', 0, 1, 1, 1, 5, N'', 2, CAST(N'2016-02-22 16:10:55.077' AS DateTime), 2, CAST(N'2016-02-22 16:10:55.077' AS DateTime))
INSERT [dbo].[ZnodeMediaAttribute] ([MediaAttributeId], [ParentMediaAttributeId], [AttributeTypeId], [AttributeCode], [IsRequired], [IsLocalizable], [IsFilterable], [IsSystemDefined], [DisplayOrder], [HelpDescription], [CreatedBy], [CreatedDate], [ModifiedBy], [ModifiedDate]) VALUES (6, NULL, 5, N'Author', 1, 1, 1, 1, 6, N'', 2, CAST(N'2016-02-22 16:11:34.960' AS DateTime), 2, CAST(N'2016-02-22 16:11:34.960' AS DateTime))
INSERT [dbo].[ZnodeMediaAttribute] ([MediaAttributeId], [ParentMediaAttributeId], [AttributeTypeId], [AttributeCode], [IsRequired], [IsLocalizable], [IsFilterable], [IsSystemDefined], [DisplayOrder], [HelpDescription], [CreatedBy], [CreatedDate], [ModifiedBy], [ModifiedDate]) VALUES (7, NULL, 1, N'CreatedDate', 0, 1, 0, 1, 7, N'', 2, CAST(N'2016-02-22 16:12:44.457' AS DateTime), 2, CAST(N'2016-04-06 04:59:42.433' AS DateTime))
INSERT [dbo].[ZnodeMediaAttribute] ([MediaAttributeId], [ParentMediaAttributeId], [AttributeTypeId], [AttributeCode], [IsRequired], [IsLocalizable], [IsFilterable], [IsSystemDefined], [DisplayOrder], [HelpDescription], [CreatedBy], [CreatedDate], [ModifiedBy], [ModifiedDate]) VALUES (8, NULL, 1, N'ModifiedDate', 0, 1, 1, 1, 8, N'', 2, CAST(N'2016-02-22 16:13:27.330' AS DateTime), 2, CAST(N'2016-02-22 16:13:27.330' AS DateTime))
INSERT [dbo].[ZnodeMediaAttribute] ([MediaAttributeId], [ParentMediaAttributeId], [AttributeTypeId], [AttributeCode], [IsRequired], [IsLocalizable], [IsFilterable], [IsSystemDefined], [DisplayOrder], [HelpDescription], [CreatedBy], [CreatedDate], [ModifiedBy], [ModifiedDate]) VALUES (9, NULL, 9, N'Tags', 0, 1, 1, 1, 9, N'', 2, CAST(N'2016-02-22 16:14:24.953' AS DateTime), 2, CAST(N'2016-02-22 16:14:24.953' AS DateTime))
INSERT [dbo].[ZnodeMediaAttribute] ([MediaAttributeId], [ParentMediaAttributeId], [AttributeTypeId], [AttributeCode], [IsRequired], [IsLocalizable], [IsFilterable], [IsSystemDefined], [DisplayOrder], [HelpDescription], [CreatedBy], [CreatedDate], [ModifiedBy], [ModifiedDate]) VALUES (10, NULL, 5, N'Type', 1, 1, 1, 1, 10, N'', 2, CAST(N'2016-02-22 16:15:03.293' AS DateTime), 2, CAST(N'2016-02-22 16:15:03.293' AS DateTime))
INSERT [dbo].[ZnodeMediaAttribute] ([MediaAttributeId], [ParentMediaAttributeId], [AttributeTypeId], [AttributeCode], [IsRequired], [IsLocalizable], [IsFilterable], [IsSystemDefined], [DisplayOrder], [HelpDescription], [CreatedBy], [CreatedDate], [ModifiedBy], [ModifiedDate]) VALUES (11, NULL, 5, N'Size', 1, 1, 1, 1, 11, N'', 2, CAST(N'2016-02-22 16:15:25.627' AS DateTime), 2, CAST(N'2016-02-22 16:15:25.627' AS DateTime))
INSERT [dbo].[ZnodeMediaAttribute] ([MediaAttributeId], [ParentMediaAttributeId], [AttributeTypeId], [AttributeCode], [IsRequired], [IsLocalizable], [IsFilterable], [IsSystemDefined], [DisplayOrder], [HelpDescription], [CreatedBy], [CreatedDate], [ModifiedBy], [ModifiedDate]) VALUES (12, NULL, 5, N'AlternateURL', 0, 1, 1, 1, 12, N'', 2, CAST(N'2016-02-22 16:16:11.953' AS DateTime), 2, CAST(N'2016-02-22 16:16:11.953' AS DateTime))
INSERT [dbo].[ZnodeMediaAttribute] ([MediaAttributeId], [ParentMediaAttributeId], [AttributeTypeId], [AttributeCode], [IsRequired], [IsLocalizable], [IsFilterable], [IsSystemDefined], [DisplayOrder], [HelpDescription], [CreatedBy], [CreatedDate], [ModifiedBy], [ModifiedDate]) VALUES (13, NULL, 5, N'Dimension', 1, 1, 1, 1, 13, N'', 2, CAST(N'2016-02-22 16:16:46.527' AS DateTime), 2, CAST(N'2016-02-22 16:16:46.527' AS DateTime))
INSERT [dbo].[ZnodeMediaAttribute] ([MediaAttributeId], [ParentMediaAttributeId], [AttributeTypeId], [AttributeCode], [IsRequired], [IsLocalizable], [IsFilterable], [IsSystemDefined], [DisplayOrder], [HelpDescription], [CreatedBy], [CreatedDate], [ModifiedBy], [ModifiedDate]) VALUES (14, NULL, 5, N'Width', 1, 1, 0, 1, 14, N'', 2, CAST(N'2016-02-22 16:17:16.160' AS DateTime), 2, CAST(N'2016-04-06 05:14:29.093' AS DateTime))
INSERT [dbo].[ZnodeMediaAttribute] ([MediaAttributeId], [ParentMediaAttributeId], [AttributeTypeId], [AttributeCode], [IsRequired], [IsLocalizable], [IsFilterable], [IsSystemDefined], [DisplayOrder], [HelpDescription], [CreatedBy], [CreatedDate], [ModifiedBy], [ModifiedDate]) VALUES (15, NULL, 5, N'Height', 1, 1, 1, 1, 15, N'', 2, CAST(N'2016-02-22 16:17:52.977' AS DateTime), 2, CAST(N'2016-02-22 16:17:52.977' AS DateTime))
INSERT [dbo].[ZnodeMediaAttribute] ([MediaAttributeId], [ParentMediaAttributeId], [AttributeTypeId], [AttributeCode], [IsRequired], [IsLocalizable], [IsFilterable], [IsSystemDefined], [DisplayOrder], [HelpDescription], [CreatedBy], [CreatedDate], [ModifiedBy], [ModifiedDate]) VALUES (16, NULL, 5, N'VideoDuration', 0, 1, 1, 1, 16, N'', 2, CAST(N'2016-02-22 16:19:01.953' AS DateTime), 2, CAST(N'2016-02-22 16:19:01.953' AS DateTime))
INSERT [dbo].[ZnodeMediaAttribute] ([MediaAttributeId], [ParentMediaAttributeId], [AttributeTypeId], [AttributeCode], [IsRequired], [IsLocalizable], [IsFilterable], [IsSystemDefined], [DisplayOrder], [HelpDescription], [CreatedBy], [CreatedDate], [ModifiedBy], [ModifiedDate]) VALUES (17, NULL, 5, N'AudioDuration', 0, 1, 1, 1, 17, N'', 2, CAST(N'2016-02-22 16:19:33.327' AS DateTime), 2, CAST(N'2016-02-22 16:19:33.327' AS DateTime))
INSERT [dbo].[ZnodeMediaAttribute] ([MediaAttributeId], [ParentMediaAttributeId], [AttributeTypeId], [AttributeCode], [IsRequired], [IsLocalizable], [IsFilterable], [IsSystemDefined], [DisplayOrder], [HelpDescription], [CreatedBy], [CreatedDate], [ModifiedBy], [ModifiedDate]) VALUES (19, NULL, 4, N'Image', 1, 1, 0, 1, 18, N'', 2, CAST(N'2016-02-22 16:36:29.887' AS DateTime), 2, CAST(N'2016-05-06 10:23:08.617' AS DateTime))
INSERT [dbo].[ZnodeMediaAttribute] ([MediaAttributeId], [ParentMediaAttributeId], [AttributeTypeId], [AttributeCode], [IsRequired], [IsLocalizable], [IsFilterable], [IsSystemDefined], [DisplayOrder], [HelpDescription], [CreatedBy], [CreatedDate], [ModifiedBy], [ModifiedDate]) VALUES (20, NULL, 2, N'File', 1, 1, 0, 1, 19, N'', 2, CAST(N'2016-02-22 16:37:18.533' AS DateTime), 2, CAST(N'2016-05-06 10:59:09.013' AS DateTime))
INSERT [dbo].[ZnodeMediaAttribute] ([MediaAttributeId], [ParentMediaAttributeId], [AttributeTypeId], [AttributeCode], [IsRequired], [IsLocalizable], [IsFilterable], [IsSystemDefined], [DisplayOrder], [HelpDescription], [CreatedBy], [CreatedDate], [ModifiedBy], [ModifiedDate]) VALUES (21, NULL, 20, N'Video', 1, 1, 0, 1, 20, N'', 2, CAST(N'2016-02-22 16:38:05.667' AS DateTime), 2, CAST(N'2016-05-06 11:07:43.233' AS DateTime))
INSERT [dbo].[ZnodeMediaAttribute] ([MediaAttributeId], [ParentMediaAttributeId], [AttributeTypeId], [AttributeCode], [IsRequired], [IsLocalizable], [IsFilterable], [IsSystemDefined], [DisplayOrder], [HelpDescription], [CreatedBy], [CreatedDate], [ModifiedBy], [ModifiedDate]) VALUES (22, NULL, 21, N'Audio', 1, 1, 0, 1, 21, N'', 2, CAST(N'2016-02-22 16:38:53.493' AS DateTime), 2, CAST(N'2016-05-06 11:35:58.293' AS DateTime))
INSERT [dbo].[ZnodeMediaAttribute] ([MediaAttributeId], [ParentMediaAttributeId], [AttributeTypeId], [AttributeCode], [IsRequired], [IsLocalizable], [IsFilterable], [IsSystemDefined], [DisplayOrder], [HelpDescription], [CreatedBy], [CreatedDate], [ModifiedBy], [ModifiedDate]) VALUES (23, NULL, 5, N'ImageName', 1, 1, 0, 1, 22, N'', 2, CAST(N'2016-04-05 14:00:59.037' AS DateTime), 2, CAST(N'2016-04-05 14:01:44.430' AS DateTime))
INSERT [dbo].[ZnodeMediaAttribute] ([MediaAttributeId], [ParentMediaAttributeId], [AttributeTypeId], [AttributeCode], [IsRequired], [IsLocalizable], [IsFilterable], [IsSystemDefined], [DisplayOrder], [HelpDescription], [CreatedBy], [CreatedDate], [ModifiedBy], [ModifiedDate]) VALUES (24, NULL, 9, N'TextDiscription', 1, 1, 0, 1, 23, N'', 2, CAST(N'2016-04-05 14:08:32.673' AS DateTime), 2, CAST(N'2016-04-05 14:08:46.483' AS DateTime))
SET IDENTITY_INSERT [dbo].[ZnodeMediaAttribute] OFF
SET IDENTITY_INSERT [dbo].[ZnodeMediaAttributeValidation] ON 

INSERT [dbo].[ZnodeMediaAttributeValidation] ([MediaAttributeValidationId], [MediaAttributeId], [InputValidationId], [InputValidationRuleId], [Name], [CreatedBy], [CreatedDate], [ModifiedBy], [ModifiedDate]) VALUES (4, 23, 8, NULL, NULL, 2, CAST(N'2016-04-05 14:01:44.600' AS DateTime), 2, CAST(N'2016-04-05 14:01:44.600' AS DateTime))
INSERT [dbo].[ZnodeMediaAttributeValidation] ([MediaAttributeValidationId], [MediaAttributeId], [InputValidationId], [InputValidationRuleId], [Name], [CreatedBy], [CreatedDate], [ModifiedBy], [ModifiedDate]) VALUES (7, 24, 24, NULL, N'200', 2, CAST(N'2016-04-05 14:08:46.637' AS DateTime), 2, CAST(N'2016-04-05 14:08:46.637' AS DateTime))
INSERT [dbo].[ZnodeMediaAttributeValidation] ([MediaAttributeValidationId], [MediaAttributeId], [InputValidationId], [InputValidationRuleId], [Name], [CreatedBy], [CreatedDate], [ModifiedBy], [ModifiedDate]) VALUES (12, 2, 8, NULL, NULL, 2, CAST(N'2016-04-06 04:56:01.467' AS DateTime), 2, CAST(N'2016-04-06 04:56:01.467' AS DateTime))
INSERT [dbo].[ZnodeMediaAttributeValidation] ([MediaAttributeValidationId], [MediaAttributeId], [InputValidationId], [InputValidationRuleId], [Name], [CreatedBy], [CreatedDate], [ModifiedBy], [ModifiedDate]) VALUES (16, 3, 8, NULL, NULL, 2, CAST(N'2016-04-06 04:56:34.090' AS DateTime), 2, CAST(N'2016-04-06 04:56:34.090' AS DateTime))
INSERT [dbo].[ZnodeMediaAttributeValidation] ([MediaAttributeValidationId], [MediaAttributeId], [InputValidationId], [InputValidationRuleId], [Name], [CreatedBy], [CreatedDate], [ModifiedBy], [ModifiedDate]) VALUES (17, 4, 24, NULL, N'200', 2, CAST(N'2016-04-06 04:57:16.523' AS DateTime), 2, CAST(N'2016-04-06 04:57:16.523' AS DateTime))
INSERT [dbo].[ZnodeMediaAttributeValidation] ([MediaAttributeValidationId], [MediaAttributeId], [InputValidationId], [InputValidationRuleId], [Name], [CreatedBy], [CreatedDate], [ModifiedBy], [ModifiedDate]) VALUES (19, 7, 1, NULL, N'01/01/2016', 2, CAST(N'2016-04-06 04:59:42.547' AS DateTime), 2, CAST(N'2016-04-06 04:59:42.547' AS DateTime))
INSERT [dbo].[ZnodeMediaAttributeValidation] ([MediaAttributeValidationId], [MediaAttributeId], [InputValidationId], [InputValidationRuleId], [Name], [CreatedBy], [CreatedDate], [ModifiedBy], [ModifiedDate]) VALUES (20, 7, 2, NULL, N'12/31/2016', 2, CAST(N'2016-04-06 04:59:42.547' AS DateTime), 2, CAST(N'2016-04-06 04:59:42.547' AS DateTime))
INSERT [dbo].[ZnodeMediaAttributeValidation] ([MediaAttributeValidationId], [MediaAttributeId], [InputValidationId], [InputValidationRuleId], [Name], [CreatedBy], [CreatedDate], [ModifiedBy], [ModifiedDate]) VALUES (23, 14, 14, NULL, N'0', 2, CAST(N'2016-04-06 05:14:29.250' AS DateTime), 2, CAST(N'2016-04-06 05:14:29.250' AS DateTime))
INSERT [dbo].[ZnodeMediaAttributeValidation] ([MediaAttributeValidationId], [MediaAttributeId], [InputValidationId], [InputValidationRuleId], [Name], [CreatedBy], [CreatedDate], [ModifiedBy], [ModifiedDate]) VALUES (24, 14, 15, NULL, N'100', 2, CAST(N'2016-04-06 05:14:29.250' AS DateTime), 2, CAST(N'2016-04-06 05:14:29.250' AS DateTime))
INSERT [dbo].[ZnodeMediaAttributeValidation] ([MediaAttributeValidationId], [MediaAttributeId], [InputValidationId], [InputValidationRuleId], [Name], [CreatedBy], [CreatedDate], [ModifiedBy], [ModifiedDate]) VALUES (26, 1, 8, NULL, NULL, 2, CAST(N'2016-04-06 05:17:21.350' AS DateTime), 2, CAST(N'2016-04-06 05:17:21.350' AS DateTime))
INSERT [dbo].[ZnodeMediaAttributeValidation] ([MediaAttributeValidationId], [MediaAttributeId], [InputValidationId], [InputValidationRuleId], [Name], [CreatedBy], [CreatedDate], [ModifiedBy], [ModifiedDate]) VALUES (34, 19, 16, NULL, N'', 2, CAST(N'2016-05-06 10:23:33.807' AS DateTime), 2, CAST(N'2016-05-06 10:23:33.807' AS DateTime))
INSERT [dbo].[ZnodeMediaAttributeValidation] ([MediaAttributeValidationId], [MediaAttributeId], [InputValidationId], [InputValidationRuleId], [Name], [CreatedBy], [CreatedDate], [ModifiedBy], [ModifiedDate]) VALUES (35, 19, 17, 46, NULL, 2, CAST(N'2016-05-06 10:23:33.807' AS DateTime), 2, CAST(N'2016-05-06 10:23:33.807' AS DateTime))
INSERT [dbo].[ZnodeMediaAttributeValidation] ([MediaAttributeValidationId], [MediaAttributeId], [InputValidationId], [InputValidationRuleId], [Name], [CreatedBy], [CreatedDate], [ModifiedBy], [ModifiedDate]) VALUES (36, 19, 17, 47, NULL, 2, CAST(N'2016-05-06 10:23:33.807' AS DateTime), 2, CAST(N'2016-05-06 10:23:33.807' AS DateTime))
INSERT [dbo].[ZnodeMediaAttributeValidation] ([MediaAttributeValidationId], [MediaAttributeId], [InputValidationId], [InputValidationRuleId], [Name], [CreatedBy], [CreatedDate], [ModifiedBy], [ModifiedDate]) VALUES (37, 19, 17, 48, NULL, 2, CAST(N'2016-05-06 10:23:33.807' AS DateTime), 2, CAST(N'2016-05-06 10:23:33.807' AS DateTime))
INSERT [dbo].[ZnodeMediaAttributeValidation] ([MediaAttributeValidationId], [MediaAttributeId], [InputValidationId], [InputValidationRuleId], [Name], [CreatedBy], [CreatedDate], [ModifiedBy], [ModifiedDate]) VALUES (38, 19, 17, 49, NULL, 2, CAST(N'2016-05-06 10:23:33.807' AS DateTime), 2, CAST(N'2016-05-06 10:23:33.807' AS DateTime))
INSERT [dbo].[ZnodeMediaAttributeValidation] ([MediaAttributeValidationId], [MediaAttributeId], [InputValidationId], [InputValidationRuleId], [Name], [CreatedBy], [CreatedDate], [ModifiedBy], [ModifiedDate]) VALUES (39, 20, 3, NULL, N'', 2, CAST(N'2016-05-06 10:59:33.397' AS DateTime), 2, CAST(N'2016-05-06 10:59:33.397' AS DateTime))
INSERT [dbo].[ZnodeMediaAttributeValidation] ([MediaAttributeValidationId], [MediaAttributeId], [InputValidationId], [InputValidationRuleId], [Name], [CreatedBy], [CreatedDate], [ModifiedBy], [ModifiedDate]) VALUES (40, 20, 4, 1, NULL, 2, CAST(N'2016-05-06 10:59:33.397' AS DateTime), 2, CAST(N'2016-05-06 10:59:33.397' AS DateTime))
INSERT [dbo].[ZnodeMediaAttributeValidation] ([MediaAttributeValidationId], [MediaAttributeId], [InputValidationId], [InputValidationRuleId], [Name], [CreatedBy], [CreatedDate], [ModifiedBy], [ModifiedDate]) VALUES (41, 20, 4, 2, NULL, 2, CAST(N'2016-05-06 10:59:33.397' AS DateTime), 2, CAST(N'2016-05-06 10:59:33.397' AS DateTime))
INSERT [dbo].[ZnodeMediaAttributeValidation] ([MediaAttributeValidationId], [MediaAttributeId], [InputValidationId], [InputValidationRuleId], [Name], [CreatedBy], [CreatedDate], [ModifiedBy], [ModifiedDate]) VALUES (42, 20, 4, 3, NULL, 2, CAST(N'2016-05-06 10:59:33.397' AS DateTime), 2, CAST(N'2016-05-06 10:59:33.397' AS DateTime))
INSERT [dbo].[ZnodeMediaAttributeValidation] ([MediaAttributeValidationId], [MediaAttributeId], [InputValidationId], [InputValidationRuleId], [Name], [CreatedBy], [CreatedDate], [ModifiedBy], [ModifiedDate]) VALUES (43, 20, 4, 4, NULL, 2, CAST(N'2016-05-06 10:59:33.397' AS DateTime), 2, CAST(N'2016-05-06 10:59:33.397' AS DateTime))
INSERT [dbo].[ZnodeMediaAttributeValidation] ([MediaAttributeValidationId], [MediaAttributeId], [InputValidationId], [InputValidationRuleId], [Name], [CreatedBy], [CreatedDate], [ModifiedBy], [ModifiedDate]) VALUES (44, 20, 4, 5, NULL, 2, CAST(N'2016-05-06 10:59:33.397' AS DateTime), 2, CAST(N'2016-05-06 10:59:33.397' AS DateTime))
INSERT [dbo].[ZnodeMediaAttributeValidation] ([MediaAttributeValidationId], [MediaAttributeId], [InputValidationId], [InputValidationRuleId], [Name], [CreatedBy], [CreatedDate], [ModifiedBy], [ModifiedDate]) VALUES (45, 20, 4, 6, NULL, 2, CAST(N'2016-05-06 10:59:33.397' AS DateTime), 2, CAST(N'2016-05-06 10:59:33.397' AS DateTime))
INSERT [dbo].[ZnodeMediaAttributeValidation] ([MediaAttributeValidationId], [MediaAttributeId], [InputValidationId], [InputValidationRuleId], [Name], [CreatedBy], [CreatedDate], [ModifiedBy], [ModifiedDate]) VALUES (46, 20, 4, 50, NULL, 2, CAST(N'2016-05-06 10:59:33.397' AS DateTime), 2, CAST(N'2016-05-06 10:59:33.397' AS DateTime))
INSERT [dbo].[ZnodeMediaAttributeValidation] ([MediaAttributeValidationId], [MediaAttributeId], [InputValidationId], [InputValidationRuleId], [Name], [CreatedBy], [CreatedDate], [ModifiedBy], [ModifiedDate]) VALUES (47, 20, 4, 71, NULL, 2, CAST(N'2016-05-06 10:59:33.397' AS DateTime), 2, CAST(N'2016-05-06 10:59:33.397' AS DateTime))
INSERT [dbo].[ZnodeMediaAttributeValidation] ([MediaAttributeValidationId], [MediaAttributeId], [InputValidationId], [InputValidationRuleId], [Name], [CreatedBy], [CreatedDate], [ModifiedBy], [ModifiedDate]) VALUES (48, 20, 4, 72, NULL, 2, CAST(N'2016-05-06 10:59:33.397' AS DateTime), 2, CAST(N'2016-05-06 10:59:33.397' AS DateTime))
INSERT [dbo].[ZnodeMediaAttributeValidation] ([MediaAttributeValidationId], [MediaAttributeId], [InputValidationId], [InputValidationRuleId], [Name], [CreatedBy], [CreatedDate], [ModifiedBy], [ModifiedDate]) VALUES (49, 20, 4, 73, NULL, 2, CAST(N'2016-05-06 10:59:33.397' AS DateTime), 2, CAST(N'2016-05-06 10:59:33.397' AS DateTime))
INSERT [dbo].[ZnodeMediaAttributeValidation] ([MediaAttributeValidationId], [MediaAttributeId], [InputValidationId], [InputValidationRuleId], [Name], [CreatedBy], [CreatedDate], [ModifiedBy], [ModifiedDate]) VALUES (50, 21, 3, NULL, N'', 2, CAST(N'2016-05-06 11:07:44.733' AS DateTime), 2, CAST(N'2016-05-06 11:07:44.733' AS DateTime))
INSERT [dbo].[ZnodeMediaAttributeValidation] ([MediaAttributeValidationId], [MediaAttributeId], [InputValidationId], [InputValidationRuleId], [Name], [CreatedBy], [CreatedDate], [ModifiedBy], [ModifiedDate]) VALUES (51, 21, 4, 71, NULL, 2, CAST(N'2016-05-06 11:07:44.733' AS DateTime), 2, CAST(N'2016-05-06 11:07:44.733' AS DateTime))
INSERT [dbo].[ZnodeMediaAttributeValidation] ([MediaAttributeValidationId], [MediaAttributeId], [InputValidationId], [InputValidationRuleId], [Name], [CreatedBy], [CreatedDate], [ModifiedBy], [ModifiedDate]) VALUES (52, 21, 4, 72, NULL, 2, CAST(N'2016-05-06 11:07:44.733' AS DateTime), 2, CAST(N'2016-05-06 11:07:44.733' AS DateTime))
INSERT [dbo].[ZnodeMediaAttributeValidation] ([MediaAttributeValidationId], [MediaAttributeId], [InputValidationId], [InputValidationRuleId], [Name], [CreatedBy], [CreatedDate], [ModifiedBy], [ModifiedDate]) VALUES (53, 21, 4, 73, NULL, 2, CAST(N'2016-05-06 11:07:44.733' AS DateTime), 2, CAST(N'2016-05-06 11:07:44.733' AS DateTime))
INSERT [dbo].[ZnodeMediaAttributeValidation] ([MediaAttributeValidationId], [MediaAttributeId], [InputValidationId], [InputValidationRuleId], [Name], [CreatedBy], [CreatedDate], [ModifiedBy], [ModifiedDate]) VALUES (54, 22, 3, NULL, N'', 2, CAST(N'2016-05-06 11:35:59.360' AS DateTime), 2, CAST(N'2016-05-06 11:35:59.360' AS DateTime))
INSERT [dbo].[ZnodeMediaAttributeValidation] ([MediaAttributeValidationId], [MediaAttributeId], [InputValidationId], [InputValidationRuleId], [Name], [CreatedBy], [CreatedDate], [ModifiedBy], [ModifiedDate]) VALUES (55, 22, 4, 71, NULL, 2, CAST(N'2016-05-06 11:35:59.360' AS DateTime), 2, CAST(N'2016-05-06 11:35:59.360' AS DateTime))
SET IDENTITY_INSERT [dbo].[ZnodeMediaAttributeValidation] OFF
SET IDENTITY_INSERT [dbo].[ZnodeLocale] ON 

INSERT [dbo].[ZnodeLocale] ([LocaleId], [Name], [Code], [IsActive], [IsDefault], [CreatedBy], [CreatedDate], [ModifiedBy], [ModifiedDate]) VALUES (1, N'English', NULL, 1, 1, 2, CAST(N'2016-02-22 11:30:13.227' AS DateTime), 2, CAST(N'2016-04-21 05:24:03.263' AS DateTime))
INSERT [dbo].[ZnodeLocale] ([LocaleId], [Name], [Code], [IsActive], [IsDefault], [CreatedBy], [CreatedDate], [ModifiedBy], [ModifiedDate]) VALUES (2, N'French', NULL, 1, 0, 2, CAST(N'2016-02-22 11:30:13.227' AS DateTime), 2, CAST(N'2016-05-06 07:29:19.263' AS DateTime))
INSERT [dbo].[ZnodeLocale] ([LocaleId], [Name], [Code], [IsActive], [IsDefault], [CreatedBy], [CreatedDate], [ModifiedBy], [ModifiedDate]) VALUES (7, N'German', NULL, 1, 0, 2, CAST(N'2016-02-22 11:30:13.227' AS DateTime), 2, CAST(N'2016-05-06 07:29:19.267' AS DateTime))
INSERT [dbo].[ZnodeLocale] ([LocaleId], [Name], [Code], [IsActive], [IsDefault], [CreatedBy], [CreatedDate], [ModifiedBy], [ModifiedDate]) VALUES (8, N'Arabic', NULL, 1, 0, 2, CAST(N'2016-02-22 11:30:13.227' AS DateTime), 2, CAST(N'2016-05-06 07:29:19.267' AS DateTime))
SET IDENTITY_INSERT [dbo].[ZnodeLocale] OFF
SET IDENTITY_INSERT [dbo].[ZnodeCurrency] ON 

INSERT [dbo].[ZnodeCurrency] ([CurrencyId], [CurrencyCode], [CurrencyName], [CurrencySuffix], [IsActive], [IsDefault], [Symbol], [CreatedBy], [CreatedDate], [ModifiedBy], [ModifiedDate]) VALUES (12, N'sq-AL', N'sq-AL', N'AL', 1, 0, N'AF', 4, CAST(N'2016-02-22 11:30:13.227' AS DateTime), 2, CAST(N'2016-05-06 07:28:37.523' AS DateTime))
INSERT [dbo].[ZnodeCurrency] ([CurrencyId], [CurrencyCode], [CurrencyName], [CurrencySuffix], [IsActive], [IsDefault], [Symbol], [CreatedBy], [CreatedDate], [ModifiedBy], [ModifiedDate]) VALUES (13, N' Renminbi (Yuan)', N' Renminbi (Yuan)', N'CHI', 1, 0, N'CH', 1, CAST(N'2016-02-22 11:30:13.227' AS DateTime), 2, CAST(N'2016-05-06 07:28:37.550' AS DateTime))
INSERT [dbo].[ZnodeCurrency] ([CurrencyId], [CurrencyCode], [CurrencyName], [CurrencySuffix], [IsActive], [IsDefault], [Symbol], [CreatedBy], [CreatedDate], [ModifiedBy], [ModifiedDate]) VALUES (14, N'fr-FR', N'fr-FR', N'FR', 1, 0, N'EU', 2, CAST(N'2016-02-22 11:30:13.227' AS DateTime), 2, CAST(N'2016-05-06 07:28:37.553' AS DateTime))
INSERT [dbo].[ZnodeCurrency] ([CurrencyId], [CurrencyCode], [CurrencyName], [CurrencySuffix], [IsActive], [IsDefault], [Symbol], [CreatedBy], [CreatedDate], [ModifiedBy], [ModifiedDate]) VALUES (15, N'en-US', N'en-US', N'USS', 1, 1, N'USS', 1, CAST(N'2016-02-22 11:30:13.227' AS DateTime), 2, CAST(N'2016-04-12 09:59:42.277' AS DateTime))
SET IDENTITY_INSERT [dbo].[ZnodeCurrency] OFF
SET IDENTITY_INSERT [dbo].[ZnodePortalUnit] ON 

INSERT [dbo].[ZnodePortalUnit] ([PortalUnitId], [PortalId], [CurrencyId], [WeightUnit], [DimensionUnit], [CreatedBy], [CreatedDate], [ModifiedBy], [ModifiedDate]) VALUES (27, NULL, 15, N'2', N'CM', 2, CAST(N'2016-04-01 07:23:18.187' AS DateTime), 2, CAST(N'2016-04-01 07:23:18.187' AS DateTime))
INSERT [dbo].[ZnodePortalUnit] ([PortalUnitId], [PortalId], [CurrencyId], [WeightUnit], [DimensionUnit], [CreatedBy], [CreatedDate], [ModifiedBy], [ModifiedDate]) VALUES (28, 2, 12, N'Lbs', N'IN', 2, CAST(N'2016-04-21 05:32:41.193' AS DateTime), 2, CAST(N'2016-04-21 05:32:41.193' AS DateTime))
SET IDENTITY_INSERT [dbo].[ZnodePortalUnit] OFF
SET IDENTITY_INSERT [dbo].[ZnodePortalFeature] ON 

INSERT [dbo].[ZnodePortalFeature] ([PortalFeatureId], [PortalFeatureName], [CreatedBy], [CreatedDate], [ModifiedBy], [ModifiedDate]) VALUES (1, N'Taxes_In_Product_Price', 2, CAST(N'1905-06-16 00:00:00.000' AS DateTime), 2, CAST(N'1905-06-16 00:00:00.000' AS DateTime))
INSERT [dbo].[ZnodePortalFeature] ([PortalFeatureId], [PortalFeatureName], [CreatedBy], [CreatedDate], [ModifiedBy], [ModifiedDate]) VALUES (2, N'Persistent_Cart', 2, CAST(N'1905-06-16 00:00:00.000' AS DateTime), 2, CAST(N'1905-06-16 00:00:00.000' AS DateTime))
INSERT [dbo].[ZnodePortalFeature] ([PortalFeatureId], [PortalFeatureName], [CreatedBy], [CreatedDate], [ModifiedBy], [ModifiedDate]) VALUES (3, N'Address_Validation', 2, CAST(N'1905-06-16 00:00:00.000' AS DateTime), 2, CAST(N'1905-06-16 00:00:00.000' AS DateTime))
INSERT [dbo].[ZnodePortalFeature] ([PortalFeatureId], [PortalFeatureName], [CreatedBy], [CreatedDate], [ModifiedBy], [ModifiedDate]) VALUES (4, N'Customer_Based_Pricing', 2, CAST(N'1905-06-16 00:00:00.000' AS DateTime), 2, CAST(N'1905-06-16 00:00:00.000' AS DateTime))
INSERT [dbo].[ZnodePortalFeature] ([PortalFeatureId], [PortalFeatureName], [CreatedBy], [CreatedDate], [ModifiedBy], [ModifiedDate]) VALUES (5, N'Allow_multiple_coupons', 2, CAST(N'1905-06-16 00:00:00.000' AS DateTime), 2, CAST(N'1905-06-16 00:00:00.000' AS DateTime))
INSERT [dbo].[ZnodePortalFeature] ([PortalFeatureId], [PortalFeatureName], [CreatedBy], [CreatedDate], [ModifiedBy], [ModifiedDate]) VALUES (6, N'Allow_Single_Page_Checkout', 2, CAST(N'1905-06-16 00:00:00.000' AS DateTime), 2, CAST(N'1905-06-16 00:00:00.000' AS DateTime))
SET IDENTITY_INSERT [dbo].[ZnodePortalFeature] OFF
SET IDENTITY_INSERT [dbo].[ZnodePortalFeatureMapper] ON 

INSERT [dbo].[ZnodePortalFeatureMapper] ([PortalFeatureMapperId], [PortalId], [PortalFeatureId], [PortalFeatureMapperValue], [CreatedBy], [CreatedDate], [ModifiedBy], [ModifiedDate]) VALUES (48, 2, 2, 0, 2, CAST(N'2016-04-13 07:19:01.983' AS DateTime), 2, CAST(N'2016-04-13 07:19:01.983' AS DateTime))
INSERT [dbo].[ZnodePortalFeatureMapper] ([PortalFeatureMapperId], [PortalId], [PortalFeatureId], [PortalFeatureMapperValue], [CreatedBy], [CreatedDate], [ModifiedBy], [ModifiedDate]) VALUES (49, 2, 3, 0, 2, CAST(N'2016-04-13 07:19:01.983' AS DateTime), 2, CAST(N'2016-04-13 07:19:01.983' AS DateTime))
SET IDENTITY_INSERT [dbo].[ZnodePortalFeatureMapper] OFF
SET IDENTITY_INSERT [dbo].[ZnodeActivityLog] ON 

INSERT [dbo].[ZnodeActivityLog] ([ActivityLogId], [ActivityLogTypeId], [PortalId], [ActivityCreateDate], [ActivityEndDate], [URL], [Data1], [Data2], [Data3], [Status], [LongData], [Source], [Target], [CreatedBy], [CreatedDate], [ModifiedBy], [ModifiedDate]) VALUES (65, 1, NULL, CAST(N'2016-04-21 10:20:26.817' AS DateTime), NULL, NULL, N'LicensePath: C:\Znode\Znode 9x Api\License\Multifront_MP_v9x.dlsc', NULL, NULL, NULL, NULL, NULL, NULL, 0, CAST(N'2016-04-21 04:50:27.247' AS DateTime), 0, CAST(N'2016-04-21 04:50:27.247' AS DateTime))
SET IDENTITY_INSERT [dbo].[ZnodeActivityLog] OFF
SET IDENTITY_INSERT [dbo].[ZnodeDomain] ON 

INSERT [dbo].[ZnodeDomain] ([DomainId], [PortalId], [DomainName], [IsActive], [ApiKey], [CreatedBy], [CreatedDate], [ModifiedBy], [ModifiedDate]) VALUES (5, 2, N'localhost123', 1, N'eea86a62-48f3-4220-b479-56b33317e883', 2, CAST(N'2016-02-22 11:30:13.227' AS DateTime), 2, CAST(N'2016-02-22 11:30:13.250' AS DateTime))
INSERT [dbo].[ZnodeDomain] ([DomainId], [PortalId], [DomainName], [IsActive], [ApiKey], [CreatedBy], [CreatedDate], [ModifiedBy], [ModifiedDate]) VALUES (7, 2, N'admin9x.znodellc.com', 1, N'58B4D5F9-1914-4DD2-8440-E77368160470', 2, CAST(N'2016-02-22 11:30:13.227' AS DateTime), 2, CAST(N'2016-02-22 11:30:13.250' AS DateTime))
INSERT [dbo].[ZnodeDomain] ([DomainId], [PortalId], [DomainName], [IsActive], [ApiKey], [CreatedBy], [CreatedDate], [ModifiedBy], [ModifiedDate]) VALUES (8, 2, N'api9x.znodellc.com', 1, N'CDEC2CC0-71B7-413B-A927-06FD9A177FE2', 2, CAST(N'2016-02-22 11:30:13.227' AS DateTime), 2, CAST(N'2016-02-22 11:30:13.250' AS DateTime))
INSERT [dbo].[ZnodeDomain] ([DomainId], [PortalId], [DomainName], [IsActive], [ApiKey], [CreatedBy], [CreatedDate], [ModifiedBy], [ModifiedDate]) VALUES (9, 2, N'localhost:44762', 1, N'AFE3E580-2009-430E-B875-43256DAC336F', 2, CAST(N'2016-02-22 11:30:13.227' AS DateTime), 2, CAST(N'2016-02-22 11:30:13.250' AS DateTime))
INSERT [dbo].[ZnodeDomain] ([DomainId], [PortalId], [DomainName], [IsActive], [ApiKey], [CreatedBy], [CreatedDate], [ModifiedBy], [ModifiedDate]) VALUES (10, 2, N'http://api9x.multifront.com', 1, N'2d213825-018a-491d-ab94-75a39974fa6b', 0, CAST(N'2016-02-22 11:30:13.227' AS DateTime), 0, CAST(N'2016-03-15 09:29:09.580' AS DateTime))
INSERT [dbo].[ZnodeDomain] ([DomainId], [PortalId], [DomainName], [IsActive], [ApiKey], [CreatedBy], [CreatedDate], [ModifiedBy], [ModifiedDate]) VALUES (11, 2, N'admin9x.multifront.localhost.com', 1, N'8B5397FD-0961-40FA-A0D7-ABCFB968E4CB', 2, CAST(N'2016-02-22 11:30:13.227' AS DateTime), 2, CAST(N'2016-02-22 11:30:13.250' AS DateTime))
INSERT [dbo].[ZnodeDomain] ([DomainId], [PortalId], [DomainName], [IsActive], [ApiKey], [CreatedBy], [CreatedDate], [ModifiedBy], [ModifiedDate]) VALUES (12, 2, N'http://admin9x.znodellc.com', 1, N'79f06005-f9ec-4f04-b22e-c7dd75500b7a', 2, CAST(N'2016-03-14 11:22:22.857' AS DateTime), 2, CAST(N'2016-03-14 11:22:22.857' AS DateTime))
INSERT [dbo].[ZnodeDomain] ([DomainId], [PortalId], [DomainName], [IsActive], [ApiKey], [CreatedBy], [CreatedDate], [ModifiedBy], [ModifiedDate]) VALUES (25, 2, N'http://admin9x.com', 1, N'6a6b8829-1d62-4e85-870f-4f51fc521ec8', 2, CAST(N'2016-03-15 08:10:31.983' AS DateTime), 2, CAST(N'2016-03-15 08:10:31.983' AS DateTime))
INSERT [dbo].[ZnodeDomain] ([DomainId], [PortalId], [DomainName], [IsActive], [ApiKey], [CreatedBy], [CreatedDate], [ModifiedBy], [ModifiedDate]) VALUES (29, 2, N'http://localhost.com', 1, N'0e370889-7658-49c9-8e38-2997e20398c8', 2, CAST(N'2016-03-15 09:04:23.677' AS DateTime), 2, CAST(N'2016-03-15 09:04:23.677' AS DateTime))
INSERT [dbo].[ZnodeDomain] ([DomainId], [PortalId], [DomainName], [IsActive], [ApiKey], [CreatedBy], [CreatedDate], [ModifiedBy], [ModifiedDate]) VALUES (30, 2, N'http://localhost.com', 1, N'7a942641-1b6d-4257-b0f9-e266c2afb3ff', 2, CAST(N'2016-03-15 09:10:07.573' AS DateTime), 2, CAST(N'2016-03-15 09:10:07.573' AS DateTime))
INSERT [dbo].[ZnodeDomain] ([DomainId], [PortalId], [DomainName], [IsActive], [ApiKey], [CreatedBy], [CreatedDate], [ModifiedBy], [ModifiedDate]) VALUES (31, 2, N'http://api9x.znodellc.com', 1, N'7e34d06a-444c-46d7-9838-12706744ac25', 0, CAST(N'2016-03-15 09:17:12.677' AS DateTime), 0, CAST(N'2016-03-15 09:17:12.677' AS DateTime))
INSERT [dbo].[ZnodeDomain] ([DomainId], [PortalId], [DomainName], [IsActive], [ApiKey], [CreatedBy], [CreatedDate], [ModifiedBy], [ModifiedDate]) VALUES (32, 2, N'http://localhost.com', 1, N'ccd644ce-3659-4809-b486-c385d03c6e50', 0, CAST(N'2016-03-15 09:18:28.427' AS DateTime), 0, CAST(N'2016-03-15 09:18:28.427' AS DateTime))
INSERT [dbo].[ZnodeDomain] ([DomainId], [PortalId], [DomainName], [IsActive], [ApiKey], [CreatedBy], [CreatedDate], [ModifiedBy], [ModifiedDate]) VALUES (34, 2, N'localhost:6766', 1, N'115915F1-7E6B-4386-A623-9779F27D9A5E', 2, CAST(N'1905-06-16 00:00:00.000' AS DateTime), 2, CAST(N'1905-06-22 00:00:00.000' AS DateTime))
INSERT [dbo].[ZnodeDomain] ([DomainId], [PortalId], [DomainName], [IsActive], [ApiKey], [CreatedBy], [CreatedDate], [ModifiedBy], [ModifiedDate]) VALUES (35, 2, N'http://Flipkart.com', 1, N'01936f56-5b50-4c70-b9be-2d5c3aa50c91', 0, CAST(N'2016-03-15 10:31:59.640' AS DateTime), 0, CAST(N'2016-03-15 10:31:59.640' AS DateTime))
INSERT [dbo].[ZnodeDomain] ([DomainId], [PortalId], [DomainName], [IsActive], [ApiKey], [CreatedBy], [CreatedDate], [ModifiedBy], [ModifiedDate]) VALUES (36, 2, N'http://flipkart.com', 1, N'64964e6c-2d8d-4095-899c-7b81f353292d', 0, CAST(N'2016-03-15 10:40:50.747' AS DateTime), 0, CAST(N'2016-03-15 10:40:50.747' AS DateTime))
INSERT [dbo].[ZnodeDomain] ([DomainId], [PortalId], [DomainName], [IsActive], [ApiKey], [CreatedBy], [CreatedDate], [ModifiedBy], [ModifiedDate]) VALUES (37, 2, N'http://b.com', 1, N'979fc4a7-476b-4273-8c90-82bbd266fbfa', 0, CAST(N'2016-03-15 10:45:19.693' AS DateTime), 0, CAST(N'2016-03-15 10:45:19.693' AS DateTime))
INSERT [dbo].[ZnodeDomain] ([DomainId], [PortalId], [DomainName], [IsActive], [ApiKey], [CreatedBy], [CreatedDate], [ModifiedBy], [ModifiedDate]) VALUES (38, 2, N'http://biba.com', 1, N'6737927c-9e47-4c83-a613-78a0ef199e8c', 0, CAST(N'2016-03-15 10:48:07.867' AS DateTime), 0, CAST(N'2016-03-15 10:48:07.867' AS DateTime))
INSERT [dbo].[ZnodeDomain] ([DomainId], [PortalId], [DomainName], [IsActive], [ApiKey], [CreatedBy], [CreatedDate], [ModifiedBy], [ModifiedDate]) VALUES (39, 2, N'http://Vinus.com', 1, N'9dd19877-e7ac-47a5-802d-893cab0560b9', 0, CAST(N'2016-03-16 06:53:07.100' AS DateTime), 0, CAST(N'2016-03-16 06:53:07.100' AS DateTime))
INSERT [dbo].[ZnodeDomain] ([DomainId], [PortalId], [DomainName], [IsActive], [ApiKey], [CreatedBy], [CreatedDate], [ModifiedBy], [ModifiedDate]) VALUES (40, 2, N'http://Vinus.com', 1, N'115b4be1-a060-4b17-a959-d377255a6cfe', 0, CAST(N'2016-03-16 06:53:59.193' AS DateTime), 0, CAST(N'2016-03-16 06:53:59.193' AS DateTime))
INSERT [dbo].[ZnodeDomain] ([DomainId], [PortalId], [DomainName], [IsActive], [ApiKey], [CreatedBy], [CreatedDate], [ModifiedBy], [ModifiedDate]) VALUES (41, 2, N'http://Vinus.com', 1, N'e3293110-05d1-4720-8194-3f812b8748aa', 0, CAST(N'2016-03-16 06:54:56.943' AS DateTime), 0, CAST(N'2016-03-16 06:54:56.943' AS DateTime))
INSERT [dbo].[ZnodeDomain] ([DomainId], [PortalId], [DomainName], [IsActive], [ApiKey], [CreatedBy], [CreatedDate], [ModifiedBy], [ModifiedDate]) VALUES (42, 2, N'http://abc.com', 1, N'c58cc0c0-1349-4001-8416-cf1cea7960e8', 0, CAST(N'2016-03-16 06:58:02.820' AS DateTime), 0, CAST(N'2016-03-16 06:58:02.820' AS DateTime))
INSERT [dbo].[ZnodeDomain] ([DomainId], [PortalId], [DomainName], [IsActive], [ApiKey], [CreatedBy], [CreatedDate], [ModifiedBy], [ModifiedDate]) VALUES (43, 2, N'http://abc.com', 1, N'dad8f743-291e-4d0c-83c8-8c6b97204d0a', 0, CAST(N'2016-03-16 06:58:51.467' AS DateTime), 0, CAST(N'2016-03-16 06:58:51.467' AS DateTime))
INSERT [dbo].[ZnodeDomain] ([DomainId], [PortalId], [DomainName], [IsActive], [ApiKey], [CreatedBy], [CreatedDate], [ModifiedBy], [ModifiedDate]) VALUES (44, 2, N'http://bin.com', 1, N'e542652f-bf7d-49e8-b2bf-4b9bcc1061ce', 0, CAST(N'2016-03-16 07:04:53.003' AS DateTime), 0, CAST(N'2016-03-16 07:04:53.003' AS DateTime))
INSERT [dbo].[ZnodeDomain] ([DomainId], [PortalId], [DomainName], [IsActive], [ApiKey], [CreatedBy], [CreatedDate], [ModifiedBy], [ModifiedDate]) VALUES (45, 2, N'http://Vinus.com', 1, N'bc5a85cf-9b7a-4ec0-af7d-43acdd9da79c', 2, CAST(N'2016-03-16 08:36:26.400' AS DateTime), 2, CAST(N'2016-03-16 08:36:26.400' AS DateTime))
INSERT [dbo].[ZnodeDomain] ([DomainId], [PortalId], [DomainName], [IsActive], [ApiKey], [CreatedBy], [CreatedDate], [ModifiedBy], [ModifiedDate]) VALUES (46, 2, N'localhost', 1, N'8257030B-29C5-4BCD-A313-B9AAFB067E01', 2, CAST(N'2016-02-22 11:30:13.227' AS DateTime), 2, CAST(N'2016-02-22 11:30:13.227' AS DateTime))
INSERT [dbo].[ZnodeDomain] ([DomainId], [PortalId], [DomainName], [IsActive], [ApiKey], [CreatedBy], [CreatedDate], [ModifiedBy], [ModifiedDate]) VALUES (47, 2, N'api9xqa.znodellc.com', 1, N'3B78488E-39CB-4742-9EA7-DE65F9CD4AFD', 2, CAST(N'2016-04-06 00:00:00.000' AS DateTime), 2, CAST(N'2016-04-06 00:00:00.000' AS DateTime))
INSERT [dbo].[ZnodeDomain] ([DomainId], [PortalId], [DomainName], [IsActive], [ApiKey], [CreatedBy], [CreatedDate], [ModifiedBy], [ModifiedDate]) VALUES (48, 2, N'admin9xqa.znodellc.com', 1, N'c58cc0c0-1349-4001-8416-cf1cea7960e8', 2, CAST(N'2016-04-06 00:00:00.000' AS DateTime), 2, CAST(N'2016-04-06 00:00:00.000' AS DateTime))
SET IDENTITY_INSERT [dbo].[ZnodeDomain] OFF
SET IDENTITY_INSERT [dbo].[ZnodeMediaAttributeGroup] ON 

INSERT [dbo].[ZnodeMediaAttributeGroup] ([MediaAttributeGroupId], [GroupCode], [IsSystemDefined], [DisplayOrder], [CreatedBy], [CreatedDate], [ModifiedBy], [ModifiedDate]) VALUES (1, N'General', 1, NULL, 2, CAST(N'2016-04-05 18:28:16.973' AS DateTime), 2, CAST(N'2016-04-05 18:28:16.973' AS DateTime))
INSERT [dbo].[ZnodeMediaAttributeGroup] ([MediaAttributeGroupId], [GroupCode], [IsSystemDefined], [DisplayOrder], [CreatedBy], [CreatedDate], [ModifiedBy], [ModifiedDate]) VALUES (2, N'Meta Information', 1, NULL, 2, CAST(N'2016-04-05 18:28:16.983' AS DateTime), 2, CAST(N'2016-04-05 18:28:16.983' AS DateTime))
INSERT [dbo].[ZnodeMediaAttributeGroup] ([MediaAttributeGroupId], [GroupCode], [IsSystemDefined], [DisplayOrder], [CreatedBy], [CreatedDate], [ModifiedBy], [ModifiedDate]) VALUES (3, N'Image', 1, NULL, 2, CAST(N'2016-04-05 18:28:16.997' AS DateTime), 2, CAST(N'2016-04-05 18:28:16.997' AS DateTime))
INSERT [dbo].[ZnodeMediaAttributeGroup] ([MediaAttributeGroupId], [GroupCode], [IsSystemDefined], [DisplayOrder], [CreatedBy], [CreatedDate], [ModifiedBy], [ModifiedDate]) VALUES (4, N'Video', 1, NULL, 2, CAST(N'2016-04-05 18:28:16.997' AS DateTime), 2, CAST(N'2016-04-05 18:28:16.997' AS DateTime))
INSERT [dbo].[ZnodeMediaAttributeGroup] ([MediaAttributeGroupId], [GroupCode], [IsSystemDefined], [DisplayOrder], [CreatedBy], [CreatedDate], [ModifiedBy], [ModifiedDate]) VALUES (5, N'Audio', 1, NULL, 2, CAST(N'2016-04-05 18:28:17.000' AS DateTime), 2, CAST(N'2016-04-05 18:28:17.000' AS DateTime))
INSERT [dbo].[ZnodeMediaAttributeGroup] ([MediaAttributeGroupId], [GroupCode], [IsSystemDefined], [DisplayOrder], [CreatedBy], [CreatedDate], [ModifiedBy], [ModifiedDate]) VALUES (6, N'File', 1, NULL, 2, CAST(N'2016-02-22 16:26:42.753' AS DateTime), 2, CAST(N'2016-02-22 16:26:42.753' AS DateTime))
SET IDENTITY_INSERT [dbo].[ZnodeMediaAttributeGroup] OFF
SET IDENTITY_INSERT [dbo].[ZnodeMediaAttributeGroupMapper] ON 

INSERT [dbo].[ZnodeMediaAttributeGroupMapper] ([MediaAttributeGroupMapperId], [MediaAttributeGroupId], [MediaAttributeId], [AttributeDisplayOrder], [IsSystemDefined], [CreatedBy], [CreatedDate], [ModifiedBy], [ModifiedDate]) VALUES (1, 3, 1, CAST(1.00000 AS Numeric(10, 5)), 1, 2, CAST(N'2016-02-22 16:05:13.273' AS DateTime), 2, CAST(N'2016-04-06 05:17:21.287' AS DateTime))
INSERT [dbo].[ZnodeMediaAttributeGroupMapper] ([MediaAttributeGroupMapperId], [MediaAttributeGroupId], [MediaAttributeId], [AttributeDisplayOrder], [IsSystemDefined], [CreatedBy], [CreatedDate], [ModifiedBy], [ModifiedDate]) VALUES (2, 3, 2, CAST(2.00000 AS Numeric(10, 5)), 1, 2, CAST(N'2016-02-22 16:07:21.313' AS DateTime), 2, CAST(N'2016-04-06 04:56:01.390' AS DateTime))
INSERT [dbo].[ZnodeMediaAttributeGroupMapper] ([MediaAttributeGroupMapperId], [MediaAttributeGroupId], [MediaAttributeId], [AttributeDisplayOrder], [IsSystemDefined], [CreatedBy], [CreatedDate], [ModifiedBy], [ModifiedDate]) VALUES (3, 1, 3, CAST(3.00000 AS Numeric(10, 5)), 1, 2, CAST(N'2016-02-22 16:07:58.513' AS DateTime), 2, CAST(N'2016-04-06 04:56:34.017' AS DateTime))
INSERT [dbo].[ZnodeMediaAttributeGroupMapper] ([MediaAttributeGroupMapperId], [MediaAttributeGroupId], [MediaAttributeId], [AttributeDisplayOrder], [IsSystemDefined], [CreatedBy], [CreatedDate], [ModifiedBy], [ModifiedDate]) VALUES (4, 3, 4, CAST(4.00000 AS Numeric(10, 5)), 1, 2, CAST(N'2016-02-22 16:09:28.263' AS DateTime), 2, CAST(N'2016-04-06 04:57:16.460' AS DateTime))
INSERT [dbo].[ZnodeMediaAttributeGroupMapper] ([MediaAttributeGroupMapperId], [MediaAttributeGroupId], [MediaAttributeId], [AttributeDisplayOrder], [IsSystemDefined], [CreatedBy], [CreatedDate], [ModifiedBy], [ModifiedDate]) VALUES (5, 1, 5, CAST(500.00000 AS Numeric(10, 5)), 1, 2, CAST(N'2016-02-22 16:10:55.230' AS DateTime), 2, CAST(N'2016-02-22 16:10:55.230' AS DateTime))
INSERT [dbo].[ZnodeMediaAttributeGroupMapper] ([MediaAttributeGroupMapperId], [MediaAttributeGroupId], [MediaAttributeId], [AttributeDisplayOrder], [IsSystemDefined], [CreatedBy], [CreatedDate], [ModifiedBy], [ModifiedDate]) VALUES (6, 1, 6, CAST(500.00000 AS Numeric(10, 5)), 1, 2, CAST(N'2016-02-22 16:11:35.097' AS DateTime), 2, CAST(N'2016-02-22 16:11:35.097' AS DateTime))
INSERT [dbo].[ZnodeMediaAttributeGroupMapper] ([MediaAttributeGroupMapperId], [MediaAttributeGroupId], [MediaAttributeId], [AttributeDisplayOrder], [IsSystemDefined], [CreatedBy], [CreatedDate], [ModifiedBy], [ModifiedDate]) VALUES (7, 3, 7, CAST(5.00000 AS Numeric(10, 5)), 1, 2, CAST(N'2016-02-22 16:12:44.470' AS DateTime), 2, CAST(N'2016-04-06 04:59:42.483' AS DateTime))
INSERT [dbo].[ZnodeMediaAttributeGroupMapper] ([MediaAttributeGroupMapperId], [MediaAttributeGroupId], [MediaAttributeId], [AttributeDisplayOrder], [IsSystemDefined], [CreatedBy], [CreatedDate], [ModifiedBy], [ModifiedDate]) VALUES (8, 1, 8, CAST(500.00000 AS Numeric(10, 5)), 1, 2, CAST(N'2016-02-22 16:13:29.773' AS DateTime), 2, CAST(N'2016-02-22 16:13:29.773' AS DateTime))
INSERT [dbo].[ZnodeMediaAttributeGroupMapper] ([MediaAttributeGroupMapperId], [MediaAttributeGroupId], [MediaAttributeId], [AttributeDisplayOrder], [IsSystemDefined], [CreatedBy], [CreatedDate], [ModifiedBy], [ModifiedDate]) VALUES (9, 1, 9, CAST(500.00000 AS Numeric(10, 5)), 1, 2, CAST(N'2016-02-22 16:14:24.970' AS DateTime), 2, CAST(N'2016-02-22 16:14:24.970' AS DateTime))
INSERT [dbo].[ZnodeMediaAttributeGroupMapper] ([MediaAttributeGroupMapperId], [MediaAttributeGroupId], [MediaAttributeId], [AttributeDisplayOrder], [IsSystemDefined], [CreatedBy], [CreatedDate], [ModifiedBy], [ModifiedDate]) VALUES (10, 2, 10, CAST(500.00000 AS Numeric(10, 5)), 1, 2, CAST(N'2016-02-22 16:15:03.307' AS DateTime), 2, CAST(N'2016-02-22 16:15:03.307' AS DateTime))
INSERT [dbo].[ZnodeMediaAttributeGroupMapper] ([MediaAttributeGroupMapperId], [MediaAttributeGroupId], [MediaAttributeId], [AttributeDisplayOrder], [IsSystemDefined], [CreatedBy], [CreatedDate], [ModifiedBy], [ModifiedDate]) VALUES (11, 2, 11, CAST(500.00000 AS Numeric(10, 5)), 1, 2, CAST(N'2016-02-22 16:15:25.640' AS DateTime), 2, CAST(N'2016-02-22 16:15:25.640' AS DateTime))
INSERT [dbo].[ZnodeMediaAttributeGroupMapper] ([MediaAttributeGroupMapperId], [MediaAttributeGroupId], [MediaAttributeId], [AttributeDisplayOrder], [IsSystemDefined], [CreatedBy], [CreatedDate], [ModifiedBy], [ModifiedDate]) VALUES (16, 4, 16, CAST(500.00000 AS Numeric(10, 5)), 1, 2, CAST(N'2016-02-22 16:19:01.967' AS DateTime), 2, CAST(N'2016-02-22 16:19:01.967' AS DateTime))
INSERT [dbo].[ZnodeMediaAttributeGroupMapper] ([MediaAttributeGroupMapperId], [MediaAttributeGroupId], [MediaAttributeId], [AttributeDisplayOrder], [IsSystemDefined], [CreatedBy], [CreatedDate], [ModifiedBy], [ModifiedDate]) VALUES (17, 5, 17, CAST(500.00000 AS Numeric(10, 5)), 1, 2, CAST(N'2016-02-22 16:19:33.343' AS DateTime), 2, CAST(N'2016-02-22 16:19:33.343' AS DateTime))
INSERT [dbo].[ZnodeMediaAttributeGroupMapper] ([MediaAttributeGroupMapperId], [MediaAttributeGroupId], [MediaAttributeId], [AttributeDisplayOrder], [IsSystemDefined], [CreatedBy], [CreatedDate], [ModifiedBy], [ModifiedDate]) VALUES (20, 6, 20, CAST(500.00000 AS Numeric(10, 5)), 1, 2, CAST(N'2016-02-22 16:37:18.547' AS DateTime), 2, CAST(N'2016-02-22 16:37:18.547' AS DateTime))
INSERT [dbo].[ZnodeMediaAttributeGroupMapper] ([MediaAttributeGroupMapperId], [MediaAttributeGroupId], [MediaAttributeId], [AttributeDisplayOrder], [IsSystemDefined], [CreatedBy], [CreatedDate], [ModifiedBy], [ModifiedDate]) VALUES (21, 4, 21, CAST(500.00000 AS Numeric(10, 5)), 1, 2, CAST(N'2016-02-22 16:38:05.680' AS DateTime), 2, CAST(N'2016-02-22 16:38:05.680' AS DateTime))
INSERT [dbo].[ZnodeMediaAttributeGroupMapper] ([MediaAttributeGroupMapperId], [MediaAttributeGroupId], [MediaAttributeId], [AttributeDisplayOrder], [IsSystemDefined], [CreatedBy], [CreatedDate], [ModifiedBy], [ModifiedDate]) VALUES (22, 5, 22, CAST(0.00000 AS Numeric(10, 5)), 1, 2, CAST(N'2016-02-22 16:38:53.513' AS DateTime), 2, CAST(N'2016-02-22 16:38:53.513' AS DateTime))
INSERT [dbo].[ZnodeMediaAttributeGroupMapper] ([MediaAttributeGroupMapperId], [MediaAttributeGroupId], [MediaAttributeId], [AttributeDisplayOrder], [IsSystemDefined], [CreatedBy], [CreatedDate], [ModifiedBy], [ModifiedDate]) VALUES (27, 3, 14, CAST(0.00000 AS Numeric(10, 5)), 1, 2, CAST(N'2016-04-06 05:14:29.170' AS DateTime), 2, CAST(N'2016-04-06 05:14:29.170' AS DateTime))
INSERT [dbo].[ZnodeMediaAttributeGroupMapper] ([MediaAttributeGroupMapperId], [MediaAttributeGroupId], [MediaAttributeId], [AttributeDisplayOrder], [IsSystemDefined], [CreatedBy], [CreatedDate], [ModifiedBy], [ModifiedDate]) VALUES (28, 1, 7, NULL, 1, 2, CAST(N'2016-04-06 05:20:35.333' AS DateTime), 2, CAST(N'2016-04-06 05:20:35.333' AS DateTime))
INSERT [dbo].[ZnodeMediaAttributeGroupMapper] ([MediaAttributeGroupMapperId], [MediaAttributeGroupId], [MediaAttributeId], [AttributeDisplayOrder], [IsSystemDefined], [CreatedBy], [CreatedDate], [ModifiedBy], [ModifiedDate]) VALUES (30, 3, 19, NULL, 1, 2, CAST(N'2016-05-06 10:27:00.303' AS DateTime), 2, CAST(N'2016-05-06 10:27:00.303' AS DateTime))
SET IDENTITY_INSERT [dbo].[ZnodeMediaAttributeGroupMapper] OFF
SET IDENTITY_INSERT [dbo].[ZnodeMediaAttributeLocale] ON 

INSERT [dbo].[ZnodeMediaAttributeLocale] ([MediaAttributeLocaleId], [LocaleId], [MediaAttributeId], [AttributeName], [Description], [CreatedBy], [CreatedDate], [ModifiedBy], [ModifiedDate]) VALUES (1, 1, 1, N'Name', NULL, 2, CAST(N'2016-02-22 16:06:22.087' AS DateTime), 2, CAST(N'2016-04-06 05:17:21.307' AS DateTime))
INSERT [dbo].[ZnodeMediaAttributeLocale] ([MediaAttributeLocaleId], [LocaleId], [MediaAttributeId], [AttributeName], [Description], [CreatedBy], [CreatedDate], [ModifiedBy], [ModifiedDate]) VALUES (2, 1, 2, N'Alternate Text', NULL, 2, CAST(N'2016-02-22 16:07:32.937' AS DateTime), 2, CAST(N'2016-04-06 04:56:01.413' AS DateTime))
INSERT [dbo].[ZnodeMediaAttributeLocale] ([MediaAttributeLocaleId], [LocaleId], [MediaAttributeId], [AttributeName], [Description], [CreatedBy], [CreatedDate], [ModifiedBy], [ModifiedDate]) VALUES (3, 1, 3, N'Sources', NULL, 2, CAST(N'2016-02-22 16:08:16.913' AS DateTime), 2, CAST(N'2016-04-06 04:56:34.037' AS DateTime))
INSERT [dbo].[ZnodeMediaAttributeLocale] ([MediaAttributeLocaleId], [LocaleId], [MediaAttributeId], [AttributeName], [Description], [CreatedBy], [CreatedDate], [ModifiedBy], [ModifiedDate]) VALUES (4, 1, 4, N'Short Description', NULL, 2, CAST(N'2016-02-22 16:09:41.753' AS DateTime), 2, CAST(N'2016-04-06 04:57:16.480' AS DateTime))
INSERT [dbo].[ZnodeMediaAttributeLocale] ([MediaAttributeLocaleId], [LocaleId], [MediaAttributeId], [AttributeName], [Description], [CreatedBy], [CreatedDate], [ModifiedBy], [ModifiedDate]) VALUES (5, 1, 5, N'Long Description', N'', 2, CAST(N'2016-02-22 16:11:03.247' AS DateTime), 2, CAST(N'2016-02-22 16:11:03.247' AS DateTime))
INSERT [dbo].[ZnodeMediaAttributeLocale] ([MediaAttributeLocaleId], [LocaleId], [MediaAttributeId], [AttributeName], [Description], [CreatedBy], [CreatedDate], [ModifiedBy], [ModifiedDate]) VALUES (6, 1, 6, N'Author', N'', 2, CAST(N'2016-02-22 16:11:58.530' AS DateTime), 2, CAST(N'2016-02-22 16:11:58.530' AS DateTime))
INSERT [dbo].[ZnodeMediaAttributeLocale] ([MediaAttributeLocaleId], [LocaleId], [MediaAttributeId], [AttributeName], [Description], [CreatedBy], [CreatedDate], [ModifiedBy], [ModifiedDate]) VALUES (7, 1, 7, N'Created Date', NULL, 2, CAST(N'2016-02-22 16:12:58.307' AS DateTime), 2, CAST(N'2016-04-06 04:59:42.503' AS DateTime))
INSERT [dbo].[ZnodeMediaAttributeLocale] ([MediaAttributeLocaleId], [LocaleId], [MediaAttributeId], [AttributeName], [Description], [CreatedBy], [CreatedDate], [ModifiedBy], [ModifiedDate]) VALUES (8, 1, 8, N'Modified Date', N'', 2, CAST(N'2016-02-22 16:13:36.633' AS DateTime), 2, CAST(N'2016-02-22 16:13:36.633' AS DateTime))
INSERT [dbo].[ZnodeMediaAttributeLocale] ([MediaAttributeLocaleId], [LocaleId], [MediaAttributeId], [AttributeName], [Description], [CreatedBy], [CreatedDate], [ModifiedBy], [ModifiedDate]) VALUES (9, 1, 9, N'Tags', N'', 2, CAST(N'2016-02-22 16:14:35.783' AS DateTime), 2, CAST(N'2016-02-22 16:14:35.783' AS DateTime))
INSERT [dbo].[ZnodeMediaAttributeLocale] ([MediaAttributeLocaleId], [LocaleId], [MediaAttributeId], [AttributeName], [Description], [CreatedBy], [CreatedDate], [ModifiedBy], [ModifiedDate]) VALUES (10, 1, 10, N'Type', N'', 2, CAST(N'2016-02-22 16:15:08.370' AS DateTime), 2, CAST(N'2016-02-22 16:15:08.370' AS DateTime))
INSERT [dbo].[ZnodeMediaAttributeLocale] ([MediaAttributeLocaleId], [LocaleId], [MediaAttributeId], [AttributeName], [Description], [CreatedBy], [CreatedDate], [ModifiedBy], [ModifiedDate]) VALUES (11, 1, 11, N'Size', N'', 2, CAST(N'2016-02-22 16:15:29.707' AS DateTime), 2, CAST(N'2016-02-22 16:15:29.707' AS DateTime))
INSERT [dbo].[ZnodeMediaAttributeLocale] ([MediaAttributeLocaleId], [LocaleId], [MediaAttributeId], [AttributeName], [Description], [CreatedBy], [CreatedDate], [ModifiedBy], [ModifiedDate]) VALUES (12, 1, 12, N'Alternate URL', N'', 2, CAST(N'2016-02-22 16:16:19.557' AS DateTime), 2, CAST(N'2016-02-22 16:16:19.557' AS DateTime))
INSERT [dbo].[ZnodeMediaAttributeLocale] ([MediaAttributeLocaleId], [LocaleId], [MediaAttributeId], [AttributeName], [Description], [CreatedBy], [CreatedDate], [ModifiedBy], [ModifiedDate]) VALUES (13, 1, 13, N'Dimension', N'', 2, CAST(N'2016-02-22 16:16:51.773' AS DateTime), 2, CAST(N'2016-02-22 16:16:51.773' AS DateTime))
INSERT [dbo].[ZnodeMediaAttributeLocale] ([MediaAttributeLocaleId], [LocaleId], [MediaAttributeId], [AttributeName], [Description], [CreatedBy], [CreatedDate], [ModifiedBy], [ModifiedDate]) VALUES (14, 1, 14, N'Width', NULL, 2, CAST(N'2016-02-22 16:17:24.877' AS DateTime), 2, CAST(N'2016-04-06 05:14:29.190' AS DateTime))
INSERT [dbo].[ZnodeMediaAttributeLocale] ([MediaAttributeLocaleId], [LocaleId], [MediaAttributeId], [AttributeName], [Description], [CreatedBy], [CreatedDate], [ModifiedBy], [ModifiedDate]) VALUES (15, 1, 15, N'Height', N'', 2, CAST(N'2016-02-22 16:18:06.110' AS DateTime), 2, CAST(N'2016-02-22 16:18:06.110' AS DateTime))
INSERT [dbo].[ZnodeMediaAttributeLocale] ([MediaAttributeLocaleId], [LocaleId], [MediaAttributeId], [AttributeName], [Description], [CreatedBy], [CreatedDate], [ModifiedBy], [ModifiedDate]) VALUES (16, 1, 16, N'Video Duration', N'', 2, CAST(N'2016-02-22 16:19:06.753' AS DateTime), 2, CAST(N'2016-02-22 16:19:06.753' AS DateTime))
INSERT [dbo].[ZnodeMediaAttributeLocale] ([MediaAttributeLocaleId], [LocaleId], [MediaAttributeId], [AttributeName], [Description], [CreatedBy], [CreatedDate], [ModifiedBy], [ModifiedDate]) VALUES (17, 1, 17, N'Audio Duration', N'', 2, CAST(N'2016-02-22 16:19:40.067' AS DateTime), 2, CAST(N'2016-02-22 16:19:40.067' AS DateTime))
INSERT [dbo].[ZnodeMediaAttributeLocale] ([MediaAttributeLocaleId], [LocaleId], [MediaAttributeId], [AttributeName], [Description], [CreatedBy], [CreatedDate], [ModifiedBy], [ModifiedDate]) VALUES (18, 1, 19, N'Image', N'', 2, CAST(N'2016-02-22 16:36:41.550' AS DateTime), 2, CAST(N'2016-02-22 16:36:41.550' AS DateTime))
INSERT [dbo].[ZnodeMediaAttributeLocale] ([MediaAttributeLocaleId], [LocaleId], [MediaAttributeId], [AttributeName], [Description], [CreatedBy], [CreatedDate], [ModifiedBy], [ModifiedDate]) VALUES (19, 1, 20, N'File', N'', 2, CAST(N'2016-02-22 16:37:30.600' AS DateTime), 2, CAST(N'2016-02-22 16:37:30.600' AS DateTime))
INSERT [dbo].[ZnodeMediaAttributeLocale] ([MediaAttributeLocaleId], [LocaleId], [MediaAttributeId], [AttributeName], [Description], [CreatedBy], [CreatedDate], [ModifiedBy], [ModifiedDate]) VALUES (22, 1, 23, N'Name', NULL, 2, CAST(N'2016-04-05 14:00:59.137' AS DateTime), 2, CAST(N'2016-04-05 14:01:44.537' AS DateTime))
INSERT [dbo].[ZnodeMediaAttributeLocale] ([MediaAttributeLocaleId], [LocaleId], [MediaAttributeId], [AttributeName], [Description], [CreatedBy], [CreatedDate], [ModifiedBy], [ModifiedDate]) VALUES (23, 2, 23, N'Name', NULL, 2, CAST(N'2016-04-05 14:00:59.137' AS DateTime), 2, CAST(N'2016-04-05 14:01:44.553' AS DateTime))
INSERT [dbo].[ZnodeMediaAttributeLocale] ([MediaAttributeLocaleId], [LocaleId], [MediaAttributeId], [AttributeName], [Description], [CreatedBy], [CreatedDate], [ModifiedBy], [ModifiedDate]) VALUES (24, 7, 23, N'Name', NULL, 2, CAST(N'2016-04-05 14:00:59.137' AS DateTime), 2, CAST(N'2016-04-05 14:01:44.560' AS DateTime))
INSERT [dbo].[ZnodeMediaAttributeLocale] ([MediaAttributeLocaleId], [LocaleId], [MediaAttributeId], [AttributeName], [Description], [CreatedBy], [CreatedDate], [ModifiedBy], [ModifiedDate]) VALUES (25, 1, 24, N'Discription', NULL, 2, CAST(N'2016-04-05 14:08:32.717' AS DateTime), 2, CAST(N'2016-04-05 14:08:46.557' AS DateTime))
INSERT [dbo].[ZnodeMediaAttributeLocale] ([MediaAttributeLocaleId], [LocaleId], [MediaAttributeId], [AttributeName], [Description], [CreatedBy], [CreatedDate], [ModifiedBy], [ModifiedDate]) VALUES (26, 2, 24, N'Discription', NULL, 2, CAST(N'2016-04-05 14:08:32.717' AS DateTime), 2, CAST(N'2016-04-05 14:08:46.567' AS DateTime))
INSERT [dbo].[ZnodeMediaAttributeLocale] ([MediaAttributeLocaleId], [LocaleId], [MediaAttributeId], [AttributeName], [Description], [CreatedBy], [CreatedDate], [ModifiedBy], [ModifiedDate]) VALUES (27, 7, 24, N'Discription', NULL, 2, CAST(N'2016-04-05 14:08:32.717' AS DateTime), 2, CAST(N'2016-04-05 14:08:46.577' AS DateTime))
INSERT [dbo].[ZnodeMediaAttributeLocale] ([MediaAttributeLocaleId], [LocaleId], [MediaAttributeId], [AttributeName], [Description], [CreatedBy], [CreatedDate], [ModifiedBy], [ModifiedDate]) VALUES (28, 2, 1, N'Name', NULL, 2, CAST(N'2016-04-06 04:54:54.893' AS DateTime), 2, CAST(N'2016-04-06 05:17:21.317' AS DateTime))
INSERT [dbo].[ZnodeMediaAttributeLocale] ([MediaAttributeLocaleId], [LocaleId], [MediaAttributeId], [AttributeName], [Description], [CreatedBy], [CreatedDate], [ModifiedBy], [ModifiedDate]) VALUES (29, 7, 1, N'Name', NULL, 2, CAST(N'2016-04-06 04:54:54.903' AS DateTime), 2, CAST(N'2016-04-06 05:17:21.327' AS DateTime))
INSERT [dbo].[ZnodeMediaAttributeLocale] ([MediaAttributeLocaleId], [LocaleId], [MediaAttributeId], [AttributeName], [Description], [CreatedBy], [CreatedDate], [ModifiedBy], [ModifiedDate]) VALUES (30, 2, 2, N'Alternate Text', NULL, 2, CAST(N'2016-04-06 04:56:01.427' AS DateTime), 2, CAST(N'2016-04-06 04:56:01.427' AS DateTime))
INSERT [dbo].[ZnodeMediaAttributeLocale] ([MediaAttributeLocaleId], [LocaleId], [MediaAttributeId], [AttributeName], [Description], [CreatedBy], [CreatedDate], [ModifiedBy], [ModifiedDate]) VALUES (31, 7, 2, N'Alternate Text', NULL, 2, CAST(N'2016-04-06 04:56:01.437' AS DateTime), 2, CAST(N'2016-04-06 04:56:01.437' AS DateTime))
INSERT [dbo].[ZnodeMediaAttributeLocale] ([MediaAttributeLocaleId], [LocaleId], [MediaAttributeId], [AttributeName], [Description], [CreatedBy], [CreatedDate], [ModifiedBy], [ModifiedDate]) VALUES (32, 2, 3, N'Sources', NULL, 2, CAST(N'2016-04-06 04:56:28.047' AS DateTime), 2, CAST(N'2016-04-06 04:56:34.050' AS DateTime))
INSERT [dbo].[ZnodeMediaAttributeLocale] ([MediaAttributeLocaleId], [LocaleId], [MediaAttributeId], [AttributeName], [Description], [CreatedBy], [CreatedDate], [ModifiedBy], [ModifiedDate]) VALUES (33, 7, 3, N'Sources', NULL, 2, CAST(N'2016-04-06 04:56:28.057' AS DateTime), 2, CAST(N'2016-04-06 04:56:34.060' AS DateTime))
INSERT [dbo].[ZnodeMediaAttributeLocale] ([MediaAttributeLocaleId], [LocaleId], [MediaAttributeId], [AttributeName], [Description], [CreatedBy], [CreatedDate], [ModifiedBy], [ModifiedDate]) VALUES (34, 2, 4, N'', NULL, 2, CAST(N'2016-04-06 04:57:16.487' AS DateTime), 2, CAST(N'2016-04-06 04:57:16.487' AS DateTime))
INSERT [dbo].[ZnodeMediaAttributeLocale] ([MediaAttributeLocaleId], [LocaleId], [MediaAttributeId], [AttributeName], [Description], [CreatedBy], [CreatedDate], [ModifiedBy], [ModifiedDate]) VALUES (35, 7, 4, N'', NULL, 2, CAST(N'2016-04-06 04:57:16.497' AS DateTime), 2, CAST(N'2016-04-06 04:57:16.497' AS DateTime))
INSERT [dbo].[ZnodeMediaAttributeLocale] ([MediaAttributeLocaleId], [LocaleId], [MediaAttributeId], [AttributeName], [Description], [CreatedBy], [CreatedDate], [ModifiedBy], [ModifiedDate]) VALUES (36, 2, 7, N'Created Date', NULL, 2, CAST(N'2016-04-06 04:59:42.510' AS DateTime), 2, CAST(N'2016-04-06 04:59:42.510' AS DateTime))
INSERT [dbo].[ZnodeMediaAttributeLocale] ([MediaAttributeLocaleId], [LocaleId], [MediaAttributeId], [AttributeName], [Description], [CreatedBy], [CreatedDate], [ModifiedBy], [ModifiedDate]) VALUES (37, 7, 7, N'Created Date', NULL, 2, CAST(N'2016-04-06 04:59:42.520' AS DateTime), 2, CAST(N'2016-04-06 04:59:42.520' AS DateTime))
INSERT [dbo].[ZnodeMediaAttributeLocale] ([MediaAttributeLocaleId], [LocaleId], [MediaAttributeId], [AttributeName], [Description], [CreatedBy], [CreatedDate], [ModifiedBy], [ModifiedDate]) VALUES (38, 2, 14, N'Width', NULL, 2, CAST(N'2016-04-06 05:14:29.203' AS DateTime), 2, CAST(N'2016-04-06 05:14:29.203' AS DateTime))
INSERT [dbo].[ZnodeMediaAttributeLocale] ([MediaAttributeLocaleId], [LocaleId], [MediaAttributeId], [AttributeName], [Description], [CreatedBy], [CreatedDate], [ModifiedBy], [ModifiedDate]) VALUES (39, 7, 14, N'Width', NULL, 2, CAST(N'2016-04-06 05:14:29.217' AS DateTime), 2, CAST(N'2016-04-06 05:14:29.217' AS DateTime))
INSERT [dbo].[ZnodeMediaAttributeLocale] ([MediaAttributeLocaleId], [LocaleId], [MediaAttributeId], [AttributeName], [Description], [CreatedBy], [CreatedDate], [ModifiedBy], [ModifiedDate]) VALUES (40, 1, 21, N'Video', NULL, 2, CAST(N'2016-05-06 11:07:44.830' AS DateTime), 2, CAST(N'2016-05-06 11:07:44.830' AS DateTime))
INSERT [dbo].[ZnodeMediaAttributeLocale] ([MediaAttributeLocaleId], [LocaleId], [MediaAttributeId], [AttributeName], [Description], [CreatedBy], [CreatedDate], [ModifiedBy], [ModifiedDate]) VALUES (41, 1, 22, N'Audio', NULL, 2, CAST(N'2016-05-06 11:35:59.440' AS DateTime), 2, CAST(N'2016-05-06 11:35:59.440' AS DateTime))
SET IDENTITY_INSERT [dbo].[ZnodeMediaAttributeLocale] OFF
SET IDENTITY_INSERT [dbo].[ZnodeMediaFamilyGroupMapper] ON 

INSERT [dbo].[ZnodeMediaFamilyGroupMapper] ([MediaFamilyGroupMapperId], [MediaAttributeFamilyId], [MediaAttributeGroupId], [MediaAttributeId], [GroupDisplayOrder], [IsSystemDefined], [CreatedBy], [CreatedDate], [ModifiedBy], [ModifiedDate]) VALUES (8, 1, 1, 3, NULL, 1, 2, CAST(N'2016-05-06 10:11:25.427' AS DateTime), 2, CAST(N'2016-05-06 10:11:25.427' AS DateTime))
INSERT [dbo].[ZnodeMediaFamilyGroupMapper] ([MediaFamilyGroupMapperId], [MediaAttributeFamilyId], [MediaAttributeGroupId], [MediaAttributeId], [GroupDisplayOrder], [IsSystemDefined], [CreatedBy], [CreatedDate], [ModifiedBy], [ModifiedDate]) VALUES (9, 1, 1, 5, NULL, 1, 2, CAST(N'2016-05-06 10:11:25.427' AS DateTime), 2, CAST(N'2016-05-06 10:11:25.427' AS DateTime))
INSERT [dbo].[ZnodeMediaFamilyGroupMapper] ([MediaFamilyGroupMapperId], [MediaAttributeFamilyId], [MediaAttributeGroupId], [MediaAttributeId], [GroupDisplayOrder], [IsSystemDefined], [CreatedBy], [CreatedDate], [ModifiedBy], [ModifiedDate]) VALUES (10, 1, 1, 6, NULL, 1, 2, CAST(N'2016-05-06 10:11:25.427' AS DateTime), 2, CAST(N'2016-05-06 10:11:25.427' AS DateTime))
INSERT [dbo].[ZnodeMediaFamilyGroupMapper] ([MediaFamilyGroupMapperId], [MediaAttributeFamilyId], [MediaAttributeGroupId], [MediaAttributeId], [GroupDisplayOrder], [IsSystemDefined], [CreatedBy], [CreatedDate], [ModifiedBy], [ModifiedDate]) VALUES (11, 1, 1, 8, NULL, 1, 2, CAST(N'2016-05-06 10:11:25.427' AS DateTime), 2, CAST(N'2016-05-06 10:11:25.427' AS DateTime))
INSERT [dbo].[ZnodeMediaFamilyGroupMapper] ([MediaFamilyGroupMapperId], [MediaAttributeFamilyId], [MediaAttributeGroupId], [MediaAttributeId], [GroupDisplayOrder], [IsSystemDefined], [CreatedBy], [CreatedDate], [ModifiedBy], [ModifiedDate]) VALUES (12, 1, 1, 9, NULL, 1, 2, CAST(N'2016-05-06 10:11:25.427' AS DateTime), 2, CAST(N'2016-05-06 10:11:25.427' AS DateTime))
INSERT [dbo].[ZnodeMediaFamilyGroupMapper] ([MediaFamilyGroupMapperId], [MediaAttributeFamilyId], [MediaAttributeGroupId], [MediaAttributeId], [GroupDisplayOrder], [IsSystemDefined], [CreatedBy], [CreatedDate], [ModifiedBy], [ModifiedDate]) VALUES (13, 1, 1, 7, NULL, 1, 2, CAST(N'2016-05-06 10:11:25.427' AS DateTime), 2, CAST(N'2016-05-06 10:11:25.427' AS DateTime))
INSERT [dbo].[ZnodeMediaFamilyGroupMapper] ([MediaFamilyGroupMapperId], [MediaAttributeFamilyId], [MediaAttributeGroupId], [MediaAttributeId], [GroupDisplayOrder], [IsSystemDefined], [CreatedBy], [CreatedDate], [ModifiedBy], [ModifiedDate]) VALUES (14, 1, 2, 10, NULL, 1, 2, CAST(N'2016-05-06 10:11:25.427' AS DateTime), 2, CAST(N'2016-05-06 10:11:25.427' AS DateTime))
INSERT [dbo].[ZnodeMediaFamilyGroupMapper] ([MediaFamilyGroupMapperId], [MediaAttributeFamilyId], [MediaAttributeGroupId], [MediaAttributeId], [GroupDisplayOrder], [IsSystemDefined], [CreatedBy], [CreatedDate], [ModifiedBy], [ModifiedDate]) VALUES (15, 1, 2, 11, NULL, 1, 2, CAST(N'2016-05-06 10:11:25.427' AS DateTime), 2, CAST(N'2016-05-06 10:11:25.427' AS DateTime))
INSERT [dbo].[ZnodeMediaFamilyGroupMapper] ([MediaFamilyGroupMapperId], [MediaAttributeFamilyId], [MediaAttributeGroupId], [MediaAttributeId], [GroupDisplayOrder], [IsSystemDefined], [CreatedBy], [CreatedDate], [ModifiedBy], [ModifiedDate]) VALUES (16, 1, 3, 1, NULL, 1, 2, CAST(N'2016-05-06 10:11:25.427' AS DateTime), 2, CAST(N'2016-05-06 10:11:25.427' AS DateTime))
INSERT [dbo].[ZnodeMediaFamilyGroupMapper] ([MediaFamilyGroupMapperId], [MediaAttributeFamilyId], [MediaAttributeGroupId], [MediaAttributeId], [GroupDisplayOrder], [IsSystemDefined], [CreatedBy], [CreatedDate], [ModifiedBy], [ModifiedDate]) VALUES (17, 1, 3, 2, NULL, 1, 2, CAST(N'2016-05-06 10:11:25.427' AS DateTime), 2, CAST(N'2016-05-06 10:11:25.427' AS DateTime))
INSERT [dbo].[ZnodeMediaFamilyGroupMapper] ([MediaFamilyGroupMapperId], [MediaAttributeFamilyId], [MediaAttributeGroupId], [MediaAttributeId], [GroupDisplayOrder], [IsSystemDefined], [CreatedBy], [CreatedDate], [ModifiedBy], [ModifiedDate]) VALUES (18, 1, 3, 4, NULL, 1, 2, CAST(N'2016-05-06 10:11:25.427' AS DateTime), 2, CAST(N'2016-05-06 10:11:25.427' AS DateTime))
INSERT [dbo].[ZnodeMediaFamilyGroupMapper] ([MediaFamilyGroupMapperId], [MediaAttributeFamilyId], [MediaAttributeGroupId], [MediaAttributeId], [GroupDisplayOrder], [IsSystemDefined], [CreatedBy], [CreatedDate], [ModifiedBy], [ModifiedDate]) VALUES (19, 1, 3, 7, NULL, 1, 2, CAST(N'2016-05-06 10:11:25.427' AS DateTime), 2, CAST(N'2016-05-06 10:11:25.427' AS DateTime))
INSERT [dbo].[ZnodeMediaFamilyGroupMapper] ([MediaFamilyGroupMapperId], [MediaAttributeFamilyId], [MediaAttributeGroupId], [MediaAttributeId], [GroupDisplayOrder], [IsSystemDefined], [CreatedBy], [CreatedDate], [ModifiedBy], [ModifiedDate]) VALUES (20, 1, 3, 14, NULL, 1, 2, CAST(N'2016-05-06 10:11:25.427' AS DateTime), 2, CAST(N'2016-05-06 10:11:25.427' AS DateTime))
INSERT [dbo].[ZnodeMediaFamilyGroupMapper] ([MediaFamilyGroupMapperId], [MediaAttributeFamilyId], [MediaAttributeGroupId], [MediaAttributeId], [GroupDisplayOrder], [IsSystemDefined], [CreatedBy], [CreatedDate], [ModifiedBy], [ModifiedDate]) VALUES (23, 6, 4, 16, NULL, 1, 2, CAST(N'2016-05-06 11:09:22.143' AS DateTime), 2, CAST(N'2016-05-06 11:09:22.143' AS DateTime))
INSERT [dbo].[ZnodeMediaFamilyGroupMapper] ([MediaFamilyGroupMapperId], [MediaAttributeFamilyId], [MediaAttributeGroupId], [MediaAttributeId], [GroupDisplayOrder], [IsSystemDefined], [CreatedBy], [CreatedDate], [ModifiedBy], [ModifiedDate]) VALUES (24, 6, 4, 21, NULL, 1, 2, CAST(N'2016-05-06 11:09:22.143' AS DateTime), 2, CAST(N'2016-05-06 11:09:22.143' AS DateTime))
INSERT [dbo].[ZnodeMediaFamilyGroupMapper] ([MediaFamilyGroupMapperId], [MediaAttributeFamilyId], [MediaAttributeGroupId], [MediaAttributeId], [GroupDisplayOrder], [IsSystemDefined], [CreatedBy], [CreatedDate], [ModifiedBy], [ModifiedDate]) VALUES (26, 7, 5, 17, NULL, 1, 2, CAST(N'2016-05-06 11:34:47.657' AS DateTime), 2, CAST(N'2016-05-06 11:34:47.657' AS DateTime))
INSERT [dbo].[ZnodeMediaFamilyGroupMapper] ([MediaFamilyGroupMapperId], [MediaAttributeFamilyId], [MediaAttributeGroupId], [MediaAttributeId], [GroupDisplayOrder], [IsSystemDefined], [CreatedBy], [CreatedDate], [ModifiedBy], [ModifiedDate]) VALUES (27, 7, 5, 22, NULL, 1, 2, CAST(N'2016-05-06 11:34:47.657' AS DateTime), 2, CAST(N'2016-05-06 11:34:47.657' AS DateTime))
INSERT [dbo].[ZnodeMediaFamilyGroupMapper] ([MediaFamilyGroupMapperId], [MediaAttributeFamilyId], [MediaAttributeGroupId], [MediaAttributeId], [GroupDisplayOrder], [IsSystemDefined], [CreatedBy], [CreatedDate], [ModifiedBy], [ModifiedDate]) VALUES (28, 1, 3, 19, NULL, 1, 2, CAST(N'2016-05-06 11:34:47.657' AS DateTime), 2, CAST(N'2016-05-06 11:34:47.657' AS DateTime))
INSERT [dbo].[ZnodeMediaFamilyGroupMapper] ([MediaFamilyGroupMapperId], [MediaAttributeFamilyId], [MediaAttributeGroupId], [MediaAttributeId], [GroupDisplayOrder], [IsSystemDefined], [CreatedBy], [CreatedDate], [ModifiedBy], [ModifiedDate]) VALUES (29, 9, 6, 20, NULL, 1, 2, CAST(N'2016-05-06 11:34:47.657' AS DateTime), 2, CAST(N'2016-05-06 11:34:47.657' AS DateTime))
INSERT [dbo].[ZnodeMediaFamilyGroupMapper] ([MediaFamilyGroupMapperId], [MediaAttributeFamilyId], [MediaAttributeGroupId], [MediaAttributeId], [GroupDisplayOrder], [IsSystemDefined], [CreatedBy], [CreatedDate], [ModifiedBy], [ModifiedDate]) VALUES (30, 6, 1, 3, NULL, 1, 2, CAST(N'2016-05-06 10:11:25.427' AS DateTime), 2, CAST(N'2016-05-06 10:11:25.427' AS DateTime))
INSERT [dbo].[ZnodeMediaFamilyGroupMapper] ([MediaFamilyGroupMapperId], [MediaAttributeFamilyId], [MediaAttributeGroupId], [MediaAttributeId], [GroupDisplayOrder], [IsSystemDefined], [CreatedBy], [CreatedDate], [ModifiedBy], [ModifiedDate]) VALUES (31, 6, 1, 5, NULL, 1, 2, CAST(N'2016-05-06 10:11:25.427' AS DateTime), 2, CAST(N'2016-05-06 10:11:25.427' AS DateTime))
INSERT [dbo].[ZnodeMediaFamilyGroupMapper] ([MediaFamilyGroupMapperId], [MediaAttributeFamilyId], [MediaAttributeGroupId], [MediaAttributeId], [GroupDisplayOrder], [IsSystemDefined], [CreatedBy], [CreatedDate], [ModifiedBy], [ModifiedDate]) VALUES (32, 6, 1, 6, NULL, 1, 2, CAST(N'2016-05-06 10:11:25.427' AS DateTime), 2, CAST(N'2016-05-06 10:11:25.427' AS DateTime))
INSERT [dbo].[ZnodeMediaFamilyGroupMapper] ([MediaFamilyGroupMapperId], [MediaAttributeFamilyId], [MediaAttributeGroupId], [MediaAttributeId], [GroupDisplayOrder], [IsSystemDefined], [CreatedBy], [CreatedDate], [ModifiedBy], [ModifiedDate]) VALUES (33, 6, 1, 8, NULL, 1, 2, CAST(N'2016-05-06 10:11:25.427' AS DateTime), 2, CAST(N'2016-05-06 10:11:25.427' AS DateTime))
INSERT [dbo].[ZnodeMediaFamilyGroupMapper] ([MediaFamilyGroupMapperId], [MediaAttributeFamilyId], [MediaAttributeGroupId], [MediaAttributeId], [GroupDisplayOrder], [IsSystemDefined], [CreatedBy], [CreatedDate], [ModifiedBy], [ModifiedDate]) VALUES (34, 6, 1, 9, NULL, 1, 2, CAST(N'2016-05-06 10:11:25.427' AS DateTime), 2, CAST(N'2016-05-06 10:11:25.427' AS DateTime))
INSERT [dbo].[ZnodeMediaFamilyGroupMapper] ([MediaFamilyGroupMapperId], [MediaAttributeFamilyId], [MediaAttributeGroupId], [MediaAttributeId], [GroupDisplayOrder], [IsSystemDefined], [CreatedBy], [CreatedDate], [ModifiedBy], [ModifiedDate]) VALUES (35, 6, 1, 7, NULL, 1, 2, CAST(N'2016-05-06 10:11:25.427' AS DateTime), 2, CAST(N'2016-05-06 10:11:25.427' AS DateTime))
INSERT [dbo].[ZnodeMediaFamilyGroupMapper] ([MediaFamilyGroupMapperId], [MediaAttributeFamilyId], [MediaAttributeGroupId], [MediaAttributeId], [GroupDisplayOrder], [IsSystemDefined], [CreatedBy], [CreatedDate], [ModifiedBy], [ModifiedDate]) VALUES (36, 6, 2, 10, NULL, 1, 2, CAST(N'2016-05-06 10:11:25.427' AS DateTime), 2, CAST(N'2016-05-06 10:11:25.427' AS DateTime))
INSERT [dbo].[ZnodeMediaFamilyGroupMapper] ([MediaFamilyGroupMapperId], [MediaAttributeFamilyId], [MediaAttributeGroupId], [MediaAttributeId], [GroupDisplayOrder], [IsSystemDefined], [CreatedBy], [CreatedDate], [ModifiedBy], [ModifiedDate]) VALUES (37, 6, 2, 11, NULL, 1, 2, CAST(N'2016-05-06 10:11:25.427' AS DateTime), 2, CAST(N'2016-05-06 10:11:25.427' AS DateTime))
INSERT [dbo].[ZnodeMediaFamilyGroupMapper] ([MediaFamilyGroupMapperId], [MediaAttributeFamilyId], [MediaAttributeGroupId], [MediaAttributeId], [GroupDisplayOrder], [IsSystemDefined], [CreatedBy], [CreatedDate], [ModifiedBy], [ModifiedDate]) VALUES (38, 7, 1, 3, NULL, 1, 2, CAST(N'2016-05-06 10:11:25.427' AS DateTime), 2, CAST(N'2016-05-06 10:11:25.427' AS DateTime))
INSERT [dbo].[ZnodeMediaFamilyGroupMapper] ([MediaFamilyGroupMapperId], [MediaAttributeFamilyId], [MediaAttributeGroupId], [MediaAttributeId], [GroupDisplayOrder], [IsSystemDefined], [CreatedBy], [CreatedDate], [ModifiedBy], [ModifiedDate]) VALUES (39, 7, 1, 5, NULL, 1, 2, CAST(N'2016-05-06 10:11:25.427' AS DateTime), 2, CAST(N'2016-05-06 10:11:25.427' AS DateTime))
INSERT [dbo].[ZnodeMediaFamilyGroupMapper] ([MediaFamilyGroupMapperId], [MediaAttributeFamilyId], [MediaAttributeGroupId], [MediaAttributeId], [GroupDisplayOrder], [IsSystemDefined], [CreatedBy], [CreatedDate], [ModifiedBy], [ModifiedDate]) VALUES (40, 7, 1, 6, NULL, 1, 2, CAST(N'2016-05-06 10:11:25.427' AS DateTime), 2, CAST(N'2016-05-06 10:11:25.427' AS DateTime))
INSERT [dbo].[ZnodeMediaFamilyGroupMapper] ([MediaFamilyGroupMapperId], [MediaAttributeFamilyId], [MediaAttributeGroupId], [MediaAttributeId], [GroupDisplayOrder], [IsSystemDefined], [CreatedBy], [CreatedDate], [ModifiedBy], [ModifiedDate]) VALUES (41, 7, 1, 8, NULL, 1, 2, CAST(N'2016-05-06 10:11:25.427' AS DateTime), 2, CAST(N'2016-05-06 10:11:25.427' AS DateTime))
INSERT [dbo].[ZnodeMediaFamilyGroupMapper] ([MediaFamilyGroupMapperId], [MediaAttributeFamilyId], [MediaAttributeGroupId], [MediaAttributeId], [GroupDisplayOrder], [IsSystemDefined], [CreatedBy], [CreatedDate], [ModifiedBy], [ModifiedDate]) VALUES (42, 7, 1, 9, NULL, 1, 2, CAST(N'2016-05-06 10:11:25.427' AS DateTime), 2, CAST(N'2016-05-06 10:11:25.427' AS DateTime))
INSERT [dbo].[ZnodeMediaFamilyGroupMapper] ([MediaFamilyGroupMapperId], [MediaAttributeFamilyId], [MediaAttributeGroupId], [MediaAttributeId], [GroupDisplayOrder], [IsSystemDefined], [CreatedBy], [CreatedDate], [ModifiedBy], [ModifiedDate]) VALUES (43, 7, 1, 7, NULL, 1, 2, CAST(N'2016-05-06 10:11:25.427' AS DateTime), 2, CAST(N'2016-05-06 10:11:25.427' AS DateTime))
INSERT [dbo].[ZnodeMediaFamilyGroupMapper] ([MediaFamilyGroupMapperId], [MediaAttributeFamilyId], [MediaAttributeGroupId], [MediaAttributeId], [GroupDisplayOrder], [IsSystemDefined], [CreatedBy], [CreatedDate], [ModifiedBy], [ModifiedDate]) VALUES (44, 7, 2, 10, NULL, 1, 2, CAST(N'2016-05-06 10:11:25.427' AS DateTime), 2, CAST(N'2016-05-06 10:11:25.427' AS DateTime))
INSERT [dbo].[ZnodeMediaFamilyGroupMapper] ([MediaFamilyGroupMapperId], [MediaAttributeFamilyId], [MediaAttributeGroupId], [MediaAttributeId], [GroupDisplayOrder], [IsSystemDefined], [CreatedBy], [CreatedDate], [ModifiedBy], [ModifiedDate]) VALUES (45, 7, 2, 11, NULL, 1, 2, CAST(N'2016-05-06 10:11:25.427' AS DateTime), 2, CAST(N'2016-05-06 10:11:25.427' AS DateTime))
INSERT [dbo].[ZnodeMediaFamilyGroupMapper] ([MediaFamilyGroupMapperId], [MediaAttributeFamilyId], [MediaAttributeGroupId], [MediaAttributeId], [GroupDisplayOrder], [IsSystemDefined], [CreatedBy], [CreatedDate], [ModifiedBy], [ModifiedDate]) VALUES (46, 9, 1, 3, NULL, 1, 2, CAST(N'2016-05-06 10:11:25.427' AS DateTime), 2, CAST(N'2016-05-06 10:11:25.427' AS DateTime))
INSERT [dbo].[ZnodeMediaFamilyGroupMapper] ([MediaFamilyGroupMapperId], [MediaAttributeFamilyId], [MediaAttributeGroupId], [MediaAttributeId], [GroupDisplayOrder], [IsSystemDefined], [CreatedBy], [CreatedDate], [ModifiedBy], [ModifiedDate]) VALUES (47, 9, 1, 5, NULL, 1, 2, CAST(N'2016-05-06 10:11:25.427' AS DateTime), 2, CAST(N'2016-05-06 10:11:25.427' AS DateTime))
INSERT [dbo].[ZnodeMediaFamilyGroupMapper] ([MediaFamilyGroupMapperId], [MediaAttributeFamilyId], [MediaAttributeGroupId], [MediaAttributeId], [GroupDisplayOrder], [IsSystemDefined], [CreatedBy], [CreatedDate], [ModifiedBy], [ModifiedDate]) VALUES (48, 9, 1, 6, NULL, 1, 2, CAST(N'2016-05-06 10:11:25.427' AS DateTime), 2, CAST(N'2016-05-06 10:11:25.427' AS DateTime))
INSERT [dbo].[ZnodeMediaFamilyGroupMapper] ([MediaFamilyGroupMapperId], [MediaAttributeFamilyId], [MediaAttributeGroupId], [MediaAttributeId], [GroupDisplayOrder], [IsSystemDefined], [CreatedBy], [CreatedDate], [ModifiedBy], [ModifiedDate]) VALUES (49, 9, 1, 8, NULL, 1, 2, CAST(N'2016-05-06 10:11:25.427' AS DateTime), 2, CAST(N'2016-05-06 10:11:25.427' AS DateTime))
INSERT [dbo].[ZnodeMediaFamilyGroupMapper] ([MediaFamilyGroupMapperId], [MediaAttributeFamilyId], [MediaAttributeGroupId], [MediaAttributeId], [GroupDisplayOrder], [IsSystemDefined], [CreatedBy], [CreatedDate], [ModifiedBy], [ModifiedDate]) VALUES (50, 9, 1, 9, NULL, 1, 2, CAST(N'2016-05-06 10:11:25.427' AS DateTime), 2, CAST(N'2016-05-06 10:11:25.427' AS DateTime))
INSERT [dbo].[ZnodeMediaFamilyGroupMapper] ([MediaFamilyGroupMapperId], [MediaAttributeFamilyId], [MediaAttributeGroupId], [MediaAttributeId], [GroupDisplayOrder], [IsSystemDefined], [CreatedBy], [CreatedDate], [ModifiedBy], [ModifiedDate]) VALUES (51, 9, 1, 7, NULL, 1, 2, CAST(N'2016-05-06 10:11:25.427' AS DateTime), 2, CAST(N'2016-05-06 10:11:25.427' AS DateTime))
INSERT [dbo].[ZnodeMediaFamilyGroupMapper] ([MediaFamilyGroupMapperId], [MediaAttributeFamilyId], [MediaAttributeGroupId], [MediaAttributeId], [GroupDisplayOrder], [IsSystemDefined], [CreatedBy], [CreatedDate], [ModifiedBy], [ModifiedDate]) VALUES (52, 9, 2, 10, NULL, 1, 2, CAST(N'2016-05-06 10:11:25.427' AS DateTime), 2, CAST(N'2016-05-06 10:11:25.427' AS DateTime))
INSERT [dbo].[ZnodeMediaFamilyGroupMapper] ([MediaFamilyGroupMapperId], [MediaAttributeFamilyId], [MediaAttributeGroupId], [MediaAttributeId], [GroupDisplayOrder], [IsSystemDefined], [CreatedBy], [CreatedDate], [ModifiedBy], [ModifiedDate]) VALUES (53, 9, 2, 11, NULL, 1, 2, CAST(N'2016-05-06 10:11:25.427' AS DateTime), 2, CAST(N'2016-05-06 10:11:25.427' AS DateTime))
SET IDENTITY_INSERT [dbo].[ZnodeMediaFamilyGroupMapper] OFF
SET IDENTITY_INSERT [dbo].[ZnodeMediaFamilyLocale] ON 

INSERT [dbo].[ZnodeMediaFamilyLocale] ([MediaFamilyLocaleId], [LocaleId], [MediaAttributeFamilyId], [AttributeFamilyName], [Label], [Description], [CreatedBy], [CreatedDate], [ModifiedBy], [ModifiedDate]) VALUES (1, 1, 1, N'Image', NULL, NULL, 2, CAST(N'2016-04-06 05:01:36.607' AS DateTime), 2, CAST(N'2016-04-06 05:01:36.607' AS DateTime))
INSERT [dbo].[ZnodeMediaFamilyLocale] ([MediaFamilyLocaleId], [LocaleId], [MediaAttributeFamilyId], [AttributeFamilyName], [Label], [Description], [CreatedBy], [CreatedDate], [ModifiedBy], [ModifiedDate]) VALUES (2, 2, 1, N'Image', NULL, NULL, 2, CAST(N'2016-04-06 05:01:36.607' AS DateTime), 2, CAST(N'2016-04-06 05:01:36.607' AS DateTime))
INSERT [dbo].[ZnodeMediaFamilyLocale] ([MediaFamilyLocaleId], [LocaleId], [MediaAttributeFamilyId], [AttributeFamilyName], [Label], [Description], [CreatedBy], [CreatedDate], [ModifiedBy], [ModifiedDate]) VALUES (3, 7, 1, N'Image', NULL, NULL, 2, CAST(N'2016-04-06 05:01:36.607' AS DateTime), 2, CAST(N'2016-04-06 05:01:36.607' AS DateTime))
INSERT [dbo].[ZnodeMediaFamilyLocale] ([MediaFamilyLocaleId], [LocaleId], [MediaAttributeFamilyId], [AttributeFamilyName], [Label], [Description], [CreatedBy], [CreatedDate], [ModifiedBy], [ModifiedDate]) VALUES (4, 8, 1, N'Image', NULL, NULL, 2, CAST(N'2016-04-06 05:01:36.607' AS DateTime), 2, CAST(N'2016-04-06 05:01:36.607' AS DateTime))
INSERT [dbo].[ZnodeMediaFamilyLocale] ([MediaFamilyLocaleId], [LocaleId], [MediaAttributeFamilyId], [AttributeFamilyName], [Label], [Description], [CreatedBy], [CreatedDate], [ModifiedBy], [ModifiedDate]) VALUES (9, 1, 6, N'Video', NULL, NULL, 2, CAST(N'2016-04-06 05:07:14.620' AS DateTime), 2, CAST(N'2016-04-06 05:07:14.620' AS DateTime))
INSERT [dbo].[ZnodeMediaFamilyLocale] ([MediaFamilyLocaleId], [LocaleId], [MediaAttributeFamilyId], [AttributeFamilyName], [Label], [Description], [CreatedBy], [CreatedDate], [ModifiedBy], [ModifiedDate]) VALUES (10, 2, 6, N'Video', NULL, NULL, 2, CAST(N'2016-04-06 05:07:14.620' AS DateTime), 2, CAST(N'2016-04-06 05:07:14.620' AS DateTime))
INSERT [dbo].[ZnodeMediaFamilyLocale] ([MediaFamilyLocaleId], [LocaleId], [MediaAttributeFamilyId], [AttributeFamilyName], [Label], [Description], [CreatedBy], [CreatedDate], [ModifiedBy], [ModifiedDate]) VALUES (11, 7, 6, N'Video', NULL, NULL, 2, CAST(N'2016-04-06 05:07:14.620' AS DateTime), 2, CAST(N'2016-04-06 05:07:14.620' AS DateTime))
INSERT [dbo].[ZnodeMediaFamilyLocale] ([MediaFamilyLocaleId], [LocaleId], [MediaAttributeFamilyId], [AttributeFamilyName], [Label], [Description], [CreatedBy], [CreatedDate], [ModifiedBy], [ModifiedDate]) VALUES (12, 8, 6, N'Video', NULL, NULL, 2, CAST(N'2016-04-06 05:07:14.620' AS DateTime), 2, CAST(N'2016-04-06 05:07:14.620' AS DateTime))
INSERT [dbo].[ZnodeMediaFamilyLocale] ([MediaFamilyLocaleId], [LocaleId], [MediaAttributeFamilyId], [AttributeFamilyName], [Label], [Description], [CreatedBy], [CreatedDate], [ModifiedBy], [ModifiedDate]) VALUES (25, 1, 7, N'Audio', NULL, NULL, 2, CAST(N'2016-04-06 05:15:36.220' AS DateTime), 2, CAST(N'2016-04-06 05:15:36.223' AS DateTime))
INSERT [dbo].[ZnodeMediaFamilyLocale] ([MediaFamilyLocaleId], [LocaleId], [MediaAttributeFamilyId], [AttributeFamilyName], [Label], [Description], [CreatedBy], [CreatedDate], [ModifiedBy], [ModifiedDate]) VALUES (26, 2, 7, N'Audio', NULL, NULL, 2, CAST(N'2016-04-06 05:15:36.223' AS DateTime), 2, CAST(N'2016-04-06 05:15:36.223' AS DateTime))
INSERT [dbo].[ZnodeMediaFamilyLocale] ([MediaFamilyLocaleId], [LocaleId], [MediaAttributeFamilyId], [AttributeFamilyName], [Label], [Description], [CreatedBy], [CreatedDate], [ModifiedBy], [ModifiedDate]) VALUES (27, 7, 7, N'Audio', NULL, NULL, 2, CAST(N'2016-04-06 05:15:36.223' AS DateTime), 2, CAST(N'2016-04-06 05:15:36.223' AS DateTime))
INSERT [dbo].[ZnodeMediaFamilyLocale] ([MediaFamilyLocaleId], [LocaleId], [MediaAttributeFamilyId], [AttributeFamilyName], [Label], [Description], [CreatedBy], [CreatedDate], [ModifiedBy], [ModifiedDate]) VALUES (28, 8, 7, N'Audio', NULL, NULL, 2, CAST(N'2016-04-06 05:15:36.223' AS DateTime), 2, CAST(N'2016-04-06 05:15:36.223' AS DateTime))
INSERT [dbo].[ZnodeMediaFamilyLocale] ([MediaFamilyLocaleId], [LocaleId], [MediaAttributeFamilyId], [AttributeFamilyName], [Label], [Description], [CreatedBy], [CreatedDate], [ModifiedBy], [ModifiedDate]) VALUES (34, 1, 9, N'File', NULL, NULL, 2, CAST(N'2016-05-06 09:45:08.830' AS DateTime), 2, CAST(N'2016-05-06 09:45:08.830' AS DateTime))
INSERT [dbo].[ZnodeMediaFamilyLocale] ([MediaFamilyLocaleId], [LocaleId], [MediaAttributeFamilyId], [AttributeFamilyName], [Label], [Description], [CreatedBy], [CreatedDate], [ModifiedBy], [ModifiedDate]) VALUES (35, 2, 9, N'File', NULL, NULL, 2, CAST(N'2016-05-06 09:45:09.033' AS DateTime), 2, CAST(N'2016-05-06 09:45:09.033' AS DateTime))
INSERT [dbo].[ZnodeMediaFamilyLocale] ([MediaFamilyLocaleId], [LocaleId], [MediaAttributeFamilyId], [AttributeFamilyName], [Label], [Description], [CreatedBy], [CreatedDate], [ModifiedBy], [ModifiedDate]) VALUES (36, 7, 9, N'File', NULL, NULL, 2, CAST(N'2016-05-06 09:45:09.037' AS DateTime), 2, CAST(N'2016-05-06 09:45:09.037' AS DateTime))
INSERT [dbo].[ZnodeMediaFamilyLocale] ([MediaFamilyLocaleId], [LocaleId], [MediaAttributeFamilyId], [AttributeFamilyName], [Label], [Description], [CreatedBy], [CreatedDate], [ModifiedBy], [ModifiedDate]) VALUES (37, 8, 9, N'File', NULL, NULL, 2, CAST(N'2016-05-06 09:45:09.043' AS DateTime), 2, CAST(N'2016-05-06 09:45:09.043' AS DateTime))
SET IDENTITY_INSERT [dbo].[ZnodeMediaFamilyLocale] OFF
SET IDENTITY_INSERT [dbo].[ZnodeMediaAttributeGroupLocale] ON 

INSERT [dbo].[ZnodeMediaAttributeGroupLocale] ([MediaAttributeGroupLocaleId], [LocaleId], [MediaAttributeGroupId], [AttributeGroupName], [Description], [CreatedBy], [CreatedDate], [ModifiedBy], [ModifiedDate]) VALUES (1, 1, 1, N'General', NULL, 2, CAST(N'2016-04-05 18:32:06.557' AS DateTime), 2, CAST(N'2016-04-05 13:19:59.897' AS DateTime))
INSERT [dbo].[ZnodeMediaAttributeGroupLocale] ([MediaAttributeGroupLocaleId], [LocaleId], [MediaAttributeGroupId], [AttributeGroupName], [Description], [CreatedBy], [CreatedDate], [ModifiedBy], [ModifiedDate]) VALUES (2, 1, 2, N'Meta Information', N'Meta Information', 2, CAST(N'2016-04-05 18:32:06.690' AS DateTime), 2, CAST(N'2016-04-05 18:32:06.690' AS DateTime))
INSERT [dbo].[ZnodeMediaAttributeGroupLocale] ([MediaAttributeGroupLocaleId], [LocaleId], [MediaAttributeGroupId], [AttributeGroupName], [Description], [CreatedBy], [CreatedDate], [ModifiedBy], [ModifiedDate]) VALUES (3, 1, 3, N'Image', N'Image', 2, CAST(N'2016-04-05 18:32:06.697' AS DateTime), 2, CAST(N'2016-04-05 18:32:06.697' AS DateTime))
INSERT [dbo].[ZnodeMediaAttributeGroupLocale] ([MediaAttributeGroupLocaleId], [LocaleId], [MediaAttributeGroupId], [AttributeGroupName], [Description], [CreatedBy], [CreatedDate], [ModifiedBy], [ModifiedDate]) VALUES (4, 1, 4, N'Video', N'Video', 2, CAST(N'2016-04-05 18:32:06.700' AS DateTime), 2, CAST(N'2016-04-05 18:32:06.700' AS DateTime))
INSERT [dbo].[ZnodeMediaAttributeGroupLocale] ([MediaAttributeGroupLocaleId], [LocaleId], [MediaAttributeGroupId], [AttributeGroupName], [Description], [CreatedBy], [CreatedDate], [ModifiedBy], [ModifiedDate]) VALUES (5, 1, 5, N'Audio', N'Audio', 2, CAST(N'2016-04-05 18:32:06.710' AS DateTime), 2, CAST(N'2016-04-05 18:32:06.710' AS DateTime))
INSERT [dbo].[ZnodeMediaAttributeGroupLocale] ([MediaAttributeGroupLocaleId], [LocaleId], [MediaAttributeGroupId], [AttributeGroupName], [Description], [CreatedBy], [CreatedDate], [ModifiedBy], [ModifiedDate]) VALUES (6, 1, 6, N'File', NULL, 2, CAST(N'2016-02-22 16:26:42.777' AS DateTime), 2, CAST(N'2016-02-22 16:26:42.777' AS DateTime))
INSERT [dbo].[ZnodeMediaAttributeGroupLocale] ([MediaAttributeGroupLocaleId], [LocaleId], [MediaAttributeGroupId], [AttributeGroupName], [Description], [CreatedBy], [CreatedDate], [ModifiedBy], [ModifiedDate]) VALUES (7, 2, 1, N'General', NULL, 2, CAST(N'2016-04-05 13:19:59.917' AS DateTime), 2, CAST(N'2016-04-05 13:19:59.917' AS DateTime))
INSERT [dbo].[ZnodeMediaAttributeGroupLocale] ([MediaAttributeGroupLocaleId], [LocaleId], [MediaAttributeGroupId], [AttributeGroupName], [Description], [CreatedBy], [CreatedDate], [ModifiedBy], [ModifiedDate]) VALUES (8, 7, 1, N'General', NULL, 2, CAST(N'2016-04-05 13:19:59.933' AS DateTime), 2, CAST(N'2016-04-05 13:19:59.933' AS DateTime))
INSERT [dbo].[ZnodeMediaAttributeGroupLocale] ([MediaAttributeGroupLocaleId], [LocaleId], [MediaAttributeGroupId], [AttributeGroupName], [Description], [CreatedBy], [CreatedDate], [ModifiedBy], [ModifiedDate]) VALUES (9, 8, 1, N'General', NULL, 2, CAST(N'2016-04-05 13:19:59.947' AS DateTime), 2, CAST(N'2016-04-05 13:19:59.947' AS DateTime))
SET IDENTITY_INSERT [dbo].[ZnodeMediaAttributeGroupLocale] OFF
INSERT [dbo].[AspNet_SqlCacheTablesForChangeNotification] ([tableName], [notificationCreated], [changeId]) VALUES (N'View_DefaultGlobalConfiguration', CAST(N'2016-02-19 17:44:38.693' AS DateTime), 5)
INSERT [dbo].[AspNet_SqlCacheTablesForChangeNotification] ([tableName], [notificationCreated], [changeId]) VALUES (N'ZNodeDomain', CAST(N'2016-02-19 17:44:38.693' AS DateTime), 121)
INSERT [dbo].[AspNet_SqlCacheTablesForChangeNotification] ([tableName], [notificationCreated], [changeId]) VALUES (N'ZnodeGlobalSetting', CAST(N'2016-03-14 13:14:11.513' AS DateTime), 190)
INSERT [dbo].[AspNet_SqlCacheTablesForChangeNotification] ([tableName], [notificationCreated], [changeId]) VALUES (N'ZNodePortal', CAST(N'2016-02-19 17:44:38.693' AS DateTime), 92)
SET IDENTITY_INSERT [dbo].[ZnodeApplicationSetting] ON 

INSERT [dbo].[ZnodeApplicationSetting] ([ApplicationSettingId], [GroupName], [ItemName], [Setting], [ViewOptions], [FrontPageName], [FrontObjectName], [IsCompressed], [OrderByFields], [ItemNameWithoutCurrency], [CreatedByName], [ModifiedByName], [CreatedBy], [CreatedDate], [ModifiedBy], [ModifiedDate]) VALUES (1, N'Grid', N'OperatorXML', N'<?xml version=''1.0'' encoding=''utf-8''?><operatordefinitionCollection xmlns:xsi="http://www.w3.org/2001/XMLSchema-instance" xmlns:xsd="http://www.w3.org/2001/XMLSchema"><operatordefinition><id>1</id><keyname>Equals</keyname><displayname>Equals</displayname><isdefault>TRUE</isdefault><datatype>Boolean</datatype><filterconditionformat>{0} = {1}</filterconditionformat><filteroperator>eq</filteroperator></operatordefinition><operatordefinition><id>2</id><keyname>On</keyname><displayname>On</displayname><isdefault>TRUE</isdefault><datatype>DateTime</datatype><filterconditionformat>{0} BETWEEN {1} AND {2} </filterconditionformat><filteroperator>eq</filteroperator></operatordefinition><operatordefinition><id>3</id><keyname>After</keyname><displayname>After</displayname><isdefault>FALSE</isdefault><datatype>DateTime</datatype><filterconditionformat>{0} &gt; {1}</filterconditionformat><filteroperator>gt</filteroperator></operatordefinition><operatordefinition><id>4</id><keyname>Before</keyname><displayname>Before</displayname><isdefault>FALSE</isdefault><datatype>DateTime</datatype><filterconditionformat>{0} &lt; {1}</filterconditionformat><filteroperator>lt</filteroperator></operatordefinition><operatordefinition><id>5</id><keyname>OnOrAfter</keyname><displayname>On or After</displayname><isdefault>FALSE</isdefault><datatype>DateTime</datatype><filterconditionformat>{0} &gt;= {1}</filterconditionformat><filteroperator>ge</filteroperator></operatordefinition><operatordefinition><id>6</id><keyname>OnOrBefore</keyname><displayname>On or Before</displayname><isdefault>FALSE</isdefault><datatype>DateTime</datatype><filterconditionformat>{0} &lt;= {1}</filterconditionformat><filteroperator>le</filteroperator></operatordefinition><operatordefinition><id>7</id><keyname>NotOn</keyname><displayname>Not On</displayname><isdefault>FALSE</isdefault><datatype>DateTime</datatype><filterconditionformat>{0} != {1}</filterconditionformat><filteroperator>ne</filteroperator></operatordefinition><operatordefinition><id>2</id><keyname>On</keyname><displayname>On</displayname><isdefault>TRUE</isdefault><datatype>Date</datatype><filterconditionformat>{0} BETWEEN {1} AND {2} </filterconditionformat><filteroperator>eq</filteroperator></operatordefinition><operatordefinition><id>3</id><keyname>After</keyname><displayname>After</displayname><isdefault>FALSE</isdefault><datatype>Date</datatype><filterconditionformat>{0} &gt; {1}</filterconditionformat><filteroperator>gt</filteroperator></operatordefinition><operatordefinition><id>4</id><keyname>Before</keyname><displayname>Before</displayname><isdefault>FALSE</isdefault><datatype>Date</datatype><filterconditionformat>{0} &lt; {1}</filterconditionformat><filteroperator>lt</filteroperator></operatordefinition><operatordefinition><id>5</id><keyname>OnOrAfter</keyname><displayname>On or After</displayname><isdefault>FALSE</isdefault><datatype>Date</datatype><filterconditionformat>{0} &gt;= {1}</filterconditionformat><filteroperator>ge</filteroperator></operatordefinition><operatordefinition><id>6</id><keyname>OnOrBefore</keyname><displayname>On or Before</displayname><isdefault>FALSE</isdefault><datatype>Date</datatype><filterconditionformat>{0} &lt;= {1}</filterconditionformat><filteroperator>le</filteroperator></operatordefinition><operatordefinition><id>7</id><keyname>NotOn</keyname><displayname>Not On</displayname><isdefault>FALSE</isdefault><datatype>Date</datatype><filterconditionformat>{0} != {1}</filterconditionformat><filteroperator>ne</filteroperator></operatordefinition><operatordefinition><id>14</id><keyname>Equals</keyname><displayname>Equals</displayname><isdefault>TRUE</isdefault><datatype>Decimal</datatype><filterconditionformat>{0} = {1}</filterconditionformat><filteroperator>eq</filteroperator></operatordefinition><operatordefinition><id>15</id><keyname>GreaterThan</keyname><displayname>Greater Than</displayname><isdefault>FALSE</isdefault><datatype>Decimal</datatype><filterconditionformat>{0} &gt; {1} </filterconditionformat><filteroperator>gt</filteroperator></operatordefinition><operatordefinition><id>16</id><keyname>GreaterThanEqualsTo</keyname><displayname>Greater or Equal</displayname><isdefault>FALSE</isdefault><datatype>Decimal</datatype><filterconditionformat>{0} &gt;= {1}</filterconditionformat><filteroperator>ge</filteroperator></operatordefinition><operatordefinition><id>17</id><keyname>LessThan</keyname><displayname>Less Than</displayname><isdefault>FALSE</isdefault><datatype>Decimal</datatype><filterconditionformat>{0} &lt; {1} </filterconditionformat><filteroperator>lt</filteroperator></operatordefinition><operatordefinition><id>18</id><keyname>LessThanEqualsTo</keyname><displayname>Less or Equal</displayname><isdefault>FALSE</isdefault><datatype>Decimal</datatype><filterconditionformat>{0} &lt;= {1}</filterconditionformat><filteroperator>le</filteroperator></operatordefinition><operatordefinition><id>25</id><keyname>Equals</keyname><displayname>Equals</displayname><isdefault>TRUE</isdefault><datatype>Double</datatype><filterconditionformat>{0} = {1}</filterconditionformat><filteroperator>eq</filteroperator></operatordefinition><operatordefinition><id>26</id><keyname>GreaterThan</keyname><displayname>Greater Than</displayname><isdefault>FALSE</isdefault><datatype>Double</datatype><filterconditionformat>{0} &gt; {1}</filterconditionformat><filteroperator>gt</filteroperator></operatordefinition><operatordefinition><id>27</id><keyname>GreaterThanEqualsTo</keyname><displayname>Greater or Equal</displayname><isdefault>FALSE</isdefault><datatype>Double</datatype><filterconditionformat>{0} &gt;= {1}</filterconditionformat><filteroperator>ge</filteroperator></operatordefinition><operatordefinition><id>28</id><keyname>LessThan</keyname><displayname>Less Than</displayname><isdefault>FALSE</isdefault><datatype>Double</datatype><filterconditionformat>{0} &lt; {1}</filterconditionformat><filteroperator>lt</filteroperator></operatordefinition><operatordefinition><id>29</id><keyname>LessThanEqualsTo</keyname><displayname>Less or Equal</displayname><isdefault>FALSE</isdefault><datatype>Double</datatype><filterconditionformat>{0} &lt;= {1}</filterconditionformat><filteroperator>le</filteroperator></operatordefinition><operatordefinition><id>37</id><keyname>Equals</keyname><displayname>Equals</displayname><isdefault>FALSE</isdefault><datatype>Int16</datatype><filterconditionformat>{0} = {1}</filterconditionformat><filteroperator>eq</filteroperator></operatordefinition><operatordefinition><id>38</id><keyname>GreaterThan</keyname><displayname>Greater Than</displayname><isdefault>FALSE</isdefault><datatype>Int16</datatype><filterconditionformat>{0} &gt; {1}</filterconditionformat><filteroperator>gt</filteroperator></operatordefinition><operatordefinition><id>39</id><keyname>GreaterThanEqualsTo</keyname><displayname>Greater or Equal</displayname><isdefault>FALSE</isdefault><datatype>Int16</datatype><filterconditionformat>{0} &gt;= {1}</filterconditionformat><filteroperator>ge</filteroperator></operatordefinition><operatordefinition><id>40</id><keyname>LessThan</keyname><displayname>Less Than</displayname><isdefault>FALSE</isdefault><datatype>Int16</datatype><filterconditionformat>{0}&lt; {1}</filterconditionformat><filteroperator>lt</filteroperator></operatordefinition><operatordefinition><id>41</id><keyname>LessThanEqualsTo</keyname><displayname>Less or Equal</displayname><isdefault>FALSE</isdefault><datatype>Int16</datatype><filterconditionformat>{0}&lt;={1}</filterconditionformat><filteroperator>le</filteroperator></operatordefinition><operatordefinition><id>48</id><keyname>Equals</keyname><displayname>Equals</displayname><isdefault>TRUE</isdefault><datatype>Int32</datatype><filterconditionformat>{0} = {1}</filterconditionformat><filteroperator>eq</filteroperator></operatordefinition><operatordefinition><id>49</id><keyname>GreaterThan</keyname><displayname>Greater Than</displayname><isdefault>FALSE</isdefault><datatype>Int32</datatype><filterconditionformat>{0} &gt; {1}</filterconditionformat><filteroperator>gt</filteroperator></operatordefinition><operatordefinition><id>50</id><keyname>GreaterThanEqualsTo</keyname><displayname>Greater or Equal</displayname><isdefault>FALSE</isdefault><datatype>Int32</datatype><filterconditionformat>{0} &gt;= {1}</filterconditionformat><filteroperator>ge</filteroperator></operatordefinition><operatordefinition><id>51</id><keyname>LessThan</keyname><displayname>Less Than</displayname><isdefault>FALSE</isdefault><datatype>Int32</datatype><filterconditionformat>{0}&lt; {1}</filterconditionformat><filteroperator>lt</filteroperator></operatordefinition><operatordefinition><id>52</id><keyname>LessThanEqualsTo</keyname><displayname>Less or Equal</displayname><isdefault>FALSE</isdefault><datatype>Int32</datatype><filterconditionformat>{0}&lt;={1}</filterconditionformat><filteroperator>le</filteroperator></operatordefinition><operatordefinition><id>59</id><keyname>Equals</keyname><displayname>Equals</displayname><isdefault>TRUE</isdefault><datatype>Int64</datatype><filterconditionformat>{0} = {1}</filterconditionformat><filteroperator>eq</filteroperator></operatordefinition><operatordefinition><id>60</id><keyname>GreaterThan</keyname><displayname>Greater Than</displayname><isdefault>FALSE</isdefault><datatype>Int64</datatype><filterconditionformat>{0} &gt; {1}</filterconditionformat><filteroperator>gt</filteroperator></operatordefinition><operatordefinition><id>61</id><keyname>GreaterThanEqualsTo</keyname><displayname>Greater or Equal</displayname><isdefault>FALSE</isdefault><datatype>Int64</datatype><filterconditionformat>{0} &gt;= {1}</filterconditionformat><filteroperator>ge</filteroperator></operatordefinition><operatordefinition><id>62</id><keyname>LessThan</keyname><displayname>Less Than</displayname><isdefault>FALSE</isdefault><datatype>Int64</datatype><filterconditionformat>{0}&lt; {1}</filterconditionformat><filteroperator>lt</filteroperator></operatordefinition><operatordefinition><id>63</id><keyname>LessThanEqualsTo</keyname><displayname>Less or Equal</displayname><isdefault>FALSE</isdefault><datatype>Int64</datatype><filterconditionformat>{0}&lt;={1}</filterconditionformat><filteroperator>le</filteroperator></operatordefinition><operatordefinition><id>72</id><keyname>Equals</keyname><displayname>Equals</displayname><isdefault>FALSE</isdefault><datatype>Int64</datatype><filterconditionformat>{0} &gt;= {1}</filterconditionformat><filteroperator>eq</filteroperator></operatordefinition><operatordefinition><id>73</id><keyname>GreaterThanEqualsTo</keyname><displayname>Greater or Equal</displayname><isdefault>FALSE</isdefault><datatype>Int64</datatype><filterconditionformat>{0} &gt;={1}</filterconditionformat><filteroperator>ge</filteroperator></operatordefinition><operatordefinition><id>74</id><keyname>GreaterThan</keyname><displayname>Greater Than</displayname><isdefault>FALSE</isdefault><datatype>Int64</datatype><filterconditionformat>{0} &gt;{1}</filterconditionformat><filteroperator>gt</filteroperator></operatordefinition><operatordefinition><id>76</id><keyname>LessThanEqualsTo</keyname><displayname>Less or Equal</displayname><isdefault>FALSE</isdefault><datatype>Int64</datatype><filterconditionformat>{0}&lt;= {1}</filterconditionformat><filteroperator>le</filteroperator></operatordefinition><operatordefinition><id>77</id><keyname>LessThan</keyname><displayname>Less Than</displayname><isdefault>FALSE</isdefault><datatype>Int64</datatype><filterconditionformat>{0}&lt; {1}</filterconditionformat><filteroperator>lt</filteroperator></operatordefinition><operatordefinition><id>81</id><keyname>Equals</keyname><displayname>Equals</displayname><isdefault>TRUE</isdefault><datatype>Single</datatype><filterconditionformat>{0} = {1}</filterconditionformat><filteroperator>eq</filteroperator></operatordefinition><operatordefinition><id>82</id><keyname>GreaterThan</keyname><displayname>Greater Than</displayname><isdefault>FALSE</isdefault><datatype>Single</datatype><filterconditionformat>{0} &gt;{1}</filterconditionformat><filteroperator>gt</filteroperator></operatordefinition><operatordefinition><id>83</id><keyname>GreaterThanEqualsTo</keyname><displayname>Greater or Equal</displayname><isdefault>FALSE</isdefault><datatype>Single</datatype><filterconditionformat>{0} &gt;={1}</filterconditionformat><filteroperator>ge</filteroperator></operatordefinition><operatordefinition><id>84</id><keyname>LessThan</keyname><displayname>Less Than</displayname><isdefault>FALSE</isdefault><datatype>Single</datatype><filterconditionformat>{0}&lt; {1}</filterconditionformat><filteroperator>lt</filteroperator></operatordefinition><operatordefinition><id>85</id><keyname>LessThanEqualsTo</keyname><displayname>Less or Equal</displayname><isdefault>FALSE</isdefault><datatype>Single</datatype><filterconditionformat>{0}&lt;= {1}</filterconditionformat><filteroperator>le</filteroperator></operatordefinition><operatordefinition><id>92</id><keyname>Equals</keyname><displayname>Is</displayname><isdefault>TRUE</isdefault><datatype>String</datatype><filterconditionformat>{0}=''{1}''</filterconditionformat><filteroperator>eq</filteroperator></operatordefinition><operatordefinition><id>93</id><keyname>BeginsWith</keyname><displayname>Begins With</displayname><isdefault>FALSE</isdefault><datatype>String</datatype><filterconditionformat>{0} like ''{1}%''</filterconditionformat><filteroperator>sw</filteroperator></operatordefinition><operatordefinition><id>94</id><keyname>EndsWith</keyname><displayname>Ends With</displayname><isdefault>FALSE</isdefault><datatype>String</datatype><filterconditionformat>{0} like ''%{1}''</filterconditionformat><filteroperator>ew</filteroperator></operatordefinition><operatordefinition><id>95</id><keyname>Contains</keyname><displayname>Contains</displayname><isdefault>FALSE</isdefault><datatype>String</datatype><filterconditionformat>{0} like ''%{1}%'' </filterconditionformat><filteroperator>cn</filteroperator></operatordefinition></operatordefinitionCollection>', N'grid', NULL, NULL, 0, NULL, NULL, NULL, NULL, 2, CAST(N'2016-02-22 11:30:13.227' AS DateTime), 2, CAST(N'2016-02-22 11:30:13.250' AS DateTime))
INSERT [dbo].[ZnodeApplicationSetting] ([ApplicationSettingId], [GroupName], [ItemName], [Setting], [ViewOptions], [FrontPageName], [FrontObjectName], [IsCompressed], [OrderByFields], [ItemNameWithoutCurrency], [CreatedByName], [ModifiedByName], [CreatedBy], [CreatedDate], [ModifiedBy], [ModifiedDate]) VALUES (2, N'Table', N'ZnodeRole', N'<?xml version="1.0" encoding="utf-16"?><columns><column><id>1</id><name>RoleId</name><headertext>Rode ID</headertext><width>40</width><datatype>Int32</datatype><columntype>Int32</columntype><allowsorting>true</allowsorting><allowpaging>false</allowpaging><format></format><isvisible>y</isvisible><mustshow>n</mustshow><musthide>n</musthide><maxlength>0</maxlength><isallowsearch>y</isallowsearch><isconditional>n</isconditional><isallowlink>n</isallowlink><islinkactionurl></islinkactionurl><islinkparamfield></islinkparamfield><ischeckbox>n</ischeckbox><checkboxparamfield></checkboxparamfield><iscontrol>y</iscontrol><controltype>Button</controltype><controlparamfield></controlparamfield><displaytext>RoleID</displaytext><editactionurl></editactionurl><editparamfield></editparamfield><deleteactionurl></deleteactionurl><deleteparamfield></deleteparamfield><viewactionurl></viewactionurl><viewparamfield></viewparamfield><imageactionurl></imageactionurl><imageparamfield></imageparamfield><manageactionurl></manageactionurl><manageparamfield></manageparamfield><copyactionurl></copyactionurl><copyparamfield></copyparamfield><xaxis>n</xaxis><yaxis>n</yaxis><isadvancesearch>y</isadvancesearch><Class></Class><SearchControlType>--Selet--</SearchControlType><SearchControlParameters></SearchControlParameters><DbParamField></DbParamField><useMode>Custom</useMode><IsGraph>n</IsGraph><allowdetailview>n</allowdetailview></column><column><id>2</id><name>RoleName</name><headertext>Role Name</headertext><width>40</width><datatype>String</datatype><columntype>String</columntype><allowsorting>true</allowsorting><allowpaging>false</allowpaging><format></format><isvisible>y</isvisible><mustshow>n</mustshow><musthide>n</musthide><maxlength>0</maxlength><isallowsearch>y</isallowsearch><isconditional>n</isconditional><isallowlink>n</isallowlink><islinkactionurl></islinkactionurl><islinkparamfield></islinkparamfield><ischeckbox>n</ischeckbox><checkboxparamfield></checkboxparamfield><iscontrol>y</iscontrol><controltype>Radio</controltype><controlparamfield></controlparamfield><displaytext></displaytext><editactionurl></editactionurl><editparamfield></editparamfield><deleteactionurl></deleteactionurl><deleteparamfield></deleteparamfield><viewactionurl></viewactionurl><viewparamfield></viewparamfield><imageactionurl></imageactionurl><imageparamfield></imageparamfield><manageactionurl></manageactionurl><manageparamfield></manageparamfield><copyactionurl></copyactionurl><copyparamfield></copyparamfield><xaxis>n</xaxis><yaxis>n</yaxis><isadvancesearch>y</isadvancesearch><Class></Class><SearchControlType>--Selet--</SearchControlType><SearchControlParameters></SearchControlParameters><DbParamField></DbParamField><useMode>Custom</useMode><IsGraph>n</IsGraph><allowdetailview>n</allowdetailview></column><column><id>3</id><name>IsActive</name><headertext>Is Active</headertext><width>40</width><datatype>Boolean</datatype><columntype>Boolean</columntype><allowsorting>false</allowsorting><allowpaging>false</allowpaging><format></format><isvisible>y</isvisible><mustshow>n</mustshow><musthide>n</musthide><maxlength>0</maxlength><isallowsearch>n</isallowsearch><isconditional>n</isconditional><isallowlink>n</isallowlink><islinkactionurl></islinkactionurl><islinkparamfield></islinkparamfield><ischeckbox>n</ischeckbox><checkboxparamfield></checkboxparamfield><iscontrol>n</iscontrol><controltype></controltype><controlparamfield></controlparamfield><displaytext></displaytext><editactionurl></editactionurl><editparamfield></editparamfield><deleteactionurl></deleteactionurl><deleteparamfield></deleteparamfield><viewactionurl></viewactionurl><viewparamfield></viewparamfield><imageactionurl></imageactionurl><imageparamfield></imageparamfield><manageactionurl></manageactionurl><manageparamfield></manageparamfield><copyactionurl></copyactionurl><copyparamfield></copyparamfield><xaxis>n</xaxis><yaxis>n</yaxis><isadvancesearch>y</isadvancesearch><Class></Class><SearchControlType>--Selet--</SearchControlType><SearchControlParameters></SearchControlParameters><DbParamField></DbParamField><useMode>Custom</useMode><IsGraph>n</IsGraph><allowdetailview>n</allowdetailview></column><column><id>4</id><name>Delete</name><headertext>Delete</headertext><width>40</width><datatype>String</datatype><columntype>String</columntype><allowsorting>false</allowsorting><allowpaging>false</allowpaging><format></format><isvisible>y</isvisible><mustshow>n</mustshow><musthide>n</musthide><maxlength>0</maxlength><isallowsearch>n</isallowsearch><isconditional>n</isconditional><isallowlink>n</isallowlink><islinkactionurl></islinkactionurl><islinkparamfield></islinkparamfield><ischeckbox>n</ischeckbox><checkboxparamfield></checkboxparamfield><iscontrol>n</iscontrol><controltype></controltype><controlparamfield></controlparamfield><displaytext>Delete</displaytext><editactionurl></editactionurl><editparamfield></editparamfield><deleteactionurl>/RoleAndAccessRight/DeleteMenu</deleteactionurl><deleteparamfield>RoleId</deleteparamfield><viewactionurl></viewactionurl><viewparamfield></viewparamfield><imageactionurl></imageactionurl><imageparamfield></imageparamfield><manageactionurl></manageactionurl><manageparamfield></manageparamfield><copyactionurl></copyactionurl><copyparamfield></copyparamfield><xaxis>n</xaxis><yaxis>n</yaxis><isadvancesearch>y</isadvancesearch><Class></Class><SearchControlType>--Selet--</SearchControlType><SearchControlParameters></SearchControlParameters><DbParamField></DbParamField><useMode>Custom</useMode><IsGraph>n</IsGraph><allowdetailview>n</allowdetailview></column><column><id>5</id><name>Edit</name><headertext>Edit</headertext><width>40</width><datatype>String</datatype><columntype>String</columntype><allowsorting>false</allowsorting><allowpaging>false</allowpaging><format></format><isvisible>y</isvisible><mustshow>n</mustshow><musthide>n</musthide><maxlength>0</maxlength><isallowsearch>n</isallowsearch><isconditional>n</isconditional><isallowlink>n</isallowlink><islinkactionurl></islinkactionurl><islinkparamfield></islinkparamfield><ischeckbox>n</ischeckbox><checkboxparamfield></checkboxparamfield><iscontrol>n</iscontrol><controltype></controltype><controlparamfield></controlparamfield><displaytext>Edit</displaytext><editactionurl>/RoleAndAccessRight/EditMenu</editactionurl><editparamfield>RoleId</editparamfield><deleteactionurl></deleteactionurl><deleteparamfield></deleteparamfield><viewactionurl></viewactionurl><viewparamfield></viewparamfield><imageactionurl></imageactionurl><imageparamfield></imageparamfield><manageactionurl></manageactionurl><manageparamfield></manageparamfield><copyactionurl></copyactionurl><copyparamfield></copyparamfield><xaxis>n</xaxis><yaxis>n</yaxis><isadvancesearch>y</isadvancesearch><Class></Class><SearchControlType>--Selet--</SearchControlType><SearchControlParameters></SearchControlParameters><DbParamField></DbParamField><useMode>Custom</useMode><IsGraph>n</IsGraph><allowdetailview>n</allowdetailview></column><column><id>6</id><name>Manage</name><headertext>Manage</headertext><width>40</width><datatype>String</datatype><columntype>String</columntype><allowsorting>false</allowsorting><allowpaging>false</allowpaging><format></format><isvisible>n</isvisible><mustshow>n</mustshow><musthide>n</musthide><maxlength>0</maxlength><isallowsearch>n</isallowsearch><isconditional>n</isconditional><isallowlink>n</isallowlink><islinkactionurl></islinkactionurl><islinkparamfield></islinkparamfield><ischeckbox>n</ischeckbox><checkboxparamfield></checkboxparamfield><iscontrol>n</iscontrol><controltype></controltype><controlparamfield></controlparamfield><displaytext></displaytext><editactionurl></editactionurl><editparamfield></editparamfield><deleteactionurl></deleteactionurl><deleteparamfield></deleteparamfield><viewactionurl></viewactionurl><viewparamfield></viewparamfield><imageactionurl></imageactionurl><imageparamfield></imageparamfield><manageactionurl></manageactionurl><manageparamfield></manageparamfield><copyactionurl></copyactionurl><copyparamfield></copyparamfield><xaxis>n</xaxis><yaxis>n</yaxis><isadvancesearch>n</isadvancesearch><Class></Class><SearchControlType>--Selet--</SearchControlType><SearchControlParameters></SearchControlParameters><DbParamField></DbParamField><useMode>Custom</useMode><IsGraph>n</IsGraph><allowdetailview>n</allowdetailview></column><column><id>7</id><name>Copy</name><headertext>copy</headertext><width>40</width><datatype>String</datatype><columntype>String</columntype><allowsorting>false</allowsorting><allowpaging>false</allowpaging><format></format><isvisible>n</isvisible><mustshow>n</mustshow><musthide>n</musthide><maxlength>0</maxlength><isallowsearch>n</isallowsearch><isconditional>n</isconditional><isallowlink>n</isallowlink><islinkactionurl></islinkactionurl><islinkparamfield></islinkparamfield><ischeckbox>n</ischeckbox><checkboxparamfield></checkboxparamfield><iscontrol>n</iscontrol><controltype></controltype><controlparamfield></controlparamfield><displaytext></displaytext><editactionurl></editactionurl><editparamfield></editparamfield><deleteactionurl></deleteactionurl><deleteparamfield></deleteparamfield><viewactionurl></viewactionurl><viewparamfield></viewparamfield><imageactionurl></imageactionurl><imageparamfield></imageparamfield><manageactionurl></manageactionurl><manageparamfield></manageparamfield><copyactionurl></copyactionurl><copyparamfield></copyparamfield><xaxis>n</xaxis><yaxis>n</yaxis><isadvancesearch>n</isadvancesearch><Class></Class><SearchControlType>--Selet--</SearchControlType><SearchControlParameters></SearchControlParameters><DbParamField></DbParamField><useMode>Custom</useMode><IsGraph>n</IsGraph><allowdetailview>n</allowdetailview></column><column><id>8</id><name>View</name><headertext>View</headertext><width>40</width><datatype>String</datatype><columntype>String</columntype><allowsorting>false</allowsorting><allowpaging>false</allowpaging><format></format><isvisible>n</isvisible><mustshow>n</mustshow><musthide>n</musthide><maxlength>0</maxlength><isallowsearch>n</isallowsearch><isconditional>n</isconditional><isallowlink>n</isallowlink><islinkactionurl></islinkactionurl><islinkparamfield></islinkparamfield><ischeckbox>n</ischeckbox><checkboxparamfield></checkboxparamfield><iscontrol>n</iscontrol><controltype></controltype><controlparamfield></controlparamfield><displaytext></displaytext><editactionurl></editactionurl><editparamfield></editparamfield><deleteactionurl></deleteactionurl><deleteparamfield></deleteparamfield><viewactionurl></viewactionurl><viewparamfield></viewparamfield><imageactionurl></imageactionurl><imageparamfield></imageparamfield><manageactionurl></manageactionurl><manageparamfield></manageparamfield><copyactionurl></copyactionurl><copyparamfield></copyparamfield><xaxis>n</xaxis><yaxis>n</yaxis><isadvancesearch>n</isadvancesearch><Class></Class><SearchControlType>--Selet--</SearchControlType><SearchControlParameters></SearchControlParameters><DbParamField></DbParamField><useMode>Custom</useMode><IsGraph>n</IsGraph><allowdetailview>n</allowdetailview></column><column><id>9</id><name>Image</name><headertext>Image</headertext><width>40</width><datatype>String</datatype><columntype>String</columntype><allowsorting>false</allowsorting><allowpaging>false</allowpaging><format></format><isvisible>n</isvisible><mustshow>n</mustshow><musthide>n</musthide><maxlength>0</maxlength><isallowsearch>n</isallowsearch><isconditional>n</isconditional><isallowlink>n</isallowlink><islinkactionurl></islinkactionurl><islinkparamfield></islinkparamfield><ischeckbox>n</ischeckbox><checkboxparamfield></checkboxparamfield><iscontrol>n</iscontrol><controltype></controltype><controlparamfield></controlparamfield><displaytext></displaytext><editactionurl></editactionurl><editparamfield></editparamfield><deleteactionurl></deleteactionurl><deleteparamfield></deleteparamfield><viewactionurl></viewactionurl><viewparamfield></viewparamfield><imageactionurl></imageactionurl><imageparamfield></imageparamfield><manageactionurl></manageactionurl><manageparamfield></manageparamfield><copyactionurl></copyactionurl><copyparamfield></copyparamfield><xaxis>n</xaxis><yaxis>n</yaxis><isadvancesearch>n</isadvancesearch><Class></Class><SearchControlType>--Selet--</SearchControlType><SearchControlParameters></SearchControlParameters><DbParamField></DbParamField><useMode>Custom</useMode><IsGraph>n</IsGraph><allowdetailview>n</allowdetailview></column></columns>', N'ZnodeRole1', N'ZnodeRole1', N'ZnodeRole1', 0, NULL, NULL, NULL, NULL, 2, CAST(N'2016-02-22 11:30:13.227' AS DateTime), 2, CAST(N'2016-02-22 11:30:13.250' AS DateTime))
INSERT [dbo].[ZnodeApplicationSetting] ([ApplicationSettingId], [GroupName], [ItemName], [Setting], [ViewOptions], [FrontPageName], [FrontObjectName], [IsCompressed], [OrderByFields], [ItemNameWithoutCurrency], [CreatedByName], [ModifiedByName], [CreatedBy], [CreatedDate], [ModifiedBy], [ModifiedDate]) VALUES (3, N'Table', N'ZnodeMediaAttribute', N'<?xml version="1.0" encoding="utf-16"?>
<columns>
  <column>
    <id>1</id>
    <name>MediaAttributeId</name>
    <headertext>Checkbox</headertext>
    <width>40</width>
    <datatype>String</datatype>
    <columntype>Int32</columntype>
    <allowsorting>true</allowsorting>
    <allowpaging>true</allowpaging>
    <format>
    </format>
    <isvisible>y</isvisible>
    <mustshow>y</mustshow>
    <musthide>n</musthide>
    <maxlength>0</maxlength>
    <isallowsearch>n</isallowsearch>
    <isconditional>n</isconditional>
    <isallowlink>n</isallowlink>
    <islinkactionurl>
    </islinkactionurl>
    <islinkparamfield>
    </islinkparamfield>
    <ischeckbox>y</ischeckbox>
    <checkboxparamfield>
    </checkboxparamfield>
    <iscontrol>n</iscontrol>
    <controltype>
    </controltype>
    <controlparamfield>
    </controlparamfield>
    <displaytext>
    </displaytext>
    <editactionurl>
    </editactionurl>
    <editparamfield>
    </editparamfield>
    <deleteactionurl>
    </deleteactionurl>
    <deleteparamfield>
    </deleteparamfield>
    <viewactionurl>
    </viewactionurl>
    <viewparamfield>
    </viewparamfield>
    <imageactionurl>
    </imageactionurl>
    <imageparamfield>
    </imageparamfield>
    <manageactionurl>
    </manageactionurl>
    <manageparamfield>
    </manageparamfield>
    <copyactionurl>
    </copyactionurl>
    <copyparamfield>
    </copyparamfield>
    <xaxis>n</xaxis>
    <yaxis>n</yaxis>
    <isadvancesearch>y</isadvancesearch>
    <Class>
    </Class>
    <SearchControlType>--Select--</SearchControlType>
    <SearchControlParameters>
    </SearchControlParameters>
    <DbParamField>
    </DbParamField>
    <useMode>DataBase</useMode>
    <IsGraph>n</IsGraph>
    <allowdetailview>n</allowdetailview>
  </column>
  <column>
    <id>2</id>
    <name>AttributeCode</name>
    <headertext>Attribute Code</headertext>
    <width>40</width>
    <datatype>String</datatype>
    <columntype>String</columntype>
    <allowsorting>true</allowsorting>
    <allowpaging>true</allowpaging>
    <format>
    </format>
    <isvisible>y</isvisible>
    <mustshow>y</mustshow>
    <musthide>n</musthide>
    <maxlength>0</maxlength>
    <isallowsearch>y</isallowsearch>
    <isconditional>n</isconditional>
    <isallowlink>n</isallowlink>
    <islinkactionurl>/Attributes/Attributes/Edit</islinkactionurl>
    <islinkparamfield>MediaAttributeId</islinkparamfield>
    <ischeckbox>n</ischeckbox>
    <checkboxparamfield>
    </checkboxparamfield>
    <iscontrol>n</iscontrol>
    <controltype>
    </controltype>
    <controlparamfield>
    </controlparamfield>
    <displaytext>
    </displaytext>
    <editactionurl>
    </editactionurl>
    <editparamfield>
    </editparamfield>
    <deleteactionurl>
    </deleteactionurl>
    <deleteparamfield>
    </deleteparamfield>
    <viewactionurl>
    </viewactionurl>
    <viewparamfield>
    </viewparamfield>
    <imageactionurl>
    </imageactionurl>
    <imageparamfield>
    </imageparamfield>
    <manageactionurl>
    </manageactionurl>
    <manageparamfield>
    </manageparamfield>
    <copyactionurl>
    </copyactionurl>
    <copyparamfield>
    </copyparamfield>
    <xaxis>n</xaxis>
    <yaxis>n</yaxis>
    <isadvancesearch>y</isadvancesearch>
    <Class>
    </Class>
    <SearchControlType>--Select--</SearchControlType>
    <SearchControlParameters>
    </SearchControlParameters>
    <DbParamField>
    </DbParamField>
    <useMode>DataBase</useMode>
    <IsGraph>n</IsGraph>
    <allowdetailview>y</allowdetailview>
  </column>
  <column>
    <id>3</id>
    <name>AttributeType</name>
    <headertext>Attribute Type</headertext>
    <width>40</width>
    <datatype>String</datatype>
    <columntype>String</columntype>
    <allowsorting>false</allowsorting>
    <allowpaging>true</allowpaging>
    <format>
    </format>
    <isvisible>y</isvisible>
    <mustshow>n</mustshow>
    <musthide>n</musthide>
    <maxlength>0</maxlength>
    <isallowsearch>y</isallowsearch>
    <isconditional>n</isconditional>
    <isallowlink>n</isallowlink>
    <islinkactionurl>/Attributes/Attributes/Edit</islinkactionurl>
    <islinkparamfield>MediaAttributeId</islinkparamfield>
    <ischeckbox>n</ischeckbox>
    <checkboxparamfield>
    </checkboxparamfield>
    <iscontrol>n</iscontrol>
    <controltype>
    </controltype>
    <controlparamfield>
    </controlparamfield>
    <displaytext>
    </displaytext>
    <editactionurl>
    </editactionurl>
    <editparamfield>
    </editparamfield>
    <deleteactionurl>
    </deleteactionurl>
    <deleteparamfield>
    </deleteparamfield>
    <viewactionurl>
    </viewactionurl>
    <viewparamfield>
    </viewparamfield>
    <imageactionurl>
    </imageactionurl>
    <imageparamfield>
    </imageparamfield>
    <manageactionurl>
    </manageactionurl>
    <manageparamfield>
    </manageparamfield>
    <copyactionurl>
    </copyactionurl>
    <copyparamfield>
    </copyparamfield>
    <xaxis>n</xaxis>
    <yaxis>n</yaxis>
    <isadvancesearch>n</isadvancesearch>
    <Class>
    </Class>
    <SearchControlType>--Select--</SearchControlType>
    <SearchControlParameters>
    </SearchControlParameters>
    <DbParamField>
    </DbParamField>
    <useMode>DataBase</useMode>
    <IsGraph>n</IsGraph>
    <allowdetailview>y</allowdetailview>
  </column>
  <column>
    <id>4</id>
    <name>IsRequired</name>
    <headertext>IsRequired</headertext>
    <width>40</width>
    <datatype>Boolean</datatype>
    <columntype>Boolean</columntype>
    <allowsorting>true</allowsorting>
    <allowpaging>true</allowpaging>
    <format>
    </format>
    <isvisible>y</isvisible>
    <mustshow>n</mustshow>
    <musthide>n</musthide>
    <maxlength>0</maxlength>
    <isallowsearch>y</isallowsearch>
    <isconditional>n</isconditional>
    <isallowlink>n</isallowlink>
    <islinkactionurl>
    </islinkactionurl>
    <islinkparamfield>
    </islinkparamfield>
    <ischeckbox>n</ischeckbox>
    <checkboxparamfield>
    </checkboxparamfield>
    <iscontrol>n</iscontrol>
    <controltype>
    </controltype>
    <controlparamfield>
    </controlparamfield>
    <displaytext>
    </displaytext>
    <editactionurl>
    </editactionurl>
    <editparamfield>
    </editparamfield>
    <deleteactionurl>
    </deleteactionurl>
    <deleteparamfield>
    </deleteparamfield>
    <viewactionurl>
    </viewactionurl>
    <viewparamfield>
    </viewparamfield>
    <imageactionurl>
    </imageactionurl>
    <imageparamfield>
    </imageparamfield>
    <manageactionurl>
    </manageactionurl>
    <manageparamfield>
    </manageparamfield>
    <copyactionurl>
    </copyactionurl>
    <copyparamfield>
    </copyparamfield>
    <xaxis>n</xaxis>
    <yaxis>n</yaxis>
    <isadvancesearch>n</isadvancesearch>
    <Class>
    </Class>
    <SearchControlType>--Select--</SearchControlType>
    <SearchControlParameters>
    </SearchControlParameters>
    <DbParamField>
    </DbParamField>
    <useMode>DataBase</useMode>
    <IsGraph>n</IsGraph>
    <allowdetailview>n</allowdetailview>
  </column>
  <column>
    <id>5</id>
    <name>IsFilterable</name>
    <headertext>IsFilterable</headertext>
    <width>40</width>
    <datatype>Boolean</datatype>
    <columntype>Boolean</columntype>
    <allowsorting>true</allowsorting>
    <allowpaging>true</allowpaging>
    <format>
    </format>
    <isvisible>n</isvisible>
    <mustshow>n</mustshow>
    <musthide>y</musthide>
    <maxlength>0</maxlength>
    <isallowsearch>n</isallowsearch>
    <isconditional>n</isconditional>
    <isallowlink>n</isallowlink>
    <islinkactionurl>
    </islinkactionurl>
    <islinkparamfield>
    </islinkparamfield>
    <ischeckbox>n</ischeckbox>
    <checkboxparamfield>
    </checkboxparamfield>
    <iscontrol>n</iscontrol>
    <controltype>
    </controltype>
    <controlparamfield>
    </controlparamfield>
    <displaytext>
    </displaytext>
    <editactionurl>
    </editactionurl>
    <editparamfield>
    </editparamfield>
    <deleteactionurl>
    </deleteactionurl>
    <deleteparamfield>
    </deleteparamfield>
    <viewactionurl>
    </viewactionurl>
    <viewparamfield>
    </viewparamfield>
    <imageactionurl>
    </imageactionurl>
    <imageparamfield>
    </imageparamfield>
    <manageactionurl>
    </manageactionurl>
    <manageparamfield>
    </manageparamfield>
    <copyactionurl>
    </copyactionurl>
    <copyparamfield>
    </copyparamfield>
    <xaxis>n</xaxis>
    <yaxis>n</yaxis>
    <isadvancesearch>n</isadvancesearch>
    <Class>
    </Class>
    <SearchControlType>--Select--</SearchControlType>
    <SearchControlParameters>
    </SearchControlParameters>
    <DbParamField>
    </DbParamField>
    <useMode>DataBase</useMode>
    <IsGraph>n</IsGraph>
    <allowdetailview>n</allowdetailview>
  </column>
  <column>
    <id>6</id>
    <name>IsLocalizable</name>
    <headertext>IsLocalizable</headertext>
    <width>40</width>
    <datatype>Boolean</datatype>
    <columntype>Boolean</columntype>
    <allowsorting>true</allowsorting>
    <allowpaging>true</allowpaging>
    <format>
    </format>
    <isvisible>y</isvisible>
    <mustshow>n</mustshow>
    <musthide>n</musthide>
    <maxlength>0</maxlength>
    <isallowsearch>n</isallowsearch>
    <isconditional>n</isconditional>
    <isallowlink>n</isallowlink>
    <islinkactionurl>
    </islinkactionurl>
    <islinkparamfield>
    </islinkparamfield>
    <ischeckbox>n</ischeckbox>
    <checkboxparamfield>
    </checkboxparamfield>
    <iscontrol>n</iscontrol>
    <controltype>
    </controltype>
    <controlparamfield>
    </controlparamfield>
    <displaytext>
    </displaytext>
    <editactionurl>
    </editactionurl>
    <editparamfield>
    </editparamfield>
    <deleteactionurl>
    </deleteactionurl>
    <deleteparamfield>
    </deleteparamfield>
    <viewactionurl>
    </viewactionurl>
    <viewparamfield>
    </viewparamfield>
    <imageactionurl>
    </imageactionurl>
    <imageparamfield>
    </imageparamfield>
    <manageactionurl>
    </manageactionurl>
    <manageparamfield>
    </manageparamfield>
    <copyactionurl>
    </copyactionurl>
    <copyparamfield>
    </copyparamfield>
    <xaxis>n</xaxis>
    <yaxis>n</yaxis>
    <isadvancesearch>y</isadvancesearch>
    <Class>
    </Class>
    <SearchControlType>--Select--</SearchControlType>
    <SearchControlParameters>
    </SearchControlParameters>
    <DbParamField>
    </DbParamField>
    <useMode>DataBase</useMode>
    <IsGraph>n</IsGraph>
    <allowdetailview>n</allowdetailview>
  </column>
  <column>
    <id>7</id>
    <name>Manage</name>
    <headertext>Manage</headertext>
    <width>40</width>
    <datatype>String</datatype>
    <columntype>String</columntype>
    <allowsorting>false</allowsorting>
    <allowpaging>false</allowpaging>
    <format>View|Edit|Delete</format>
    <isvisible>y</isvisible>
    <mustshow>y</mustshow>
    <musthide>n</musthide>
    <maxlength>0</maxlength>
    <isallowsearch>n</isallowsearch>
    <isconditional>n</isconditional>
    <isallowlink>n</isallowlink>
    <islinkactionurl>
    </islinkactionurl>
    <islinkparamfield>Id</islinkparamfield>
    <ischeckbox>n</ischeckbox>
    <checkboxparamfield>
    </checkboxparamfield>
    <iscontrol>n</iscontrol>
    <controltype>
    </controltype>
    <controlparamfield>
    </controlparamfield>
    <displaytext>View|Edit|Delete</displaytext>
    <editactionurl>
    </editactionurl>
    <editparamfield>
    </editparamfield>
    <deleteactionurl>
    </deleteactionurl>
    <deleteparamfield>
    </deleteparamfield>
    <viewactionurl>
    </viewactionurl>
    <viewparamfield>
    </viewparamfield>
    <imageactionurl>
    </imageactionurl>
    <imageparamfield>
    </imageparamfield>
    <manageactionurl>/MediaManager/Attributes/Details|/MediaManager/Attributes/Edit|/MediaManager/Attributes/Delete</manageactionurl>
    <manageparamfield>MediaAttributeId|MediaAttributeId|MediaAttributeId</manageparamfield>
    <copyactionurl>
    </copyactionurl>
    <copyparamfield>
    </copyparamfield>
    <xaxis>n</xaxis>
    <yaxis>n</yaxis>
    <isadvancesearch>y</isadvancesearch>
    <Class>
    </Class>
    <SearchControlType>--Select--</SearchControlType>
    <SearchControlParameters>
    </SearchControlParameters>
    <DbParamField>
    </DbParamField>
    <useMode>DataBase</useMode>
    <IsGraph>n</IsGraph>
    <allowdetailview>n</allowdetailview>
  </column>
</columns>', N'ZnodeMediaAttribute', N'grid', N'grid', 0, NULL, NULL, NULL, NULL, 0, CAST(N'2016-02-22 11:30:13.227' AS DateTime), 2, CAST(N'2016-05-10 08:48:34.500' AS DateTime))
INSERT [dbo].[ZnodeApplicationSetting] ([ApplicationSettingId], [GroupName], [ItemName], [Setting], [ViewOptions], [FrontPageName], [FrontObjectName], [IsCompressed], [OrderByFields], [ItemNameWithoutCurrency], [CreatedByName], [ModifiedByName], [CreatedBy], [CreatedDate], [ModifiedBy], [ModifiedDate]) VALUES (4, N'Table', N'ZnodeMediaAttributeFamily', N'<?xml version="1.0" encoding="utf-16"?>
<columns>
  <column>
    <id>1</id>
    <name>MediaAttributeFamilyId</name>
    <headertext>Checkbox</headertext>
    <width>10</width>
    <datatype>String</datatype>
    <columntype>Int32</columntype>
    <allowsorting>true</allowsorting>
    <allowpaging>false</allowpaging>
    <format>
    </format>
    <isvisible>y</isvisible>
    <mustshow>y</mustshow>
    <musthide>n</musthide>
    <maxlength>0</maxlength>
    <isallowsearch>n</isallowsearch>
    <isconditional>n</isconditional>
    <isallowlink>n</isallowlink>
    <islinkactionurl>
    </islinkactionurl>
    <islinkparamfield>Id</islinkparamfield>
    <ischeckbox>y</ischeckbox>
    <checkboxparamfield>
    </checkboxparamfield>
    <iscontrol>n</iscontrol>
    <controltype>
    </controltype>
    <controlparamfield>
    </controlparamfield>
    <displaytext>
    </displaytext>
    <editactionurl>
    </editactionurl>
    <editparamfield>
    </editparamfield>
    <deleteactionurl>
    </deleteactionurl>
    <deleteparamfield>
    </deleteparamfield>
    <viewactionurl>
    </viewactionurl>
    <viewparamfield>
    </viewparamfield>
    <imageactionurl>
    </imageactionurl>
    <imageparamfield>
    </imageparamfield>
    <manageactionurl>
    </manageactionurl>
    <manageparamfield>
    </manageparamfield>
    <copyactionurl>
    </copyactionurl>
    <copyparamfield>
    </copyparamfield>
    <xaxis>n</xaxis>
    <yaxis>n</yaxis>
    <isadvancesearch>n</isadvancesearch>
    <Class>
    </Class>
    <SearchControlType>--Select--</SearchControlType>
    <SearchControlParameters>
    </SearchControlParameters>
    <DbParamField>
    </DbParamField>
    <useMode>DataBase</useMode>
    <IsGraph>n</IsGraph>
    <allowdetailview>n</allowdetailview>
  </column>
  <column>
    <id>2</id>
    <name>FamilyCode</name>
    <headertext>Code</headertext>
    <width>50</width>
    <datatype>String</datatype>
    <columntype>String</columntype>
    <allowsorting>true</allowsorting>
    <allowpaging>true</allowpaging>
    <format>
    </format>
    <isvisible>y</isvisible>
    <mustshow>y</mustshow>
    <musthide>n</musthide>
    <maxlength>0</maxlength>
    <isallowsearch>y</isallowsearch>
    <isconditional>y</isconditional>
    <isallowlink>n</isallowlink>
    <islinkactionurl>/AttributeFamily/EditAttributeFamily</islinkactionurl>
    <islinkparamfield>MediaAttributeFamilyId</islinkparamfield>
    <ischeckbox>n</ischeckbox>
    <checkboxparamfield>Id</checkboxparamfield>
    <iscontrol>n</iscontrol>
    <controltype>
    </controltype>
    <controlparamfield>
    </controlparamfield>
    <displaytext>
    </displaytext>
    <editactionurl>
    </editactionurl>
    <editparamfield>
    </editparamfield>
    <deleteactionurl>
    </deleteactionurl>
    <deleteparamfield>
    </deleteparamfield>
    <viewactionurl>
    </viewactionurl>
    <viewparamfield>
    </viewparamfield>
    <imageactionurl>
    </imageactionurl>
    <imageparamfield>
    </imageparamfield>
    <manageactionurl>
    </manageactionurl>
    <manageparamfield>
    </manageparamfield>
    <copyactionurl>
    </copyactionurl>
    <copyparamfield>
    </copyparamfield>
    <xaxis>n</xaxis>
    <yaxis>n</yaxis>
    <isadvancesearch>y</isadvancesearch>
    <Class>
    </Class>
    <SearchControlType>--Select--</SearchControlType>
    <SearchControlParameters>
    </SearchControlParameters>
    <DbParamField>
    </DbParamField>
    <useMode>DataBase</useMode>
    <IsGraph>n</IsGraph>
    <allowdetailview>y</allowdetailview>
  </column>
  <column>
    <id>3</id>
    <name>IsSystemDefined</name>
    <headertext>Is System Defined</headertext>
    <width>30</width>
    <datatype>Boolean</datatype>
    <columntype>Boolean</columntype>
    <allowsorting>true</allowsorting>
    <allowpaging>false</allowpaging>
    <format>
    </format>
    <isvisible>y</isvisible>
    <mustshow>n</mustshow>
    <musthide>n</musthide>
    <maxlength>0</maxlength>
    <isallowsearch>y</isallowsearch>
    <isconditional>n</isconditional>
    <isallowlink>n</isallowlink>
    <islinkactionurl>
    </islinkactionurl>
    <islinkparamfield>
    </islinkparamfield>
    <ischeckbox>n</ischeckbox>
    <checkboxparamfield>
    </checkboxparamfield>
    <iscontrol>n</iscontrol>
    <controltype>
    </controltype>
    <controlparamfield>
    </controlparamfield>
    <displaytext>
    </displaytext>
    <editactionurl>
    </editactionurl>
    <editparamfield>
    </editparamfield>
    <deleteactionurl>
    </deleteactionurl>
    <deleteparamfield>
    </deleteparamfield>
    <viewactionurl>
    </viewactionurl>
    <viewparamfield>
    </viewparamfield>
    <imageactionurl>
    </imageactionurl>
    <imageparamfield>
    </imageparamfield>
    <manageactionurl>
    </manageactionurl>
    <manageparamfield>
    </manageparamfield>
    <copyactionurl>
    </copyactionurl>
    <copyparamfield>
    </copyparamfield>
    <xaxis>n</xaxis>
    <yaxis>n</yaxis>
    <isadvancesearch>n</isadvancesearch>
    <Class>
    </Class>
    <SearchControlType>--Select--</SearchControlType>
    <SearchControlParameters>
    </SearchControlParameters>
    <DbParamField>
    </DbParamField>
    <useMode>DataBase</useMode>
    <IsGraph>n</IsGraph>
    <allowdetailview>n</allowdetailview>
  </column>
  <column>
    <id>4</id>
    <name>IsDefaultFamily</name>
    <headertext>Is Default Family</headertext>
    <width>30</width>
    <datatype>Boolean</datatype>
    <columntype>Boolean</columntype>
    <allowsorting>true</allowsorting>
    <allowpaging>false</allowpaging>
    <format>
    </format>
    <isvisible>y</isvisible>
    <mustshow>n</mustshow>
    <musthide>n</musthide>
    <maxlength>0</maxlength>
    <isallowsearch>y</isallowsearch>
    <isconditional>n</isconditional>
    <isallowlink>n</isallowlink>
    <islinkactionurl>
    </islinkactionurl>
    <islinkparamfield>
    </islinkparamfield>
    <ischeckbox>n</ischeckbox>
    <checkboxparamfield>
    </checkboxparamfield>
    <iscontrol>n</iscontrol>
    <controltype>
    </controltype>
    <controlparamfield>
    </controlparamfield>
    <displaytext>
    </displaytext>
    <editactionurl>
    </editactionurl>
    <editparamfield>
    </editparamfield>
    <deleteactionurl>
    </deleteactionurl>
    <deleteparamfield>
    </deleteparamfield>
    <viewactionurl>
    </viewactionurl>
    <viewparamfield>
    </viewparamfield>
    <imageactionurl>
    </imageactionurl>
    <imageparamfield>
    </imageparamfield>
    <manageactionurl>
    </manageactionurl>
    <manageparamfield>
    </manageparamfield>
    <copyactionurl>
    </copyactionurl>
    <copyparamfield>
    </copyparamfield>
    <xaxis>n</xaxis>
    <yaxis>n</yaxis>
    <isadvancesearch>n</isadvancesearch>
    <Class>
    </Class>
    <SearchControlType>--Select--</SearchControlType>
    <SearchControlParameters>
    </SearchControlParameters>
    <DbParamField>
    </DbParamField>
    <useMode>DataBase</useMode>
    <IsGraph>n</IsGraph>
    <allowdetailview>n</allowdetailview>
  </column>
  <column>
    <id>5</id>
    <name>CreatedDate</name>
    <headertext>Created</headertext>
    <width>50</width>
    <datatype>String</datatype>
    <columntype>DateTime</columntype>
    <allowsorting>true</allowsorting>
    <allowpaging>true</allowpaging>
    <format>
    </format>
    <isvisible>y</isvisible>
    <mustshow>n</mustshow>
    <musthide>n</musthide>
    <maxlength>0</maxlength>
    <isallowsearch>y</isallowsearch>
    <isconditional>y</isconditional>
    <isallowlink>n</isallowlink>
    <islinkactionurl>
    </islinkactionurl>
    <islinkparamfield>MediaAttributeFamilyId</islinkparamfield>
    <ischeckbox>n</ischeckbox>
    <checkboxparamfield>MediaAttributeFamilyId</checkboxparamfield>
    <iscontrol>n</iscontrol>
    <controltype>
    </controltype>
    <controlparamfield>
    </controlparamfield>
    <displaytext>
    </displaytext>
    <editactionurl>
    </editactionurl>
    <editparamfield>
    </editparamfield>
    <deleteactionurl>
    </deleteactionurl>
    <deleteparamfield>
    </deleteparamfield>
    <viewactionurl>
    </viewactionurl>
    <viewparamfield>
    </viewparamfield>
    <imageactionurl>
    </imageactionurl>
    <imageparamfield>
    </imageparamfield>
    <manageactionurl>
    </manageactionurl>
    <manageparamfield>
    </manageparamfield>
    <copyactionurl>
    </copyactionurl>
    <copyparamfield>
    </copyparamfield>
    <xaxis>n</xaxis>
    <yaxis>n</yaxis>
    <isadvancesearch>n</isadvancesearch>
    <Class>
    </Class>
    <SearchControlType>--Select--</SearchControlType>
    <SearchControlParameters>
    </SearchControlParameters>
    <DbParamField>
    </DbParamField>
    <useMode>DataBase</useMode>
    <IsGraph>n</IsGraph>
    <allowdetailview>n</allowdetailview>
  </column>
  <column>
    <id>6</id>
    <name>ModifiedDate</name>
    <headertext>Modified</headertext>
    <width>50</width>
    <datatype>String</datatype>
    <columntype>DateTime</columntype>
    <allowsorting>true</allowsorting>
    <allowpaging>true</allowpaging>
    <format>
    </format>
    <isvisible>y</isvisible>
    <mustshow>n</mustshow>
    <musthide>n</musthide>
    <maxlength>0</maxlength>
    <isallowsearch>y</isallowsearch>
    <isconditional>y</isconditional>
    <isallowlink>n</isallowlink>
    <islinkactionurl>
    </islinkactionurl>
    <islinkparamfield>Id</islinkparamfield>
    <ischeckbox>n</ischeckbox>
    <checkboxparamfield>MediaAttributeFamilyId</checkboxparamfield>
    <iscontrol>n</iscontrol>
    <controltype>
    </controltype>
    <controlparamfield>
    </controlparamfield>
    <displaytext>
    </displaytext>
    <editactionurl>
    </editactionurl>
    <editparamfield>
    </editparamfield>
    <deleteactionurl>
    </deleteactionurl>
    <deleteparamfield>
    </deleteparamfield>
    <viewactionurl>
    </viewactionurl>
    <viewparamfield>
    </viewparamfield>
    <imageactionurl>
    </imageactionurl>
    <imageparamfield>
    </imageparamfield>
    <manageactionurl>
    </manageactionurl>
    <manageparamfield>
    </manageparamfield>
    <copyactionurl>
    </copyactionurl>
    <copyparamfield>
    </copyparamfield>
    <xaxis>n</xaxis>
    <yaxis>n</yaxis>
    <isadvancesearch>n</isadvancesearch>
    <Class>
    </Class>
    <SearchControlType>--Select--</SearchControlType>
    <SearchControlParameters>
    </SearchControlParameters>
    <DbParamField>
    </DbParamField>
    <useMode>DataBase</useMode>
    <IsGraph>n</IsGraph>
    <allowdetailview>n</allowdetailview>
  </column>
  <column>
    <id>7</id>
    <name>Manage</name>
    <headertext>Action</headertext>
    <width>50</width>
    <datatype>String</datatype>
    <columntype>String</columntype>
    <allowsorting>false</allowsorting>
    <allowpaging>true</allowpaging>
    <format>Edit|Delete</format>
    <isvisible>y</isvisible>
    <mustshow>y</mustshow>
    <musthide>y</musthide>
    <maxlength>0</maxlength>
    <isallowsearch>n</isallowsearch>
    <isconditional>y</isconditional>
    <isallowlink>n</isallowlink>
    <islinkactionurl>
    </islinkactionurl>
    <islinkparamfield>MediaAttributeFamilyId|</islinkparamfield>
    <ischeckbox>n</ischeckbox>
    <checkboxparamfield>Id</checkboxparamfield>
    <iscontrol>n</iscontrol>
    <controltype>
    </controltype>
    <controlparamfield>
    </controlparamfield>
    <displaytext>Edit|Delete</displaytext>
    <editactionurl>
    </editactionurl>
    <editparamfield>
    </editparamfield>
    <deleteactionurl>
    </deleteactionurl>
    <deleteparamfield>
    </deleteparamfield>
    <viewactionurl>
    </viewactionurl>
    <viewparamfield>
    </viewparamfield>
    <imageactionurl>
    </imageactionurl>
    <imageparamfield>
    </imageparamfield>
    <manageactionurl>/MediaManager/AttributeFamily/Edit|/MediaManager/AttributeFamily/Delete</manageactionurl>
    <manageparamfield>MediaAttributeFamilyId|MediaAttributeFamilyId</manageparamfield>
    <copyactionurl>
    </copyactionurl>
    <copyparamfield>
    </copyparamfield>
    <xaxis>n</xaxis>
    <yaxis>n</yaxis>
    <isadvancesearch>n</isadvancesearch>
    <Class>
    </Class>
    <SearchControlType>--Select--</SearchControlType>
    <SearchControlParameters>
    </SearchControlParameters>
    <DbParamField>
    </DbParamField>
    <useMode>DataBase</useMode>
    <IsGraph>n</IsGraph>
    <allowdetailview>n</allowdetailview>
  </column>
</columns>', N'ZnodeMediaAttributeFamily', N'ZnodeMediaAttributeFamily', N'ZnodeMediaAttributeFamily', 0, NULL, NULL, NULL, NULL, 2, CAST(N'2016-02-22 11:30:13.227' AS DateTime), 2, CAST(N'2016-05-09 13:01:32.540' AS DateTime))
INSERT [dbo].[ZnodeApplicationSetting] ([ApplicationSettingId], [GroupName], [ItemName], [Setting], [ViewOptions], [FrontPageName], [FrontObjectName], [IsCompressed], [OrderByFields], [ItemNameWithoutCurrency], [CreatedByName], [ModifiedByName], [CreatedBy], [CreatedDate], [ModifiedBy], [ModifiedDate]) VALUES (5, N'Table', N'ZnodeMediaAttributeGroup', N'<?xml version="1.0" encoding="utf-16"?>
<columns>
  <column>
    <id>1</id>
    <name>MediaAttributeGroupId</name>
    <headertext>Checkbox</headertext>
    <width>10</width>
    <datatype>Int32</datatype>
    <columntype>Int32</columntype>
    <allowsorting>true</allowsorting>
    <allowpaging>true</allowpaging>
    <format>
    </format>
    <isvisible>y</isvisible>
    <mustshow>y</mustshow>
    <musthide>n</musthide>
    <maxlength>0</maxlength>
    <isallowsearch>n</isallowsearch>
    <isconditional>y</isconditional>
    <isallowlink>n</isallowlink>
    <islinkactionurl>
    </islinkactionurl>
    <islinkparamfield>Id</islinkparamfield>
    <ischeckbox>y</ischeckbox>
    <checkboxparamfield>
    </checkboxparamfield>
    <iscontrol>n</iscontrol>
    <controltype>
    </controltype>
    <controlparamfield>
    </controlparamfield>
    <displaytext>
    </displaytext>
    <editactionurl>
    </editactionurl>
    <editparamfield>
    </editparamfield>
    <deleteactionurl>
    </deleteactionurl>
    <deleteparamfield>
    </deleteparamfield>
    <viewactionurl>
    </viewactionurl>
    <viewparamfield>
    </viewparamfield>
    <imageactionurl>
    </imageactionurl>
    <imageparamfield>
    </imageparamfield>
    <manageactionurl>
    </manageactionurl>
    <manageparamfield>
    </manageparamfield>
    <copyactionurl>
    </copyactionurl>
    <copyparamfield>
    </copyparamfield>
    <xaxis>n</xaxis>
    <yaxis>n</yaxis>
    <isadvancesearch>n</isadvancesearch>
    <Class>
    </Class>
    <SearchControlType>--Select--</SearchControlType>
    <SearchControlParameters>
    </SearchControlParameters>
    <DbParamField>
    </DbParamField>
    <useMode>DataBase</useMode>
    <IsGraph>n</IsGraph>
    <allowdetailview>n</allowdetailview>
  </column>
  <column>
    <id>2</id>
    <name>GroupCode</name>
    <headertext>Group Code</headertext>
    <width>50</width>
    <datatype>String</datatype>
    <columntype>String</columntype>
    <allowsorting>true</allowsorting>
    <allowpaging>true</allowpaging>
    <format>
    </format>
    <isvisible>y</isvisible>
    <mustshow>y</mustshow>
    <musthide>n</musthide>
    <maxlength>0</maxlength>
    <isallowsearch>y</isallowsearch>
    <isconditional>y</isconditional>
    <isallowlink>n</isallowlink>
    <islinkactionurl>/AttributeGroup/EditAttributeGroup</islinkactionurl>
    <islinkparamfield>MediaAttributeGroupId</islinkparamfield>
    <ischeckbox>n</ischeckbox>
    <checkboxparamfield>Id</checkboxparamfield>
    <iscontrol>n</iscontrol>
    <controltype>
    </controltype>
    <controlparamfield>
    </controlparamfield>
    <displaytext>
    </displaytext>
    <editactionurl>
    </editactionurl>
    <editparamfield>
    </editparamfield>
    <deleteactionurl>
    </deleteactionurl>
    <deleteparamfield>
    </deleteparamfield>
    <viewactionurl>
    </viewactionurl>
    <viewparamfield>
    </viewparamfield>
    <imageactionurl>
    </imageactionurl>
    <imageparamfield>
    </imageparamfield>
    <manageactionurl>
    </manageactionurl>
    <manageparamfield>
    </manageparamfield>
    <copyactionurl>
    </copyactionurl>
    <copyparamfield>
    </copyparamfield>
    <xaxis>n</xaxis>
    <yaxis>n</yaxis>
    <isadvancesearch>y</isadvancesearch>
    <Class>
    </Class>
    <SearchControlType>--Select--</SearchControlType>
    <SearchControlParameters>
    </SearchControlParameters>
    <DbParamField>
    </DbParamField>
    <useMode>DataBase</useMode>
    <IsGraph>n</IsGraph>
    <allowdetailview>y</allowdetailview>
  </column>
  <column>
    <id>3</id>
    <name>IsSystemDefined</name>
    <headertext>Is System Defined</headertext>
    <width>0</width>
    <datatype>Boolean</datatype>
    <columntype>Boolean</columntype>
    <allowsorting>true</allowsorting>
    <allowpaging>false</allowpaging>
    <format>
    </format>
    <isvisible>y</isvisible>
    <mustshow>n</mustshow>
    <musthide>n</musthide>
    <maxlength>0</maxlength>
    <isallowsearch>y</isallowsearch>
    <isconditional>n</isconditional>
    <isallowlink>n</isallowlink>
    <islinkactionurl>
    </islinkactionurl>
    <islinkparamfield>
    </islinkparamfield>
    <ischeckbox>n</ischeckbox>
    <checkboxparamfield>
    </checkboxparamfield>
    <iscontrol>n</iscontrol>
    <controltype>
    </controltype>
    <controlparamfield>
    </controlparamfield>
    <displaytext>
    </displaytext>
    <editactionurl>
    </editactionurl>
    <editparamfield>
    </editparamfield>
    <deleteactionurl>
    </deleteactionurl>
    <deleteparamfield>
    </deleteparamfield>
    <viewactionurl>
    </viewactionurl>
    <viewparamfield>
    </viewparamfield>
    <imageactionurl>
    </imageactionurl>
    <imageparamfield>
    </imageparamfield>
    <manageactionurl>
    </manageactionurl>
    <manageparamfield>
    </manageparamfield>
    <copyactionurl>
    </copyactionurl>
    <copyparamfield>
    </copyparamfield>
    <xaxis>n</xaxis>
    <yaxis>n</yaxis>
    <isadvancesearch>n</isadvancesearch>
    <Class>
    </Class>
    <SearchControlType>--Select--</SearchControlType>
    <SearchControlParameters>
    </SearchControlParameters>
    <DbParamField>
    </DbParamField>
    <useMode>DataBase</useMode>
    <IsGraph>n</IsGraph>
    <allowdetailview>n</allowdetailview>
  </column>
  <column>
    <id>4</id>
    <name>ModifiedDate</name>
    <headertext>Modified</headertext>
    <width>30</width>
    <datatype>String</datatype>
    <columntype>DateTime</columntype>
    <allowsorting>true</allowsorting>
    <allowpaging>false</allowpaging>
    <format>
    </format>
    <isvisible>y</isvisible>
    <mustshow>n</mustshow>
    <musthide>n</musthide>
    <maxlength>0</maxlength>
    <isallowsearch>y</isallowsearch>
    <isconditional>n</isconditional>
    <isallowlink>n</isallowlink>
    <islinkactionurl>
    </islinkactionurl>
    <islinkparamfield>
    </islinkparamfield>
    <ischeckbox>n</ischeckbox>
    <checkboxparamfield>
    </checkboxparamfield>
    <iscontrol>n</iscontrol>
    <controltype>
    </controltype>
    <controlparamfield>
    </controlparamfield>
    <displaytext>
    </displaytext>
    <editactionurl>
    </editactionurl>
    <editparamfield>
    </editparamfield>
    <deleteactionurl>
    </deleteactionurl>
    <deleteparamfield>
    </deleteparamfield>
    <viewactionurl>
    </viewactionurl>
    <viewparamfield>
    </viewparamfield>
    <imageactionurl>
    </imageactionurl>
    <imageparamfield>
    </imageparamfield>
    <manageactionurl>
    </manageactionurl>
    <manageparamfield>
    </manageparamfield>
    <copyactionurl>
    </copyactionurl>
    <copyparamfield>
    </copyparamfield>
    <xaxis>n</xaxis>
    <yaxis>n</yaxis>
    <isadvancesearch>n</isadvancesearch>
    <Class>
    </Class>
    <SearchControlType>--Select--</SearchControlType>
    <SearchControlParameters>
    </SearchControlParameters>
    <DbParamField>
    </DbParamField>
    <useMode>DataBase</useMode>
    <IsGraph>n</IsGraph>
    <allowdetailview>n</allowdetailview>
  </column>
  <column>
    <id>5</id>
    <name>CreatedDate</name>
    <headertext>Created</headertext>
    <width>30</width>
    <datatype>String</datatype>
    <columntype>DateTime</columntype>
    <allowsorting>true</allowsorting>
    <allowpaging>false</allowpaging>
    <format>
    </format>
    <isvisible>y</isvisible>
    <mustshow>n</mustshow>
    <musthide>n</musthide>
    <maxlength>0</maxlength>
    <isallowsearch>y</isallowsearch>
    <isconditional>n</isconditional>
    <isallowlink>n</isallowlink>
    <islinkactionurl>
    </islinkactionurl>
    <islinkparamfield>
    </islinkparamfield>
    <ischeckbox>n</ischeckbox>
    <checkboxparamfield>
    </checkboxparamfield>
    <iscontrol>n</iscontrol>
    <controltype>
    </controltype>
    <controlparamfield>
    </controlparamfield>
    <displaytext>
    </displaytext>
    <editactionurl>
    </editactionurl>
    <editparamfield>
    </editparamfield>
    <deleteactionurl>
    </deleteactionurl>
    <deleteparamfield>
    </deleteparamfield>
    <viewactionurl>
    </viewactionurl>
    <viewparamfield>
    </viewparamfield>
    <imageactionurl>
    </imageactionurl>
    <imageparamfield>
    </imageparamfield>
    <manageactionurl>
    </manageactionurl>
    <manageparamfield>
    </manageparamfield>
    <copyactionurl>
    </copyactionurl>
    <copyparamfield>
    </copyparamfield>
    <xaxis>n</xaxis>
    <yaxis>n</yaxis>
    <isadvancesearch>n</isadvancesearch>
    <Class>
    </Class>
    <SearchControlType>--Select--</SearchControlType>
    <SearchControlParameters>
    </SearchControlParameters>
    <DbParamField>
    </DbParamField>
    <useMode>DataBase</useMode>
    <IsGraph>n</IsGraph>
    <allowdetailview>n</allowdetailview>
  </column>
  <column>
    <id>6</id>
    <name>Manage</name>
    <headertext>Action</headertext>
    <width>50</width>
    <datatype>String</datatype>
    <columntype>String</columntype>
    <allowsorting>false</allowsorting>
    <allowpaging>true</allowpaging>
    <format>Edit|Delete</format>
    <isvisible>y</isvisible>
    <mustshow>y</mustshow>
    <musthide>y</musthide>
    <maxlength>0</maxlength>
    <isallowsearch>n</isallowsearch>
    <isconditional>y</isconditional>
    <isallowlink>n</isallowlink>
    <islinkactionurl>
    </islinkactionurl>
    <islinkparamfield>MediaAttributeGroupId|MediaAttributeGroupId</islinkparamfield>
    <ischeckbox>n</ischeckbox>
    <checkboxparamfield>Id</checkboxparamfield>
    <iscontrol>n</iscontrol>
    <controltype>
    </controltype>
    <controlparamfield>
    </controlparamfield>
    <displaytext>Edit|Delete</displaytext>
    <editactionurl>
    </editactionurl>
    <editparamfield>
    </editparamfield>
    <deleteactionurl>
    </deleteactionurl>
    <deleteparamfield>
    </deleteparamfield>
    <viewactionurl>
    </viewactionurl>
    <viewparamfield>
    </viewparamfield>
    <imageactionurl>
    </imageactionurl>
    <imageparamfield>
    </imageparamfield>
    <manageactionurl>/MediaManager/AttributeGroup/Edit|/MediaManager/AttributeGroup/Delete</manageactionurl>
    <manageparamfield>MediaAttributeGroupId|MediaAttributeGroupId</manageparamfield>
    <copyactionurl>
    </copyactionurl>
    <copyparamfield>
    </copyparamfield>
    <xaxis>n</xaxis>
    <yaxis>n</yaxis>
    <isadvancesearch>n</isadvancesearch>
    <Class>
    </Class>
    <SearchControlType>--Select--</SearchControlType>
    <SearchControlParameters>
    </SearchControlParameters>
    <DbParamField>
    </DbParamField>
    <useMode>DataBase</useMode>
    <IsGraph>n</IsGraph>
    <allowdetailview>n</allowdetailview>
  </column>
</columns>', N'ZnodeMediaAttributeGroup', N'ZnodeMediaAttributeGroup', N'ZnodeMediaAttributeGroup', 0, NULL, NULL, NULL, NULL, 2, CAST(N'2016-02-22 11:30:13.227' AS DateTime), 2, CAST(N'2016-05-09 13:03:45.553' AS DateTime))
INSERT [dbo].[ZnodeApplicationSetting] ([ApplicationSettingId], [GroupName], [ItemName], [Setting], [ViewOptions], [FrontPageName], [FrontObjectName], [IsCompressed], [OrderByFields], [ItemNameWithoutCurrency], [CreatedByName], [ModifiedByName], [CreatedBy], [CreatedDate], [ModifiedBy], [ModifiedDate]) VALUES (6, N'Table', N'AssociatedAttributes', N'<?xml version="1.0" encoding="utf-16"?><columns><column><id>1</id><name>MediaAttributeGroupMapperId</name><headertext>MediaAttributeGroupMapperId</headertext><width>10</width><datatype>Int32</datatype><columntype>Int32</columntype><allowsorting>true</allowsorting><allowpaging>true</allowpaging><format></format><isvisible>n</isvisible><mustshow>n</mustshow><musthide>n</musthide><maxlength>0</maxlength><isallowsearch>n</isallowsearch><isconditional>y</isconditional><isallowlink>n</isallowlink><islinkactionurl></islinkactionurl><islinkparamfield>Id</islinkparamfield><ischeckbox>n</ischeckbox><checkboxparamfield></checkboxparamfield><iscontrol>n</iscontrol><controltype></controltype><controlparamfield></controlparamfield><displaytext></displaytext><editactionurl></editactionurl><editparamfield></editparamfield><deleteactionurl></deleteactionurl><deleteparamfield></deleteparamfield><viewactionurl></viewactionurl><viewparamfield></viewparamfield><imageactionurl></imageactionurl><imageparamfield></imageparamfield><manageactionurl></manageactionurl><manageparamfield></manageparamfield><copyactionurl></copyactionurl><copyparamfield></copyparamfield><xaxis>n</xaxis><yaxis>n</yaxis><isadvancesearch>n</isadvancesearch><Class></Class><SearchControlType>--Select--</SearchControlType><SearchControlParameters></SearchControlParameters><DbParamField></DbParamField><useMode>DataBase</useMode><IsGraph>n</IsGraph><allowdetailview>n</allowdetailview></column><column><id>2</id><name>MediaAttributeGroupId</name><headertext>MediaAttributeGroupId</headertext><width>10</width><datatype>Int32</datatype><columntype>Int32</columntype><allowsorting>true</allowsorting><allowpaging>true</allowpaging><format></format><isvisible>n</isvisible><mustshow>n</mustshow><musthide>n</musthide><maxlength>0</maxlength><isallowsearch>n</isallowsearch><isconditional>y</isconditional><isallowlink>n</isallowlink><islinkactionurl></islinkactionurl><islinkparamfield>Id</islinkparamfield><ischeckbox>n</ischeckbox><checkboxparamfield></checkboxparamfield><iscontrol>n</iscontrol><controltype></controltype><controlparamfield></controlparamfield><displaytext></displaytext><editactionurl></editactionurl><editparamfield></editparamfield><deleteactionurl></deleteactionurl><deleteparamfield></deleteparamfield><viewactionurl></viewactionurl><viewparamfield></viewparamfield><imageactionurl></imageactionurl><imageparamfield></imageparamfield><manageactionurl></manageactionurl><manageparamfield></manageparamfield><copyactionurl></copyactionurl><copyparamfield></copyparamfield><xaxis>n</xaxis><yaxis>n</yaxis><isadvancesearch>n</isadvancesearch><Class></Class><SearchControlType>--Select--</SearchControlType><SearchControlParameters></SearchControlParameters><DbParamField></DbParamField><useMode>DataBase</useMode><IsGraph>n</IsGraph><allowdetailview>n</allowdetailview></column><column><id>3</id><name>Code</name><headertext>Code</headertext><width>50</width><datatype>String</datatype><columntype>String</columntype><allowsorting>false</allowsorting><allowpaging>true</allowpaging><format></format><isvisible>y</isvisible><mustshow>n</mustshow><musthide>n</musthide><maxlength>0</maxlength><isallowsearch>y</isallowsearch><isconditional>y</isconditional><isallowlink>n</isallowlink><islinkactionurl></islinkactionurl><islinkparamfield></islinkparamfield><ischeckbox>n</ischeckbox><checkboxparamfield></checkboxparamfield><iscontrol>n</iscontrol><controltype></controltype><controlparamfield></controlparamfield><displaytext></displaytext><editactionurl></editactionurl><editparamfield></editparamfield><deleteactionurl></deleteactionurl><deleteparamfield></deleteparamfield><viewactionurl></viewactionurl><viewparamfield></viewparamfield><imageactionurl></imageactionurl><imageparamfield></imageparamfield><manageactionurl></manageactionurl><manageparamfield></manageparamfield><copyactionurl></copyactionurl><copyparamfield></copyparamfield><xaxis>n</xaxis><yaxis>n</yaxis><isadvancesearch>y</isadvancesearch><Class></Class><SearchControlType>--Select--</SearchControlType><SearchControlParameters></SearchControlParameters><DbParamField></DbParamField><useMode>DataBase</useMode><IsGraph>n</IsGraph><allowdetailview>n</allowdetailview></column><column><id>4</id><name>AttributeType</name><headertext>Attribute Type</headertext><width>50</width><datatype>String</datatype><columntype>String</columntype><allowsorting>false</allowsorting><allowpaging>true</allowpaging><format></format><isvisible>y</isvisible><mustshow>n</mustshow><musthide>n</musthide><maxlength>0</maxlength><isallowsearch>n</isallowsearch><isconditional>y</isconditional><isallowlink>n</isallowlink><islinkactionurl></islinkactionurl><islinkparamfield>Id</islinkparamfield><ischeckbox>n</ischeckbox><checkboxparamfield></checkboxparamfield><iscontrol>n</iscontrol><controltype></controltype><controlparamfield></controlparamfield><displaytext></displaytext><editactionurl></editactionurl><editparamfield></editparamfield><deleteactionurl></deleteactionurl><deleteparamfield></deleteparamfield><viewactionurl></viewactionurl><viewparamfield></viewparamfield><imageactionurl></imageactionurl><imageparamfield></imageparamfield><manageactionurl></manageactionurl><manageparamfield></manageparamfield><copyactionurl></copyactionurl><copyparamfield></copyparamfield><xaxis>n</xaxis><yaxis>n</yaxis><isadvancesearch>n</isadvancesearch><Class></Class><SearchControlType>--Select--</SearchControlType><SearchControlParameters></SearchControlParameters><DbParamField></DbParamField><useMode>DataBase</useMode><IsGraph>n</IsGraph><allowdetailview>n</allowdetailview></column><column><id>5</id><name>IsRequired</name><headertext>Required</headertext><width>50</width><datatype>Boolean</datatype><columntype>Boolean</columntype><allowsorting>false</allowsorting><allowpaging>true</allowpaging><format></format><isvisible>y</isvisible><mustshow>n</mustshow><musthide>y</musthide><maxlength>0</maxlength><isallowsearch>n</isallowsearch><isconditional>y</isconditional><isallowlink>n</isallowlink><islinkactionurl></islinkactionurl><islinkparamfield></islinkparamfield><ischeckbox>n</ischeckbox><checkboxparamfield></checkboxparamfield><iscontrol>n</iscontrol><controltype></controltype><controlparamfield></controlparamfield><displaytext></displaytext><editactionurl></editactionurl><editparamfield></editparamfield><deleteactionurl></deleteactionurl><deleteparamfield></deleteparamfield><viewactionurl></viewactionurl><viewparamfield></viewparamfield><imageactionurl></imageactionurl><imageparamfield></imageparamfield><manageactionurl></manageactionurl><manageparamfield></manageparamfield><copyactionurl></copyactionurl><copyparamfield></copyparamfield><xaxis>n</xaxis><yaxis>n</yaxis><isadvancesearch>n</isadvancesearch><Class></Class><SearchControlType>--Select--</SearchControlType><SearchControlParameters></SearchControlParameters><DbParamField></DbParamField><useMode>DataBase</useMode><IsGraph>n</IsGraph><allowdetailview>n</allowdetailview></column><column><id>6</id><name>IsSystemDefined</name><headertext>IsSystemDefined</headertext><width>10</width><datatype>Int32</datatype><columntype>Int32</columntype><allowsorting>false</allowsorting><allowpaging>false</allowpaging><format></format><isvisible>n</isvisible><mustshow>n</mustshow><musthide>n</musthide><maxlength>0</maxlength><isallowsearch>n</isallowsearch><isconditional>y</isconditional><isallowlink>n</isallowlink><islinkactionurl></islinkactionurl><islinkparamfield>Id</islinkparamfield><ischeckbox>n</ischeckbox><checkboxparamfield></checkboxparamfield><iscontrol>n</iscontrol><controltype></controltype><controlparamfield></controlparamfield><displaytext></displaytext><editactionurl></editactionurl><editparamfield></editparamfield><deleteactionurl></deleteactionurl><deleteparamfield></deleteparamfield><viewactionurl></viewactionurl><viewparamfield></viewparamfield><imageactionurl></imageactionurl><imageparamfield></imageparamfield><manageactionurl></manageactionurl><manageparamfield></manageparamfield><copyactionurl></copyactionurl><copyparamfield></copyparamfield><xaxis>n</xaxis><yaxis>n</yaxis><isadvancesearch>n</isadvancesearch><Class></Class><SearchControlType>--Select--</SearchControlType><SearchControlParameters></SearchControlParameters><DbParamField></DbParamField><useMode>DataBase</useMode><IsGraph>n</IsGraph><allowdetailview>n</allowdetailview></column><column><id>7</id><name>Manage</name><headertext>Action</headertext><width>50</width><datatype>String</datatype><columntype>String</columntype><allowsorting>false</allowsorting><allowpaging>true</allowpaging><format>Delete</format><isvisible>y</isvisible><mustshow>n</mustshow><musthide>y</musthide><maxlength>0</maxlength><isallowsearch>n</isallowsearch><isconditional>y</isconditional><isallowlink>n</isallowlink><islinkactionurl></islinkactionurl><islinkparamfield>mediaattributeGroupMapperId,mediaAttributeGroupId,IsSystemDefined</islinkparamfield><ischeckbox>n</ischeckbox><checkboxparamfield></checkboxparamfield><iscontrol>n</iscontrol><controltype></controltype><controlparamfield></controlparamfield><displaytext>Delete</displaytext><editactionurl></editactionurl><editparamfield></editparamfield><deleteactionurl></deleteactionurl><deleteparamfield></deleteparamfield><viewactionurl></viewactionurl><viewparamfield></viewparamfield><imageactionurl></imageactionurl><imageparamfield></imageparamfield><manageactionurl>/MediaManager/AttributeGroup/RemoveAssociatedAttribute</manageactionurl><manageparamfield>mediaattributeGroupMapperId,mediaAttributeGroupId,IsSystemDefined</manageparamfield><copyactionurl></copyactionurl><copyparamfield></copyparamfield><xaxis>n</xaxis><yaxis>n</yaxis><isadvancesearch>y</isadvancesearch><Class></Class><SearchControlType>--Select--</SearchControlType><SearchControlParameters></SearchControlParameters><DbParamField></DbParamField><useMode>DataBase</useMode><IsGraph>n</IsGraph><allowdetailview>n</allowdetailview></column></columns>', N'Grid', N'Grid', N'Grid', 0, NULL, NULL, NULL, NULL, 2, CAST(N'2016-02-22 11:30:13.227' AS DateTime), 2, CAST(N'2016-05-11 09:32:46.907' AS DateTime))
INSERT [dbo].[ZnodeApplicationSetting] ([ApplicationSettingId], [GroupName], [ItemName], [Setting], [ViewOptions], [FrontPageName], [FrontObjectName], [IsCompressed], [OrderByFields], [ItemNameWithoutCurrency], [CreatedByName], [ModifiedByName], [CreatedBy], [CreatedDate], [ModifiedBy], [ModifiedDate]) VALUES (7, N'Table', N'ZnodeMedia', N'<?xml version="1.0" encoding="utf-16"?>
<columns>
  <column>
    <id>1</id>
    <name>MediaId</name>
    <headertext>Media Id</headertext>
    <width>0</width>
    <datatype>Int32</datatype>
    <columntype>Int32</columntype>
    <allowsorting>true</allowsorting>
    <allowpaging>true</allowpaging>
    <format>
    </format>
    <isvisible>y</isvisible>
    <mustshow>n</mustshow>
    <musthide>n</musthide>
    <maxlength>0</maxlength>
    <isallowsearch>y</isallowsearch>
    <isconditional>n</isconditional>
    <isallowlink>n</isallowlink>
    <islinkactionurl>
    </islinkactionurl>
    <islinkparamfield>MediaId</islinkparamfield>
    <ischeckbox>y</ischeckbox>
    <checkboxparamfield>MediaId</checkboxparamfield>
    <iscontrol>n</iscontrol>
    <controltype>MultiCheckboxList</controltype>
    <controlparamfield>
    </controlparamfield>
    <displaytext>
    </displaytext>
    <editactionurl>
    </editactionurl>
    <editparamfield>
    </editparamfield>
    <deleteactionurl>
    </deleteactionurl>
    <deleteparamfield>
    </deleteparamfield>
    <viewactionurl>
    </viewactionurl>
    <viewparamfield>
    </viewparamfield>
    <imageactionurl>
    </imageactionurl>
    <imageparamfield>
    </imageparamfield>
    <manageactionurl>
    </manageactionurl>
    <manageparamfield>
    </manageparamfield>
    <copyactionurl>
    </copyactionurl>
    <copyparamfield>
    </copyparamfield>
    <xaxis>n</xaxis>
    <yaxis>n</yaxis>
    <isadvancesearch>y</isadvancesearch>
    <Class>
    </Class>
    <SearchControlType>MultiCheckboxList</SearchControlType>
    <SearchControlParameters>
    </SearchControlParameters>
    <DbParamField>
    </DbParamField>
    <useMode>DataBase</useMode>
    <IsGraph>n</IsGraph>
    <allowdetailview>n</allowdetailview>
  </column>
  <column>
    <id>2</id>
    <name>MediaConfigurationId</name>
    <headertext>Media Configuration Id</headertext>
    <width>0</width>
    <datatype>Int32</datatype>
    <columntype>Int32</columntype>
    <allowsorting>true</allowsorting>
    <allowpaging>true</allowpaging>
    <format>
    </format>
    <isvisible>n</isvisible>
    <mustshow>n</mustshow>
    <musthide>n</musthide>
    <maxlength>0</maxlength>
    <isallowsearch>y</isallowsearch>
    <isconditional>n</isconditional>
    <isallowlink>n</isallowlink>
    <islinkactionurl>
    </islinkactionurl>
    <islinkparamfield>MediaId</islinkparamfield>
    <ischeckbox>n</ischeckbox>
    <checkboxparamfield>
    </checkboxparamfield>
    <iscontrol>n</iscontrol>
    <controltype>
    </controltype>
    <controlparamfield>
    </controlparamfield>
    <displaytext>
    </displaytext>
    <editactionurl>
    </editactionurl>
    <editparamfield>
    </editparamfield>
    <deleteactionurl>
    </deleteactionurl>
    <deleteparamfield>
    </deleteparamfield>
    <viewactionurl>
    </viewactionurl>
    <viewparamfield>
    </viewparamfield>
    <imageactionurl>
    </imageactionurl>
    <imageparamfield>
    </imageparamfield>
    <manageactionurl>
    </manageactionurl>
    <manageparamfield>
    </manageparamfield>
    <copyactionurl>
    </copyactionurl>
    <copyparamfield>
    </copyparamfield>
    <xaxis>n</xaxis>
    <yaxis>n</yaxis>
    <isadvancesearch>n</isadvancesearch>
    <Class>
    </Class>
    <SearchControlType>--Select--</SearchControlType>
    <SearchControlParameters>
    </SearchControlParameters>
    <DbParamField>
    </DbParamField>
    <useMode>DataBase</useMode>
    <IsGraph>n</IsGraph>
    <allowdetailview>n</allowdetailview>
  </column>
  <column>
    <id>3</id>
    <name>Path</name>
    <headertext>Path</headertext>
    <width>0</width>
    <datatype>String</datatype>
    <columntype>String</columntype>
    <allowsorting>true</allowsorting>
    <allowpaging>true</allowpaging>
    <format>
    </format>
    <isvisible>n</isvisible>
    <mustshow>n</mustshow>
    <musthide>n</musthide>
    <maxlength>0</maxlength>
    <isallowsearch>y</isallowsearch>
    <isconditional>n</isconditional>
    <isallowlink>n</isallowlink>
    <islinkactionurl>
    </islinkactionurl>
    <islinkparamfield>MediaId</islinkparamfield>
    <ischeckbox>n</ischeckbox>
    <checkboxparamfield>
    </checkboxparamfield>
    <iscontrol>n</iscontrol>
    <controltype>
    </controltype>
    <controlparamfield>
    </controlparamfield>
    <displaytext>
    </displaytext>
    <editactionurl>
    </editactionurl>
    <editparamfield>
    </editparamfield>
    <deleteactionurl>
    </deleteactionurl>
    <deleteparamfield>
    </deleteparamfield>
    <viewactionurl>
    </viewactionurl>
    <viewparamfield>
    </viewparamfield>
    <imageactionurl>
    </imageactionurl>
    <imageparamfield>
    </imageparamfield>
    <manageactionurl>
    </manageactionurl>
    <manageparamfield>
    </manageparamfield>
    <copyactionurl>
    </copyactionurl>
    <copyparamfield>
    </copyparamfield>
    <xaxis>n</xaxis>
    <yaxis>n</yaxis>
    <isadvancesearch>n</isadvancesearch>
    <Class>
    </Class>
    <SearchControlType>--Select--</SearchControlType>
    <SearchControlParameters>
    </SearchControlParameters>
    <DbParamField>
    </DbParamField>
    <useMode>DataBase</useMode>
    <IsGraph>n</IsGraph>
    <allowdetailview>y</allowdetailview>
  </column>
  <column>
    <id>4</id>
    <name>Size</name>
    <headertext>Size</headertext>
    <width>0</width>
    <datatype>String</datatype>
    <columntype>String</columntype>
    <allowsorting>true</allowsorting>
    <allowpaging>true</allowpaging>
    <format>
    </format>
    <isvisible>y</isvisible>
    <mustshow>n</mustshow>
    <musthide>n</musthide>
    <maxlength>0</maxlength>
    <isallowsearch>y</isallowsearch>
    <isconditional>n</isconditional>
    <isallowlink>n</isallowlink>
    <islinkactionurl>
    </islinkactionurl>
    <islinkparamfield>MediaId</islinkparamfield>
    <ischeckbox>n</ischeckbox>
    <checkboxparamfield>
    </checkboxparamfield>
    <iscontrol>n</iscontrol>
    <controltype>
    </controltype>
    <controlparamfield>
    </controlparamfield>
    <displaytext>
    </displaytext>
    <editactionurl>
    </editactionurl>
    <editparamfield>
    </editparamfield>
    <deleteactionurl>
    </deleteactionurl>
    <deleteparamfield>
    </deleteparamfield>
    <viewactionurl>
    </viewactionurl>
    <viewparamfield>
    </viewparamfield>
    <imageactionurl>
    </imageactionurl>
    <imageparamfield>
    </imageparamfield>
    <manageactionurl>
    </manageactionurl>
    <manageparamfield>
    </manageparamfield>
    <copyactionurl>
    </copyactionurl>
    <copyparamfield>
    </copyparamfield>
    <xaxis>n</xaxis>
    <yaxis>n</yaxis>
    <isadvancesearch>y</isadvancesearch>
    <Class>
    </Class>
    <SearchControlType>--Select--</SearchControlType>
    <SearchControlParameters>
    </SearchControlParameters>
    <DbParamField>
    </DbParamField>
    <useMode>DataBase</useMode>
    <IsGraph>n</IsGraph>
    <allowdetailview>n</allowdetailview>
  </column>
  <column>
    <id>5</id>
    <name>Height</name>
    <headertext>Height</headertext>
    <width>0</width>
    <datatype>Double</datatype>
    <columntype>Int32</columntype>
    <allowsorting>true</allowsorting>
    <allowpaging>true</allowpaging>
    <format>
    </format>
    <isvisible>y</isvisible>
    <mustshow>n</mustshow>
    <musthide>n</musthide>
    <maxlength>0</maxlength>
    <isallowsearch>y</isallowsearch>
    <isconditional>n</isconditional>
    <isallowlink>n</isallowlink>
    <islinkactionurl>
    </islinkactionurl>
    <islinkparamfield>MediaId</islinkparamfield>
    <ischeckbox>n</ischeckbox>
    <checkboxparamfield>
    </checkboxparamfield>
    <iscontrol>n</iscontrol>
    <controltype>
    </controltype>
    <controlparamfield>
    </controlparamfield>
    <displaytext>
    </displaytext>
    <editactionurl>
    </editactionurl>
    <editparamfield>
    </editparamfield>
    <deleteactionurl>
    </deleteactionurl>
    <deleteparamfield>
    </deleteparamfield>
    <viewactionurl>
    </viewactionurl>
    <viewparamfield>
    </viewparamfield>
    <imageactionurl>
    </imageactionurl>
    <imageparamfield>
    </imageparamfield>
    <manageactionurl>
    </manageactionurl>
    <manageparamfield>
    </manageparamfield>
    <copyactionurl>
    </copyactionurl>
    <copyparamfield>
    </copyparamfield>
    <xaxis>n</xaxis>
    <yaxis>n</yaxis>
    <isadvancesearch>y</isadvancesearch>
    <Class>
    </Class>
    <SearchControlType>--Select--</SearchControlType>
    <SearchControlParameters>
    </SearchControlParameters>
    <DbParamField>
    </DbParamField>
    <useMode>DataBase</useMode>
    <IsGraph>n</IsGraph>
    <allowdetailview>n</allowdetailview>
  </column>
  <column>
    <id>6</id>
    <name>Width</name>
    <headertext>Width</headertext>
    <width>0</width>
    <datatype>Double</datatype>
    <columntype>Int32</columntype>
    <allowsorting>true</allowsorting>
    <allowpaging>true</allowpaging>
    <format>
    </format>
    <isvisible>y</isvisible>
    <mustshow>n</mustshow>
    <musthide>n</musthide>
    <maxlength>0</maxlength>
    <isallowsearch>n</isallowsearch>
    <isconditional>n</isconditional>
    <isallowlink>n</isallowlink>
    <islinkactionurl>
    </islinkactionurl>
    <islinkparamfield>MediaId</islinkparamfield>
    <ischeckbox>n</ischeckbox>
    <checkboxparamfield>
    </checkboxparamfield>
    <iscontrol>n</iscontrol>
    <controltype>
    </controltype>
    <controlparamfield>
    </controlparamfield>
    <displaytext>
    </displaytext>
    <editactionurl>
    </editactionurl>
    <editparamfield>
    </editparamfield>
    <deleteactionurl>
    </deleteactionurl>
    <deleteparamfield>
    </deleteparamfield>
    <viewactionurl>
    </viewactionurl>
    <viewparamfield>
    </viewparamfield>
    <imageactionurl>
    </imageactionurl>
    <imageparamfield>
    </imageparamfield>
    <manageactionurl>
    </manageactionurl>
    <manageparamfield>
    </manageparamfield>
    <copyactionurl>
    </copyactionurl>
    <copyparamfield>
    </copyparamfield>
    <xaxis>n</xaxis>
    <yaxis>n</yaxis>
    <isadvancesearch>y</isadvancesearch>
    <Class>
    </Class>
    <SearchControlType>--Select--</SearchControlType>
    <SearchControlParameters>
    </SearchControlParameters>
    <DbParamField>
    </DbParamField>
    <useMode>DataBase</useMode>
    <IsGraph>n</IsGraph>
    <allowdetailview>n</allowdetailview>
  </column>
  <column>
    <id>7</id>
    <name>Length</name>
    <headertext>Length</headertext>
    <width>0</width>
    <datatype>Double</datatype>
    <columntype>Int32</columntype>
    <allowsorting>false</allowsorting>
    <allowpaging>false</allowpaging>
    <format>
    </format>
    <isvisible>y</isvisible>
    <mustshow>n</mustshow>
    <musthide>n</musthide>
    <maxlength>0</maxlength>
    <isallowsearch>y</isallowsearch>
    <isconditional>n</isconditional>
    <isallowlink>n</isallowlink>
    <islinkactionurl>
    </islinkactionurl>
    <islinkparamfield>MediaId</islinkparamfield>
    <ischeckbox>n</ischeckbox>
    <checkboxparamfield>
    </checkboxparamfield>
    <iscontrol>n</iscontrol>
    <controltype>
    </controltype>
    <controlparamfield>
    </controlparamfield>
    <displaytext>
    </displaytext>
    <editactionurl>
    </editactionurl>
    <editparamfield>
    </editparamfield>
    <deleteactionurl>
    </deleteactionurl>
    <deleteparamfield>
    </deleteparamfield>
    <viewactionurl>
    </viewactionurl>
    <viewparamfield>
    </viewparamfield>
    <imageactionurl>
    </imageactionurl>
    <imageparamfield>
    </imageparamfield>
    <manageactionurl>
    </manageactionurl>
    <manageparamfield>
    </manageparamfield>
    <copyactionurl>
    </copyactionurl>
    <copyparamfield>
    </copyparamfield>
    <xaxis>n</xaxis>
    <yaxis>n</yaxis>
    <isadvancesearch>y</isadvancesearch>
    <Class>
    </Class>
    <SearchControlType>--Select--</SearchControlType>
    <SearchControlParameters>
    </SearchControlParameters>
    <DbParamField>
    </DbParamField>
    <useMode>DataBase</useMode>
    <IsGraph>n</IsGraph>
    <allowdetailview>n</allowdetailview>
  </column>
  <column>
    <id>8</id>
    <name>Type</name>
    <headertext>Type</headertext>
    <width>0</width>
    <datatype>String</datatype>
    <columntype>String</columntype>
    <allowsorting>false</allowsorting>
    <allowpaging>false</allowpaging>
    <format>
    </format>
    <isvisible>y</isvisible>
    <mustshow>n</mustshow>
    <musthide>n</musthide>
    <maxlength>0</maxlength>
    <isallowsearch>y</isallowsearch>
    <isconditional>n</isconditional>
    <isallowlink>n</isallowlink>
    <islinkactionurl>
    </islinkactionurl>
    <islinkparamfield>MediaId</islinkparamfield>
    <ischeckbox>n</ischeckbox>
    <checkboxparamfield>
    </checkboxparamfield>
    <iscontrol>n</iscontrol>
    <controltype>
    </controltype>
    <controlparamfield>
    </controlparamfield>
    <displaytext>
    </displaytext>
    <editactionurl>
    </editactionurl>
    <editparamfield>
    </editparamfield>
    <deleteactionurl>
    </deleteactionurl>
    <deleteparamfield>
    </deleteparamfield>
    <viewactionurl>
    </viewactionurl>
    <viewparamfield>
    </viewparamfield>
    <imageactionurl>
    </imageactionurl>
    <imageparamfield>
    </imageparamfield>
    <manageactionurl>
    </manageactionurl>
    <manageparamfield>
    </manageparamfield>
    <copyactionurl>
    </copyactionurl>
    <copyparamfield>
    </copyparamfield>
    <xaxis>n</xaxis>
    <yaxis>n</yaxis>
    <isadvancesearch>y</isadvancesearch>
    <Class>
    </Class>
    <SearchControlType>--Select--</SearchControlType>
    <SearchControlParameters>
    </SearchControlParameters>
    <DbParamField>
    </DbParamField>
    <useMode>DataBase</useMode>
    <IsGraph>n</IsGraph>
    <allowdetailview>n</allowdetailview>
  </column>
  <column>
    <id>9</id>
    <name>CreatedBy</name>
    <headertext>Created By</headertext>
    <width>0</width>
    <datatype>String</datatype>
    <columntype>String</columntype>
    <allowsorting>false</allowsorting>
    <allowpaging>false</allowpaging>
    <format>
    </format>
    <isvisible>y</isvisible>
    <mustshow>n</mustshow>
    <musthide>n</musthide>
    <maxlength>0</maxlength>
    <isallowsearch>y</isallowsearch>
    <isconditional>n</isconditional>
    <isallowlink>n</isallowlink>
    <islinkactionurl>
    </islinkactionurl>
    <islinkparamfield>MediaId</islinkparamfield>
    <ischeckbox>n</ischeckbox>
    <checkboxparamfield>
    </checkboxparamfield>
    <iscontrol>n</iscontrol>
    <controltype>
    </controltype>
    <controlparamfield>
    </controlparamfield>
    <displaytext>
    </displaytext>
    <editactionurl>
    </editactionurl>
    <editparamfield>
    </editparamfield>
    <deleteactionurl>
    </deleteactionurl>
    <deleteparamfield>
    </deleteparamfield>
    <viewactionurl>
    </viewactionurl>
    <viewparamfield>
    </viewparamfield>
    <imageactionurl>
    </imageactionurl>
    <imageparamfield>
    </imageparamfield>
    <manageactionurl>
    </manageactionurl>
    <manageparamfield>
    </manageparamfield>
    <copyactionurl>
    </copyactionurl>
    <copyparamfield>
    </copyparamfield>
    <xaxis>n</xaxis>
    <yaxis>n</yaxis>
    <isadvancesearch>y</isadvancesearch>
    <Class>
    </Class>
    <SearchControlType>--Select--</SearchControlType>
    <SearchControlParameters>
    </SearchControlParameters>
    <DbParamField>
    </DbParamField>
    <useMode>DataBase</useMode>
    <IsGraph>n</IsGraph>
    <allowdetailview>n</allowdetailview>
  </column>
  <column>
    <id>10</id>
    <name>CreatedDate</name>
    <headertext>Created on</headertext>
    <width>0</width>
    <datatype>String</datatype>
    <columntype>DateTime</columntype>
    <allowsorting>false</allowsorting>
    <allowpaging>false</allowpaging>
    <format>
    </format>
    <isvisible>y</isvisible>
    <mustshow>n</mustshow>
    <musthide>n</musthide>
    <maxlength>0</maxlength>
    <isallowsearch>n</isallowsearch>
    <isconditional>n</isconditional>
    <isallowlink>n</isallowlink>
    <islinkactionurl>
    </islinkactionurl>
    <islinkparamfield>MediaId</islinkparamfield>
    <ischeckbox>n</ischeckbox>
    <checkboxparamfield>
    </checkboxparamfield>
    <iscontrol>n</iscontrol>
    <controltype>
    </controltype>
    <controlparamfield>
    </controlparamfield>
    <displaytext>
    </displaytext>
    <editactionurl>
    </editactionurl>
    <editparamfield>
    </editparamfield>
    <deleteactionurl>
    </deleteactionurl>
    <deleteparamfield>
    </deleteparamfield>
    <viewactionurl>
    </viewactionurl>
    <viewparamfield>
    </viewparamfield>
    <imageactionurl>
    </imageactionurl>
    <imageparamfield>
    </imageparamfield>
    <manageactionurl>
    </manageactionurl>
    <manageparamfield>
    </manageparamfield>
    <copyactionurl>
    </copyactionurl>
    <copyparamfield>
    </copyparamfield>
    <xaxis>n</xaxis>
    <yaxis>n</yaxis>
    <isadvancesearch>y</isadvancesearch>
    <Class>
    </Class>
    <SearchControlType>--Select--</SearchControlType>
    <SearchControlParameters>
    </SearchControlParameters>
    <DbParamField>
    </DbParamField>
    <useMode>DataBase</useMode>
    <IsGraph>n</IsGraph>
    <allowdetailview>n</allowdetailview>
  </column>
  <column>
    <id>11</id>
    <name>ModifiedBy</name>
    <headertext>Modified By</headertext>
    <width>0</width>
    <datatype>String</datatype>
    <columntype>String</columntype>
    <allowsorting>false</allowsorting>
    <allowpaging>false</allowpaging>
    <format>
    </format>
    <isvisible>y</isvisible>
    <mustshow>n</mustshow>
    <musthide>n</musthide>
    <maxlength>0</maxlength>
    <isallowsearch>n</isallowsearch>
    <isconditional>n</isconditional>
    <isallowlink>n</isallowlink>
    <islinkactionurl>
    </islinkactionurl>
    <islinkparamfield>MediaId</islinkparamfield>
    <ischeckbox>n</ischeckbox>
    <checkboxparamfield>
    </checkboxparamfield>
    <iscontrol>n</iscontrol>
    <controltype>
    </controltype>
    <controlparamfield>
    </controlparamfield>
    <displaytext>
    </displaytext>
    <editactionurl>
    </editactionurl>
    <editparamfield>
    </editparamfield>
    <deleteactionurl>
    </deleteactionurl>
    <deleteparamfield>
    </deleteparamfield>
    <viewactionurl>
    </viewactionurl>
    <viewparamfield>
    </viewparamfield>
    <imageactionurl>
    </imageactionurl>
    <imageparamfield>
    </imageparamfield>
    <manageactionurl>
    </manageactionurl>
    <manageparamfield>
    </manageparamfield>
    <copyactionurl>
    </copyactionurl>
    <copyparamfield>
    </copyparamfield>
    <xaxis>n</xaxis>
    <yaxis>n</yaxis>
    <isadvancesearch>y</isadvancesearch>
    <Class>
    </Class>
    <SearchControlType>--Select--</SearchControlType>
    <SearchControlParameters>
    </SearchControlParameters>
    <DbParamField>
    </DbParamField>
    <useMode>DataBase</useMode>
    <IsGraph>n</IsGraph>
    <allowdetailview>n</allowdetailview>
  </column>
  <column>
    <id>12</id>
    <name>ModifiedDate</name>
    <headertext>Modified on</headertext>
    <width>0</width>
    <datatype>DateTime</datatype>
    <columntype>DateTime</columntype>
    <allowsorting>false</allowsorting>
    <allowpaging>false</allowpaging>
    <format>
    </format>
    <isvisible>y</isvisible>
    <mustshow>n</mustshow>
    <musthide>n</musthide>
    <maxlength>0</maxlength>
    <isallowsearch>n</isallowsearch>
    <isconditional>n</isconditional>
    <isallowlink>n</isallowlink>
    <islinkactionurl>
    </islinkactionurl>
    <islinkparamfield>MediaId</islinkparamfield>
    <ischeckbox>n</ischeckbox>
    <checkboxparamfield>
    </checkboxparamfield>
    <iscontrol>n</iscontrol>
    <controltype>
    </controltype>
    <controlparamfield>
    </controlparamfield>
    <displaytext>
    </displaytext>
    <editactionurl>
    </editactionurl>
    <editparamfield>
    </editparamfield>
    <deleteactionurl>
    </deleteactionurl>
    <deleteparamfield>
    </deleteparamfield>
    <viewactionurl>
    </viewactionurl>
    <viewparamfield>
    </viewparamfield>
    <imageactionurl>
    </imageactionurl>
    <imageparamfield>
    </imageparamfield>
    <manageactionurl>
    </manageactionurl>
    <manageparamfield>
    </manageparamfield>
    <copyactionurl>
    </copyactionurl>
    <copyparamfield>
    </copyparamfield>
    <xaxis>n</xaxis>
    <yaxis>n</yaxis>
    <isadvancesearch>y</isadvancesearch>
    <Class>
    </Class>
    <SearchControlType>--Select--</SearchControlType>
    <SearchControlParameters>
    </SearchControlParameters>
    <DbParamField>
    </DbParamField>
    <useMode>DataBase</useMode>
    <IsGraph>n</IsGraph>
    <allowdetailview>n</allowdetailview>
  </column>
  <column>
    <id>13</id>
    <name>Edit</name>
    <headertext>Edit</headertext>
    <width>0</width>
    <datatype>String</datatype>
    <columntype>String</columntype>
    <allowsorting>false</allowsorting>
    <allowpaging>false</allowpaging>
    <format>
    </format>
    <isvisible>n</isvisible>
    <mustshow>n</mustshow>
    <musthide>n</musthide>
    <maxlength>0</maxlength>
    <isallowsearch>n</isallowsearch>
    <isconditional>n</isconditional>
    <isallowlink>n</isallowlink>
    <islinkactionurl>
    </islinkactionurl>
    <islinkparamfield>
    </islinkparamfield>
    <ischeckbox>n</ischeckbox>
    <checkboxparamfield>
    </checkboxparamfield>
    <iscontrol>n</iscontrol>
    <controltype>
    </controltype>
    <controlparamfield>
    </controlparamfield>
    <displaytext>
    </displaytext>
    <editactionurl>
    </editactionurl>
    <editparamfield>
    </editparamfield>
    <deleteactionurl>
    </deleteactionurl>
    <deleteparamfield>
    </deleteparamfield>
    <viewactionurl>
    </viewactionurl>
    <viewparamfield>
    </viewparamfield>
    <imageactionurl>
    </imageactionurl>
    <imageparamfield>
    </imageparamfield>
    <manageactionurl>
    </manageactionurl>
    <manageparamfield>
    </manageparamfield>
    <copyactionurl>
    </copyactionurl>
    <copyparamfield>
    </copyparamfield>
    <xaxis>n</xaxis>
    <yaxis>n</yaxis>
    <isadvancesearch>n</isadvancesearch>
    <Class>
    </Class>
    <SearchControlType>--Select--</SearchControlType>
    <SearchControlParameters>
    </SearchControlParameters>
    <DbParamField>
    </DbParamField>
    <useMode>DataBase</useMode>
    <IsGraph>n</IsGraph>
    <allowdetailview>n</allowdetailview>
  </column>
  <column>
    <id>14</id>
    <name>Delete</name>
    <headertext>Delete</headertext>
    <width>0</width>
    <datatype>String</datatype>
    <columntype>String</columntype>
    <allowsorting>false</allowsorting>
    <allowpaging>false</allowpaging>
    <format>
    </format>
    <isvisible>n</isvisible>
    <mustshow>n</mustshow>
    <musthide>n</musthide>
    <maxlength>0</maxlength>
    <isallowsearch>n</isallowsearch>
    <isconditional>n</isconditional>
    <isallowlink>n</isallowlink>
    <islinkactionurl>
    </islinkactionurl>
    <islinkparamfield>
    </islinkparamfield>
    <ischeckbox>n</ischeckbox>
    <checkboxparamfield>
    </checkboxparamfield>
    <iscontrol>n</iscontrol>
    <controltype>
    </controltype>
    <controlparamfield>
    </controlparamfield>
    <displaytext>
    </displaytext>
    <editactionurl>
    </editactionurl>
    <editparamfield>
    </editparamfield>
    <deleteactionurl>
    </deleteactionurl>
    <deleteparamfield>
    </deleteparamfield>
    <viewactionurl>
    </viewactionurl>
    <viewparamfield>
    </viewparamfield>
    <imageactionurl>
    </imageactionurl>
    <imageparamfield>
    </imageparamfield>
    <manageactionurl>
    </manageactionurl>
    <manageparamfield>
    </manageparamfield>
    <copyactionurl>
    </copyactionurl>
    <copyparamfield>
    </copyparamfield>
    <xaxis>n</xaxis>
    <yaxis>n</yaxis>
    <isadvancesearch>n</isadvancesearch>
    <Class>
    </Class>
    <SearchControlType>--Select--</SearchControlType>
    <SearchControlParameters>
    </SearchControlParameters>
    <DbParamField>
    </DbParamField>
    <useMode>DataBase</useMode>
    <IsGraph>n</IsGraph>
    <allowdetailview>n</allowdetailview>
  </column>
  <column>
    <id>15</id>
    <name>Manage</name>
    <headertext>Manage</headertext>
    <width>0</width>
    <datatype>String</datatype>
    <columntype>String</columntype>
    <allowsorting>false</allowsorting>
    <allowpaging>false</allowpaging>
    <format>
    </format>
    <isvisible>n</isvisible>
    <mustshow>n</mustshow>
    <musthide>n</musthide>
    <maxlength>0</maxlength>
    <isallowsearch>n</isallowsearch>
    <isconditional>n</isconditional>
    <isallowlink>n</isallowlink>
    <islinkactionurl>
    </islinkactionurl>
    <islinkparamfield>
    </islinkparamfield>
    <ischeckbox>n</ischeckbox>
    <checkboxparamfield>
    </checkboxparamfield>
    <iscontrol>n</iscontrol>
    <controltype>
    </controltype>
    <controlparamfield>
    </controlparamfield>
    <displaytext>
    </displaytext>
    <editactionurl>
    </editactionurl>
    <editparamfield>
    </editparamfield>
    <deleteactionurl>
    </deleteactionurl>
    <deleteparamfield>
    </deleteparamfield>
    <viewactionurl>
    </viewactionurl>
    <viewparamfield>
    </viewparamfield>
    <imageactionurl>
    </imageactionurl>
    <imageparamfield>
    </imageparamfield>
    <manageactionurl>
    </manageactionurl>
    <manageparamfield>
    </manageparamfield>
    <copyactionurl>
    </copyactionurl>
    <copyparamfield>
    </copyparamfield>
    <xaxis>n</xaxis>
    <yaxis>n</yaxis>
    <isadvancesearch>n</isadvancesearch>
    <Class>
    </Class>
    <SearchControlType>--Select--</SearchControlType>
    <SearchControlParameters>
    </SearchControlParameters>
    <DbParamField>
    </DbParamField>
    <useMode>DataBase</useMode>
    <IsGraph>n</IsGraph>
    <allowdetailview>n</allowdetailview>
  </column>
  <column>
    <id>16</id>
    <name>Copy</name>
    <headertext>Copy</headertext>
    <width>0</width>
    <datatype>String</datatype>
    <columntype>String</columntype>
    <allowsorting>false</allowsorting>
    <allowpaging>false</allowpaging>
    <format>
    </format>
    <isvisible>n</isvisible>
    <mustshow>n</mustshow>
    <musthide>n</musthide>
    <maxlength>0</maxlength>
    <isallowsearch>n</isallowsearch>
    <isconditional>n</isconditional>
    <isallowlink>n</isallowlink>
    <islinkactionurl>
    </islinkactionurl>
    <islinkparamfield>
    </islinkparamfield>
    <ischeckbox>n</ischeckbox>
    <checkboxparamfield>
    </checkboxparamfield>
    <iscontrol>n</iscontrol>
    <controltype>
    </controltype>
    <controlparamfield>
    </controlparamfield>
    <displaytext>
    </displaytext>
    <editactionurl>
    </editactionurl>
    <editparamfield>
    </editparamfield>
    <deleteactionurl>
    </deleteactionurl>
    <deleteparamfield>
    </deleteparamfield>
    <viewactionurl>
    </viewactionurl>
    <viewparamfield>
    </viewparamfield>
    <imageactionurl>
    </imageactionurl>
    <imageparamfield>
    </imageparamfield>
    <manageactionurl>
    </manageactionurl>
    <manageparamfield>
    </manageparamfield>
    <copyactionurl>
    </copyactionurl>
    <copyparamfield>
    </copyparamfield>
    <xaxis>n</xaxis>
    <yaxis>n</yaxis>
    <isadvancesearch>n</isadvancesearch>
    <Class>
    </Class>
    <SearchControlType>--Select--</SearchControlType>
    <SearchControlParameters>
    </SearchControlParameters>
    <DbParamField>
    </DbParamField>
    <useMode>DataBase</useMode>
    <IsGraph>n</IsGraph>
    <allowdetailview>n</allowdetailview>
  </column>
  <column>
    <id>17</id>
    <name>View</name>
    <headertext>View</headertext>
    <width>0</width>
    <datatype>String</datatype>
    <columntype>String</columntype>
    <allowsorting>false</allowsorting>
    <allowpaging>false</allowpaging>
    <format>
    </format>
    <isvisible>n</isvisible>
    <mustshow>n</mustshow>
    <musthide>n</musthide>
    <maxlength>0</maxlength>
    <isallowsearch>n</isallowsearch>
    <isconditional>n</isconditional>
    <isallowlink>n</isallowlink>
    <islinkactionurl>
    </islinkactionurl>
    <islinkparamfield>
    </islinkparamfield>
    <ischeckbox>n</ischeckbox>
    <checkboxparamfield>
    </checkboxparamfield>
    <iscontrol>n</iscontrol>
    <controltype>
    </controltype>
    <controlparamfield>
    </controlparamfield>
    <displaytext>
    </displaytext>
    <editactionurl>
    </editactionurl>
    <editparamfield>
    </editparamfield>
    <deleteactionurl>
    </deleteactionurl>
    <deleteparamfield>
    </deleteparamfield>
    <viewactionurl>
    </viewactionurl>
    <viewparamfield>
    </viewparamfield>
    <imageactionurl>
    </imageactionurl>
    <imageparamfield>
    </imageparamfield>
    <manageactionurl>
    </manageactionurl>
    <manageparamfield>
    </manageparamfield>
    <copyactionurl>
    </copyactionurl>
    <copyparamfield>
    </copyparamfield>
    <xaxis>n</xaxis>
    <yaxis>n</yaxis>
    <isadvancesearch>n</isadvancesearch>
    <Class>
    </Class>
    <SearchControlType>--Select--</SearchControlType>
    <SearchControlParameters>
    </SearchControlParameters>
    <DbParamField>
    </DbParamField>
    <useMode>DataBase</useMode>
    <IsGraph>n</IsGraph>
    <allowdetailview>n</allowdetailview>
  </column>
  <column>
    <id>18</id>
    <name>Image</name>
    <headertext>Image</headertext>
    <width>0</width>
    <datatype>String</datatype>
    <columntype>String</columntype>
    <allowsorting>false</allowsorting>
    <allowpaging>false</allowpaging>
    <format>
    </format>
    <isvisible>y</isvisible>
    <mustshow>n</mustshow>
    <musthide>n</musthide>
    <maxlength>0</maxlength>
    <isallowsearch>n</isallowsearch>
    <isconditional>n</isconditional>
    <isallowlink>n</isallowlink>
    <islinkactionurl>
    </islinkactionurl>
    <islinkparamfield>
    </islinkparamfield>
    <ischeckbox>n</ischeckbox>
    <checkboxparamfield>
    </checkboxparamfield>
    <iscontrol>n</iscontrol>
    <controltype>
    </controltype>
    <controlparamfield>
    </controlparamfield>
    <displaytext>
    </displaytext>
    <editactionurl>
    </editactionurl>
    <editparamfield>
    </editparamfield>
    <deleteactionurl>
    </deleteactionurl>
    <deleteparamfield>
    </deleteparamfield>
    <viewactionurl>
    </viewactionurl>
    <viewparamfield>
    </viewparamfield>
    <imageactionurl>
    </imageactionurl>
    <imageparamfield>Path</imageparamfield>
    <manageactionurl>
    </manageactionurl>
    <manageparamfield>
    </manageparamfield>
    <copyactionurl>
    </copyactionurl>
    <copyparamfield>
    </copyparamfield>
    <xaxis>n</xaxis>
    <yaxis>n</yaxis>
    <isadvancesearch>y</isadvancesearch>
    <Class>imageicon</Class>
    <SearchControlType>--Select--</SearchControlType>
    <SearchControlParameters>
    </SearchControlParameters>
    <DbParamField>
    </DbParamField>
    <useMode>DataBase</useMode>
    <IsGraph>n</IsGraph>
    <allowdetailview>n</allowdetailview>
  </column>
</columns>', N'MediaManager', N'MediaManager', N'MediaManager', 0, NULL, NULL, NULL, NULL, 2, CAST(N'2016-02-22 11:30:13.227' AS DateTime), 2, CAST(N'2016-02-22 11:30:13.250' AS DateTime))
INSERT [dbo].[ZnodeApplicationSetting] ([ApplicationSettingId], [GroupName], [ItemName], [Setting], [ViewOptions], [FrontPageName], [FrontObjectName], [IsCompressed], [OrderByFields], [ItemNameWithoutCurrency], [CreatedByName], [ModifiedByName], [CreatedBy], [CreatedDate], [ModifiedBy], [ModifiedDate]) VALUES (8, N'Table', N'ZnodeUserInRole', N'<?xml version="1.0" encoding="utf-16"?><columns><column><id>1</id><name>RoleId</name><headertext></headertext><width>0</width><datatype>String</datatype><columntype>String</columntype><allowsorting>false</allowsorting><allowpaging>false</allowpaging><format></format><isvisible>y</isvisible><mustshow>n</mustshow><musthide>n</musthide><maxlength>0</maxlength><isallowsearch>n</isallowsearch><isconditional>n</isconditional><isallowlink>n</isallowlink><islinkactionurl></islinkactionurl><islinkparamfield></islinkparamfield><ischeckbox>n</ischeckbox><checkboxparamfield></checkboxparamfield><iscontrol>n</iscontrol><controltype></controltype><controlparamfield></controlparamfield><displaytext></displaytext><editactionurl></editactionurl><editparamfield></editparamfield><deleteactionurl></deleteactionurl><deleteparamfield></deleteparamfield><viewactionurl></viewactionurl><viewparamfield></viewparamfield><imageactionurl></imageactionurl><imageparamfield></imageparamfield><manageactionurl></manageactionurl><manageparamfield></manageparamfield><copyactionurl></copyactionurl><copyparamfield></copyparamfield><xaxis>n</xaxis><yaxis>n</yaxis><isadvancesearch>y</isadvancesearch><Class></Class><SearchControlType>--Selet--</SearchControlType><SearchControlParameters></SearchControlParameters><DbParamField></DbParamField><useMode>DataBase</useMode><IsGraph>n</IsGraph><allowdetailview>n</allowdetailview></column><column><id>2</id><name>AccountId</name><headertext></headertext><width>0</width><datatype>String</datatype><columntype>String</columntype><allowsorting>false</allowsorting><allowpaging>false</allowpaging><format></format><isvisible>y</isvisible><mustshow>n</mustshow><musthide>n</musthide><maxlength>0</maxlength><isallowsearch>n</isallowsearch><isconditional>n</isconditional><isallowlink>n</isallowlink><islinkactionurl></islinkactionurl><islinkparamfield></islinkparamfield><ischeckbox>n</ischeckbox><checkboxparamfield></checkboxparamfield><iscontrol>n</iscontrol><controltype></controltype><controlparamfield></controlparamfield><displaytext></displaytext><editactionurl></editactionurl><editparamfield></editparamfield><deleteactionurl></deleteactionurl><deleteparamfield></deleteparamfield><viewactionurl></viewactionurl><viewparamfield></viewparamfield><imageactionurl></imageactionurl><imageparamfield></imageparamfield><manageactionurl></manageactionurl><manageparamfield></manageparamfield><copyactionurl></copyactionurl><copyparamfield></copyparamfield><xaxis>n</xaxis><yaxis>n</yaxis><isadvancesearch>y</isadvancesearch><Class></Class><SearchControlType>--Selet--</SearchControlType><SearchControlParameters></SearchControlParameters><DbParamField></DbParamField><useMode>DataBase</useMode><IsGraph>n</IsGraph><allowdetailview>n</allowdetailview></column><column><id>3</id><name>Delete</name><headertext></headertext><width>0</width><datatype>String</datatype><columntype>String</columntype><allowsorting>false</allowsorting><allowpaging>false</allowpaging><format></format><isvisible>y</isvisible><mustshow>n</mustshow><musthide>n</musthide><maxlength>0</maxlength><isallowsearch>n</isallowsearch><isconditional>n</isconditional><isallowlink>n</isallowlink><islinkactionurl></islinkactionurl><islinkparamfield></islinkparamfield><ischeckbox>n</ischeckbox><checkboxparamfield></checkboxparamfield><iscontrol>n</iscontrol><controltype></controltype><controlparamfield></controlparamfield><displaytext></displaytext><editactionurl></editactionurl><editparamfield></editparamfield><deleteactionurl></deleteactionurl><deleteparamfield></deleteparamfield><viewactionurl></viewactionurl><viewparamfield></viewparamfield><imageactionurl></imageactionurl><imageparamfield></imageparamfield><manageactionurl></manageactionurl><manageparamfield></manageparamfield><copyactionurl></copyactionurl><copyparamfield></copyparamfield><xaxis>n</xaxis><yaxis>n</yaxis><isadvancesearch>y</isadvancesearch><Class></Class><SearchControlType>--Selet--</SearchControlType><SearchControlParameters></SearchControlParameters><DbParamField></DbParamField><useMode>DataBase</useMode><IsGraph>n</IsGraph><allowdetailview>n</allowdetailview></column><column><id>4</id><name>Copy</name><headertext></headertext><width>0</width><datatype>String</datatype><columntype>String</columntype><allowsorting>false</allowsorting><allowpaging>false</allowpaging><format></format><isvisible>y</isvisible><mustshow>n</mustshow><musthide>n</musthide><maxlength>0</maxlength><isallowsearch>n</isallowsearch><isconditional>n</isconditional><isallowlink>n</isallowlink><islinkactionurl></islinkactionurl><islinkparamfield></islinkparamfield><ischeckbox>n</ischeckbox><checkboxparamfield></checkboxparamfield><iscontrol>n</iscontrol><controltype></controltype><controlparamfield></controlparamfield><displaytext></displaytext><editactionurl></editactionurl><editparamfield></editparamfield><deleteactionurl></deleteactionurl><deleteparamfield></deleteparamfield><viewactionurl></viewactionurl><viewparamfield></viewparamfield><imageactionurl></imageactionurl><imageparamfield></imageparamfield><manageactionurl></manageactionurl><manageparamfield></manageparamfield><copyactionurl></copyactionurl><copyparamfield></copyparamfield><xaxis>n</xaxis><yaxis>n</yaxis><isadvancesearch>y</isadvancesearch><Class></Class><SearchControlType>--Selet--</SearchControlType><SearchControlParameters></SearchControlParameters><DbParamField></DbParamField><useMode>DataBase</useMode><IsGraph>n</IsGraph><allowdetailview>n</allowdetailview></column></columns>', N'testDemo', N'testDemo', N'testDemo', 0, NULL, NULL, NULL, NULL, 2, CAST(N'2016-02-22 11:30:13.227' AS DateTime), 2, CAST(N'2016-02-22 11:30:13.250' AS DateTime))
INSERT [dbo].[ZnodeApplicationSetting] ([ApplicationSettingId], [GroupName], [ItemName], [Setting], [ViewOptions], [FrontPageName], [FrontObjectName], [IsCompressed], [OrderByFields], [ItemNameWithoutCurrency], [CreatedByName], [ModifiedByName], [CreatedBy], [CreatedDate], [ModifiedBy], [ModifiedDate]) VALUES (9, N'Table', N'ZnodeMenu', N'<?xml version="1.0" encoding="utf-16"?>
<columns>
  <column>
    <id>1</id>
    <name>MenuId</name>
    <headertext>Checkbox</headertext>
    <width>10</width>
    <datatype>String</datatype>
    <columntype>String</columntype>
    <allowsorting>true</allowsorting>
    <allowpaging>true</allowpaging>
    <format>
    </format>
    <isvisible>y</isvisible>
    <mustshow>n</mustshow>
    <musthide>n</musthide>
    <maxlength>0</maxlength>
    <isallowsearch>y</isallowsearch>
    <isconditional>y</isconditional>
    <isallowlink>n</isallowlink>
    <islinkactionurl>
    </islinkactionurl>
    <islinkparamfield>Id</islinkparamfield>
    <ischeckbox>y</ischeckbox>
    <checkboxparamfield>
    </checkboxparamfield>
    <iscontrol>n</iscontrol>
    <controltype>
    </controltype>
    <controlparamfield>
    </controlparamfield>
    <displaytext> Id</displaytext>
    <editactionurl>
    </editactionurl>
    <editparamfield>
    </editparamfield>
    <deleteactionurl>
    </deleteactionurl>
    <deleteparamfield>
    </deleteparamfield>
    <viewactionurl>
    </viewactionurl>
    <viewparamfield>
    </viewparamfield>
    <imageactionurl>
    </imageactionurl>
    <imageparamfield>
    </imageparamfield>
    <manageactionurl>
    </manageactionurl>
    <manageparamfield>
    </manageparamfield>
    <copyactionurl>
    </copyactionurl>
    <copyparamfield>
    </copyparamfield>
    <xaxis>n</xaxis>
    <yaxis>n</yaxis>
    <isadvancesearch>n</isadvancesearch>
    <Class>
    </Class>
    <SearchControlType>--Select--</SearchControlType>
    <SearchControlParameters>
    </SearchControlParameters>
    <DbParamField>
    </DbParamField>
    <useMode>DataBase</useMode>
    <IsGraph>n</IsGraph>
    <allowdetailview>n</allowdetailview>
  </column>
  <column>
    <id>2</id>
    <name>MenuName</name>
    <headertext>Menu Name</headertext>
    <width>50</width>
    <datatype>String</datatype>
    <columntype>String</columntype>
    <allowsorting>true</allowsorting>
    <allowpaging>true</allowpaging>
    <format>
    </format>
    <isvisible>y</isvisible>
    <mustshow>n</mustshow>
    <musthide>n</musthide>
    <maxlength>0</maxlength>
    <isallowsearch>y</isallowsearch>
    <isconditional>y</isconditional>
    <isallowlink>n</isallowlink>
    <islinkactionurl>
    </islinkactionurl>
    <islinkparamfield>Id</islinkparamfield>
    <ischeckbox>n</ischeckbox>
    <checkboxparamfield>Id</checkboxparamfield>
    <iscontrol>n</iscontrol>
    <controltype>
    </controltype>
    <controlparamfield>
    </controlparamfield>
    <displaytext>Menu Name</displaytext>
    <editactionurl>
    </editactionurl>
    <editparamfield>
    </editparamfield>
    <deleteactionurl>
    </deleteactionurl>
    <deleteparamfield>
    </deleteparamfield>
    <viewactionurl>
    </viewactionurl>
    <viewparamfield>
    </viewparamfield>
    <imageactionurl>
    </imageactionurl>
    <imageparamfield>
    </imageparamfield>
    <manageactionurl>
    </manageactionurl>
    <manageparamfield>
    </manageparamfield>
    <copyactionurl>
    </copyactionurl>
    <copyparamfield>
    </copyparamfield>
    <xaxis>n</xaxis>
    <yaxis>n</yaxis>
    <isadvancesearch>y</isadvancesearch>
    <Class>
    </Class>
    <SearchControlType>--Select--</SearchControlType>
    <SearchControlParameters>
    </SearchControlParameters>
    <DbParamField>
    </DbParamField>
    <useMode>DataBase</useMode>
    <IsGraph>n</IsGraph>
    <allowdetailview>n</allowdetailview>
  </column>
  <column>
    <id>3</id>
    <name>ParentMenuid</name>
    <headertext>Parent Menu Id</headertext>
    <width>10</width>
    <datatype>String</datatype>
    <columntype>String</columntype>
    <allowsorting>true</allowsorting>
    <allowpaging>true</allowpaging>
    <format>
    </format>
    <isvisible>n</isvisible>
    <mustshow>n</mustshow>
    <musthide>n</musthide>
    <maxlength>0</maxlength>
    <isallowsearch>y</isallowsearch>
    <isconditional>y</isconditional>
    <isallowlink>n</isallowlink>
    <islinkactionurl>
    </islinkactionurl>
    <islinkparamfield>Id</islinkparamfield>
    <ischeckbox>n</ischeckbox>
    <checkboxparamfield>Id</checkboxparamfield>
    <iscontrol>n</iscontrol>
    <controltype>
    </controltype>
    <controlparamfield>
    </controlparamfield>
    <displaytext>Parent Menu Id</displaytext>
    <editactionurl>
    </editactionurl>
    <editparamfield>
    </editparamfield>
    <deleteactionurl>
    </deleteactionurl>
    <deleteparamfield>
    </deleteparamfield>
    <viewactionurl>
    </viewactionurl>
    <viewparamfield>
    </viewparamfield>
    <imageactionurl>
    </imageactionurl>
    <imageparamfield>
    </imageparamfield>
    <manageactionurl>
    </manageactionurl>
    <manageparamfield>
    </manageparamfield>
    <copyactionurl>
    </copyactionurl>
    <copyparamfield>
    </copyparamfield>
    <xaxis>n</xaxis>
    <yaxis>n</yaxis>
    <isadvancesearch>n</isadvancesearch>
    <Class>
    </Class>
    <SearchControlType>--Select--</SearchControlType>
    <SearchControlParameters>
    </SearchControlParameters>
    <DbParamField>
    </DbParamField>
    <useMode>DataBase</useMode>
    <IsGraph>n</IsGraph>
    <allowdetailview>n</allowdetailview>
  </column>
  <column>
    <id>4</id>
    <name>MenuSequence</name>
    <headertext>Menu Sequence</headertext>
    <width>10</width>
    <datatype>String</datatype>
    <columntype>String</columntype>
    <allowsorting>true</allowsorting>
    <allowpaging>true</allowpaging>
    <format>
    </format>
    <isvisible>n</isvisible>
    <mustshow>n</mustshow>
    <musthide>n</musthide>
    <maxlength>0</maxlength>
    <isallowsearch>y</isallowsearch>
    <isconditional>y</isconditional>
    <isallowlink>n</isallowlink>
    <islinkactionurl>
    </islinkactionurl>
    <islinkparamfield>Id</islinkparamfield>
    <ischeckbox>n</ischeckbox>
    <checkboxparamfield>Id</checkboxparamfield>
    <iscontrol>n</iscontrol>
    <controltype>
    </controltype>
    <controlparamfield>
    </controlparamfield>
    <displaytext>Menu Sequence</displaytext>
    <editactionurl>
    </editactionurl>
    <editparamfield>
    </editparamfield>
    <deleteactionurl>
    </deleteactionurl>
    <deleteparamfield>
    </deleteparamfield>
    <viewactionurl>
    </viewactionurl>
    <viewparamfield>
    </viewparamfield>
    <imageactionurl>
    </imageactionurl>
    <imageparamfield>
    </imageparamfield>
    <manageactionurl>
    </manageactionurl>
    <manageparamfield>
    </manageparamfield>
    <copyactionurl>
    </copyactionurl>
    <copyparamfield>
    </copyparamfield>
    <xaxis>n</xaxis>
    <yaxis>n</yaxis>
    <isadvancesearch>n</isadvancesearch>
    <Class>
    </Class>
    <SearchControlType>--Select--</SearchControlType>
    <SearchControlParameters>
    </SearchControlParameters>
    <DbParamField>
    </DbParamField>
    <useMode>DataBase</useMode>
    <IsGraph>n</IsGraph>
    <allowdetailview>n</allowdetailview>
  </column>
  <column>
    <id>5</id>
    <name>ControllerName</name>
    <headertext>Controller Name</headertext>
    <width>50</width>
    <datatype>String</datatype>
    <columntype>String</columntype>
    <allowsorting>true</allowsorting>
    <allowpaging>true</allowpaging>
    <format>
    </format>
    <isvisible>y</isvisible>
    <mustshow>n</mustshow>
    <musthide>n</musthide>
    <maxlength>0</maxlength>
    <isallowsearch>y</isallowsearch>
    <isconditional>y</isconditional>
    <isallowlink>n</isallowlink>
    <islinkactionurl>
    </islinkactionurl>
    <islinkparamfield>Id</islinkparamfield>
    <ischeckbox>n</ischeckbox>
    <checkboxparamfield>Id</checkboxparamfield>
    <iscontrol>n</iscontrol>
    <controltype>
    </controltype>
    <controlparamfield>
    </controlparamfield>
    <displaytext>Controller Name</displaytext>
    <editactionurl>
    </editactionurl>
    <editparamfield>
    </editparamfield>
    <deleteactionurl>
    </deleteactionurl>
    <deleteparamfield>
    </deleteparamfield>
    <viewactionurl>
    </viewactionurl>
    <viewparamfield>
    </viewparamfield>
    <imageactionurl>
    </imageactionurl>
    <imageparamfield>
    </imageparamfield>
    <manageactionurl>
    </manageactionurl>
    <manageparamfield>
    </manageparamfield>
    <copyactionurl>
    </copyactionurl>
    <copyparamfield>
    </copyparamfield>
    <xaxis>n</xaxis>
    <yaxis>n</yaxis>
    <isadvancesearch>y</isadvancesearch>
    <Class>
    </Class>
    <SearchControlType>--Select--</SearchControlType>
    <SearchControlParameters>
    </SearchControlParameters>
    <DbParamField>
    </DbParamField>
    <useMode>DataBase</useMode>
    <IsGraph>n</IsGraph>
    <allowdetailview>n</allowdetailview>
  </column>
  <column>
    <id>6</id>
    <name>ActionName</name>
    <headertext>Action Name</headertext>
    <width>50</width>
    <datatype>String</datatype>
    <columntype>String</columntype>
    <allowsorting>true</allowsorting>
    <allowpaging>true</allowpaging>
    <format>
    </format>
    <isvisible>y</isvisible>
    <mustshow>n</mustshow>
    <musthide>n</musthide>
    <maxlength>0</maxlength>
    <isallowsearch>y</isallowsearch>
    <isconditional>y</isconditional>
    <isallowlink>n</isallowlink>
    <islinkactionurl>
    </islinkactionurl>
    <islinkparamfield>Id</islinkparamfield>
    <ischeckbox>n</ischeckbox>
    <checkboxparamfield>Id</checkboxparamfield>
    <iscontrol>n</iscontrol>
    <controltype>
    </controltype>
    <controlparamfield>
    </controlparamfield>
    <displaytext>Action Name</displaytext>
    <editactionurl>
    </editactionurl>
    <editparamfield>
    </editparamfield>
    <deleteactionurl>
    </deleteactionurl>
    <deleteparamfield>
    </deleteparamfield>
    <viewactionurl>
    </viewactionurl>
    <viewparamfield>
    </viewparamfield>
    <imageactionurl>
    </imageactionurl>
    <imageparamfield>
    </imageparamfield>
    <manageactionurl>
    </manageactionurl>
    <manageparamfield>
    </manageparamfield>
    <copyactionurl>
    </copyactionurl>
    <copyparamfield>
    </copyparamfield>
    <xaxis>n</xaxis>
    <yaxis>n</yaxis>
    <isadvancesearch>y</isadvancesearch>
    <Class>
    </Class>
    <SearchControlType>--Select--</SearchControlType>
    <SearchControlParameters>
    </SearchControlParameters>
    <DbParamField>
    </DbParamField>
    <useMode>DataBase</useMode>
    <IsGraph>n</IsGraph>
    <allowdetailview>n</allowdetailview>
  </column>
  <column>
    <id>7</id>
    <name>IsActive</name>
    <headertext>Is Active</headertext>
    <width>50</width>
    <datatype>Boolean</datatype>
    <columntype>Boolean</columntype>
    <allowsorting>true</allowsorting>
    <allowpaging>true</allowpaging>
    <format>
    </format>
    <isvisible>y</isvisible>
    <mustshow>n</mustshow>
    <musthide>n</musthide>
    <maxlength>0</maxlength>
    <isallowsearch>n</isallowsearch>
    <isconditional>n</isconditional>
    <isallowlink>n</isallowlink>
    <islinkactionurl>
    </islinkactionurl>
    <islinkparamfield>
    </islinkparamfield>
    <ischeckbox>n</ischeckbox>
    <checkboxparamfield>Id</checkboxparamfield>
    <iscontrol>n</iscontrol>
    <controltype>
    </controltype>
    <controlparamfield>
    </controlparamfield>
    <displaytext>Is Active</displaytext>
    <editactionurl>
    </editactionurl>
    <editparamfield>
    </editparamfield>
    <deleteactionurl>
    </deleteactionurl>
    <deleteparamfield>
    </deleteparamfield>
    <viewactionurl>
    </viewactionurl>
    <viewparamfield>
    </viewparamfield>
    <imageactionurl>
    </imageactionurl>
    <imageparamfield>
    </imageparamfield>
    <manageactionurl>
    </manageactionurl>
    <manageparamfield>
    </manageparamfield>
    <copyactionurl>
    </copyactionurl>
    <copyparamfield>
    </copyparamfield>
    <xaxis>n</xaxis>
    <yaxis>n</yaxis>
    <isadvancesearch>y</isadvancesearch>
    <Class>
    </Class>
    <SearchControlType>--Select--</SearchControlType>
    <SearchControlParameters>
    </SearchControlParameters>
    <DbParamField>
    </DbParamField>
    <useMode>DataBase</useMode>
    <IsGraph>n</IsGraph>
    <allowdetailview>n</allowdetailview>
  </column>
  <column>
    <id>8</id>
    <name>Manage</name>
    <headertext>Manage</headertext>
    <width>50</width>
    <datatype>String</datatype>
    <columntype>String</columntype>
    <allowsorting>false</allowsorting>
    <allowpaging>true</allowpaging>
    <format>Edit|Delete</format>
    <isvisible>y</isvisible>
    <mustshow>n</mustshow>
    <musthide>y</musthide>
    <maxlength>0</maxlength>
    <isallowsearch>n</isallowsearch>
    <isconditional>y</isconditional>
    <isallowlink>n</isallowlink>
    <islinkactionurl>
    </islinkactionurl>
    <islinkparamfield>Id</islinkparamfield>
    <ischeckbox>n</ischeckbox>
    <checkboxparamfield>Id</checkboxparamfield>
    <iscontrol>n</iscontrol>
    <controltype>
    </controltype>
    <controlparamfield>
    </controlparamfield>
    <displaytext>Edit|Delete</displaytext>
    <editactionurl>
    </editactionurl>
    <editparamfield>
    </editparamfield>
    <deleteactionurl>
    </deleteactionurl>
    <deleteparamfield>
    </deleteparamfield>
    <viewactionurl>
    </viewactionurl>
    <viewparamfield>
    </viewparamfield>
    <imageactionurl>
    </imageactionurl>
    <imageparamfield>
    </imageparamfield>
    <manageactionurl>/RoleAndAccessRight/EditMenu|/RoleAndAccessRight/DeleteMenu</manageactionurl>
    <manageparamfield>menuId|menuId</manageparamfield>
    <copyactionurl>
    </copyactionurl>
    <copyparamfield>
    </copyparamfield>
    <xaxis>n</xaxis>
    <yaxis>n</yaxis>
    <isadvancesearch>y</isadvancesearch>
    <Class>grid-action</Class>
    <SearchControlType>--Select--</SearchControlType>
    <SearchControlParameters>
    </SearchControlParameters>
    <DbParamField>
    </DbParamField>
    <useMode>DataBase</useMode>
    <IsGraph>n</IsGraph>
    <allowdetailview>n</allowdetailview>
  </column>
</columns>', N'grid', N'grid', N'grid', 0, NULL, NULL, NULL, NULL, 2, CAST(N'2016-02-22 11:30:13.227' AS DateTime), 2, CAST(N'2016-04-21 06:20:36.747' AS DateTime))
INSERT [dbo].[ZnodeApplicationSetting] ([ApplicationSettingId], [GroupName], [ItemName], [Setting], [ViewOptions], [FrontPageName], [FrontObjectName], [IsCompressed], [OrderByFields], [ItemNameWithoutCurrency], [CreatedByName], [ModifiedByName], [CreatedBy], [CreatedDate], [ModifiedBy], [ModifiedDate]) VALUES (10, N'View', N'View_GetMediaPathDetail', N'<?xml version="1.0" encoding="utf-16"?>
<columns>
  <column>
    <id>1</id>
    <name>MediaId</name>
    <headertext>Checkbox</headertext>
    <width>50</width>
    <datatype>String</datatype>
    <columntype>Int32</columntype>
    <allowsorting>false</allowsorting>
    <allowpaging>false</allowpaging>
    <format>
    </format>
    <isvisible>y</isvisible>
    <mustshow>y</mustshow>
    <musthide>n</musthide>
    <maxlength>0</maxlength>
    <isallowsearch>n</isallowsearch>
    <isconditional>n</isconditional>
    <isallowlink>n</isallowlink>
    <islinkactionurl>
    </islinkactionurl>
    <islinkparamfield>MediaId</islinkparamfield>
    <ischeckbox>y</ischeckbox>
    <checkboxparamfield>MediaId</checkboxparamfield>
    <iscontrol>n</iscontrol>
    <controltype>
    </controltype>
    <controlparamfield>
    </controlparamfield>
    <displaytext>
    </displaytext>
    <editactionurl>
    </editactionurl>
    <editparamfield>
    </editparamfield>
    <deleteactionurl>
    </deleteactionurl>
    <deleteparamfield>
    </deleteparamfield>
    <viewactionurl>
    </viewactionurl>
    <viewparamfield>
    </viewparamfield>
    <imageactionurl>
    </imageactionurl>
    <imageparamfield>
    </imageparamfield>
    <manageactionurl>
    </manageactionurl>
    <manageparamfield>
    </manageparamfield>
    <copyactionurl>
    </copyactionurl>
    <copyparamfield>
    </copyparamfield>
    <xaxis>n</xaxis>
    <yaxis>n</yaxis>
    <isadvancesearch>y</isadvancesearch>
    <Class>
    </Class>
    <SearchControlType>--Select--</SearchControlType>
    <SearchControlParameters>
    </SearchControlParameters>
    <DbParamField>
    </DbParamField>
    <useMode>DataBase</useMode>
    <IsGraph>n</IsGraph>
    <allowdetailview>n</allowdetailview>
  </column>
  <column>
    <id>2</id>
    <name>Image</name>
    <headertext>Media</headertext>
    <width>0</width>
    <datatype>String</datatype>
    <columntype>String</columntype>
    <allowsorting>false</allowsorting>
    <allowpaging>false</allowpaging>
    <format>Edit</format>
    <isvisible>y</isvisible>
    <mustshow>n</mustshow>
    <musthide>n</musthide>
    <maxlength>0</maxlength>
    <isallowsearch>n</isallowsearch>
    <isconditional>n</isconditional>
    <isallowlink>n</isallowlink>
    <islinkactionurl>
    </islinkactionurl>
    <islinkparamfield>
    </islinkparamfield>
    <ischeckbox>n</ischeckbox>
    <checkboxparamfield>MediaId</checkboxparamfield>
    <iscontrol>n</iscontrol>
    <controltype>
    </controltype>
    <controlparamfield>
    </controlparamfield>
    <displaytext>Edit</displaytext>
    <editactionurl>
    </editactionurl>
    <editparamfield>
    </editparamfield>
    <deleteactionurl>
    </deleteactionurl>
    <deleteparamfield>
    </deleteparamfield>
    <viewactionurl>
    </viewactionurl>
    <viewparamfield>
    </viewparamfield>
    <imageactionurl>
    </imageactionurl>
    <imageparamfield>Path,FileName</imageparamfield>
    <manageactionurl>/MediaManager/MediaManager/GetMediaAttributeValues</manageactionurl>
    <manageparamfield>MediaId</manageparamfield>
    <copyactionurl>
    </copyactionurl>
    <copyparamfield>
    </copyparamfield>
    <xaxis>n</xaxis>
    <yaxis>n</yaxis>
    <isadvancesearch>y</isadvancesearch>
    <Class>imageicon</Class>
    <SearchControlType>--Select--</SearchControlType>
    <SearchControlParameters>
    </SearchControlParameters>
    <DbParamField>
    </DbParamField>
    <useMode>DataBase</useMode>
    <IsGraph>n</IsGraph>
    <allowdetailview>n</allowdetailview>
  </column>
  <column>
    <id>3</id>
    <name>FileName</name>
    <headertext>File Name</headertext>
    <width>50</width>
    <datatype>String</datatype>
    <columntype>String</columntype>
    <allowsorting>true</allowsorting>
    <allowpaging>true</allowpaging>
    <format>
    </format>
    <isvisible>y</isvisible>
    <mustshow>y</mustshow>
    <musthide>n</musthide>
    <maxlength>0</maxlength>
    <isallowsearch>y</isallowsearch>
    <isconditional>y</isconditional>
    <isallowlink>n</isallowlink>
    <islinkactionurl>/MediaManager/MediaManager/GetMediaAttributeValues</islinkactionurl>
    <islinkparamfield>MediaId</islinkparamfield>
    <ischeckbox>n</ischeckbox>
    <checkboxparamfield>MediaId</checkboxparamfield>
    <iscontrol>n</iscontrol>
    <controltype>
    </controltype>
    <controlparamfield>
    </controlparamfield>
    <displaytext>
    </displaytext>
    <editactionurl>
    </editactionurl>
    <editparamfield>
    </editparamfield>
    <deleteactionurl>
    </deleteactionurl>
    <deleteparamfield>
    </deleteparamfield>
    <viewactionurl>
    </viewactionurl>
    <viewparamfield>
    </viewparamfield>
    <imageactionurl>
    </imageactionurl>
    <imageparamfield>
    </imageparamfield>
    <manageactionurl>
    </manageactionurl>
    <manageparamfield>
    </manageparamfield>
    <copyactionurl>
    </copyactionurl>
    <copyparamfield>
    </copyparamfield>
    <xaxis>n</xaxis>
    <yaxis>n</yaxis>
    <isadvancesearch>y</isadvancesearch>
    <Class>
    </Class>
    <SearchControlType>--Select--</SearchControlType>
    <SearchControlParameters>
    </SearchControlParameters>
    <DbParamField>
    </DbParamField>
    <useMode>DataBase</useMode>
    <IsGraph>n</IsGraph>
    <allowdetailview>y</allowdetailview>
  </column>
  <column>
    <id>4</id>
    <name>MediaType</name>
    <headertext>File Type</headertext>
    <width>50</width>
    <datatype>String</datatype>
    <columntype>String</columntype>
    <allowsorting>true</allowsorting>
    <allowpaging>true</allowpaging>
    <format>
    </format>
    <isvisible>y</isvisible>
    <mustshow>n</mustshow>
    <musthide>n</musthide>
    <maxlength>0</maxlength>
    <isallowsearch>y</isallowsearch>
    <isconditional>y</isconditional>
    <isallowlink>n</isallowlink>
    <islinkactionurl>
    </islinkactionurl>
    <islinkparamfield>MediaId</islinkparamfield>
    <ischeckbox>n</ischeckbox>
    <checkboxparamfield>MediaId</checkboxparamfield>
    <iscontrol>n</iscontrol>
    <controltype>
    </controltype>
    <controlparamfield>
    </controlparamfield>
    <displaytext>
    </displaytext>
    <editactionurl>
    </editactionurl>
    <editparamfield>
    </editparamfield>
    <deleteactionurl>
    </deleteactionurl>
    <deleteparamfield>
    </deleteparamfield>
    <viewactionurl>
    </viewactionurl>
    <viewparamfield>
    </viewparamfield>
    <imageactionurl>
    </imageactionurl>
    <imageparamfield>
    </imageparamfield>
    <manageactionurl>
    </manageactionurl>
    <manageparamfield>
    </manageparamfield>
    <copyactionurl>
    </copyactionurl>
    <copyparamfield>
    </copyparamfield>
    <xaxis>n</xaxis>
    <yaxis>n</yaxis>
    <isadvancesearch>n</isadvancesearch>
    <Class>
    </Class>
    <SearchControlType>--Select--</SearchControlType>
    <SearchControlParameters>
    </SearchControlParameters>
    <DbParamField>
    </DbParamField>
    <useMode>DataBase</useMode>
    <IsGraph>n</IsGraph>
    <allowdetailview>n</allowdetailview>
  </column>
  <column>
    <id>5</id>
    <name>Size</name>
    <headertext>Size</headertext>
    <width>50</width>
    <datatype>String</datatype>
    <columntype>String</columntype>
    <allowsorting>true</allowsorting>
    <allowpaging>true</allowpaging>
    <format>
    </format>
    <isvisible>y</isvisible>
    <mustshow>n</mustshow>
    <musthide>n</musthide>
    <maxlength>0</maxlength>
    <isallowsearch>n</isallowsearch>
    <isconditional>y</isconditional>
    <isallowlink>n</isallowlink>
    <islinkactionurl>
    </islinkactionurl>
    <islinkparamfield>MediaId</islinkparamfield>
    <ischeckbox>n</ischeckbox>
    <checkboxparamfield>MediaId</checkboxparamfield>
    <iscontrol>n</iscontrol>
    <controltype>
    </controltype>
    <controlparamfield>
    </controlparamfield>
    <displaytext>
    </displaytext>
    <editactionurl>
    </editactionurl>
    <editparamfield>
    </editparamfield>
    <deleteactionurl>
    </deleteactionurl>
    <deleteparamfield>
    </deleteparamfield>
    <viewactionurl>
    </viewactionurl>
    <viewparamfield>
    </viewparamfield>
    <imageactionurl>
    </imageactionurl>
    <imageparamfield>
    </imageparamfield>
    <manageactionurl>
    </manageactionurl>
    <manageparamfield>
    </manageparamfield>
    <copyactionurl>
    </copyactionurl>
    <copyparamfield>
    </copyparamfield>
    <xaxis>n</xaxis>
    <yaxis>n</yaxis>
    <isadvancesearch>n</isadvancesearch>
    <Class>
    </Class>
    <SearchControlType>--Select--</SearchControlType>
    <SearchControlParameters>
    </SearchControlParameters>
    <DbParamField>
    </DbParamField>
    <useMode>DataBase</useMode>
    <IsGraph>n</IsGraph>
    <allowdetailview>n</allowdetailview>
  </column>
  <column>
    <id>6</id>
    <name>Folder</name>
    <headertext>Folder</headertext>
    <width>50</width>
    <datatype>String</datatype>
    <columntype>String</columntype>
    <allowsorting>true</allowsorting>
    <allowpaging>true</allowpaging>
    <format>
    </format>
    <isvisible>y</isvisible>
    <mustshow>n</mustshow>
    <musthide>n</musthide>
    <maxlength>0</maxlength>
    <isallowsearch>y</isallowsearch>
    <isconditional>y</isconditional>
    <isallowlink>n</isallowlink>
    <islinkactionurl>
    </islinkactionurl>
    <islinkparamfield>MediaId</islinkparamfield>
    <ischeckbox>n</ischeckbox>
    <checkboxparamfield>MediaId</checkboxparamfield>
    <iscontrol>n</iscontrol>
    <controltype>
    </controltype>
    <controlparamfield>
    </controlparamfield>
    <displaytext>
    </displaytext>
    <editactionurl>
    </editactionurl>
    <editparamfield>
    </editparamfield>
    <deleteactionurl>
    </deleteactionurl>
    <deleteparamfield>
    </deleteparamfield>
    <viewactionurl>
    </viewactionurl>
    <viewparamfield>
    </viewparamfield>
    <imageactionurl>
    </imageactionurl>
    <imageparamfield>
    </imageparamfield>
    <manageactionurl>
    </manageactionurl>
    <manageparamfield>
    </manageparamfield>
    <copyactionurl>
    </copyactionurl>
    <copyparamfield>
    </copyparamfield>
    <xaxis>n</xaxis>
    <yaxis>n</yaxis>
    <isadvancesearch>n</isadvancesearch>
    <Class>
    </Class>
    <SearchControlType>--Select--</SearchControlType>
    <SearchControlParameters>
    </SearchControlParameters>
    <DbParamField>
    </DbParamField>
    <useMode>DataBase</useMode>
    <IsGraph>n</IsGraph>
    <allowdetailview>n</allowdetailview>
  </column>
  <column>
    <id>7</id>
    <name>CreatedDate</name>
    <headertext>Created</headertext>
    <width>0</width>
    <datatype>String</datatype>
    <columntype>String</columntype>
    <allowsorting>true</allowsorting>
    <allowpaging>true</allowpaging>
    <format>
    </format>
    <isvisible>y</isvisible>
    <mustshow>n</mustshow>
    <musthide>n</musthide>
    <maxlength>0</maxlength>
    <isallowsearch>y</isallowsearch>
    <isconditional>y</isconditional>
    <isallowlink>n</isallowlink>
    <islinkactionurl>
    </islinkactionurl>
    <islinkparamfield>MediaId</islinkparamfield>
    <ischeckbox>n</ischeckbox>
    <checkboxparamfield>MediaId</checkboxparamfield>
    <iscontrol>n</iscontrol>
    <controltype>
    </controltype>
    <controlparamfield>
    </controlparamfield>
    <displaytext>
    </displaytext>
    <editactionurl>
    </editactionurl>
    <editparamfield>
    </editparamfield>
    <deleteactionurl>
    </deleteactionurl>
    <deleteparamfield>
    </deleteparamfield>
    <viewactionurl>
    </viewactionurl>
    <viewparamfield>
    </viewparamfield>
    <imageactionurl>
    </imageactionurl>
    <imageparamfield>
    </imageparamfield>
    <manageactionurl>
    </manageactionurl>
    <manageparamfield>
    </manageparamfield>
    <copyactionurl>
    </copyactionurl>
    <copyparamfield>
    </copyparamfield>
    <xaxis>n</xaxis>
    <yaxis>n</yaxis>
    <isadvancesearch>n</isadvancesearch>
    <Class>
    </Class>
    <SearchControlType>--Select--</SearchControlType>
    <SearchControlParameters>
    </SearchControlParameters>
    <DbParamField>
    </DbParamField>
    <useMode>DataBase</useMode>
    <IsGraph>n</IsGraph>
    <allowdetailview>n</allowdetailview>
  </column>
  <column>
    <id>8</id>
    <name>ModifiedDate</name>
    <headertext>Modified</headertext>
    <width>0</width>
    <datatype>String</datatype>
    <columntype>String</columntype>
    <allowsorting>true</allowsorting>
    <allowpaging>true</allowpaging>
    <format>
    </format>
    <isvisible>y</isvisible>
    <mustshow>n</mustshow>
    <musthide>n</musthide>
    <maxlength>0</maxlength>
    <isallowsearch>y</isallowsearch>
    <isconditional>y</isconditional>
    <isallowlink>n</isallowlink>
    <islinkactionurl>
    </islinkactionurl>
    <islinkparamfield>MediaId</islinkparamfield>
    <ischeckbox>n</ischeckbox>
    <checkboxparamfield>MediaId</checkboxparamfield>
    <iscontrol>n</iscontrol>
    <controltype>
    </controltype>
    <controlparamfield>
    </controlparamfield>
    <displaytext>
    </displaytext>
    <editactionurl>
    </editactionurl>
    <editparamfield>
    </editparamfield>
    <deleteactionurl>
    </deleteactionurl>
    <deleteparamfield>
    </deleteparamfield>
    <viewactionurl>
    </viewactionurl>
    <viewparamfield>
    </viewparamfield>
    <imageactionurl>
    </imageactionurl>
    <imageparamfield>
    </imageparamfield>
    <manageactionurl>
    </manageactionurl>
    <manageparamfield>
    </manageparamfield>
    <copyactionurl>
    </copyactionurl>
    <copyparamfield>
    </copyparamfield>
    <xaxis>n</xaxis>
    <yaxis>n</yaxis>
    <isadvancesearch>n</isadvancesearch>
    <Class>
    </Class>
    <SearchControlType>--Select--</SearchControlType>
    <SearchControlParameters>
    </SearchControlParameters>
    <DbParamField>
    </DbParamField>
    <useMode>DataBase</useMode>
    <IsGraph>n</IsGraph>
    <allowdetailview>n</allowdetailview>
  </column>
  <column>
    <id>9</id>
    <name>Path</name>
    <headertext>Path</headertext>
    <width>50</width>
    <datatype>String</datatype>
    <columntype>String</columntype>
    <allowsorting>true</allowsorting>
    <allowpaging>true</allowpaging>
    <format>
    </format>
    <isvisible>n</isvisible>
    <mustshow>n</mustshow>
    <musthide>n</musthide>
    <maxlength>0</maxlength>
    <isallowsearch>n</isallowsearch>
    <isconditional>n</isconditional>
    <isallowlink>n</isallowlink>
    <islinkactionurl>
    </islinkactionurl>
    <islinkparamfield>
    </islinkparamfield>
    <ischeckbox>n</ischeckbox>
    <checkboxparamfield>
    </checkboxparamfield>
    <iscontrol>n</iscontrol>
    <controltype>
    </controltype>
    <controlparamfield>
    </controlparamfield>
    <displaytext>
    </displaytext>
    <editactionurl>
    </editactionurl>
    <editparamfield>
    </editparamfield>
    <deleteactionurl>
    </deleteactionurl>
    <deleteparamfield>
    </deleteparamfield>
    <viewactionurl>
    </viewactionurl>
    <viewparamfield>
    </viewparamfield>
    <imageactionurl>
    </imageactionurl>
    <imageparamfield>Path</imageparamfield>
    <manageactionurl>
    </manageactionurl>
    <manageparamfield>
    </manageparamfield>
    <copyactionurl>
    </copyactionurl>
    <copyparamfield>
    </copyparamfield>
    <xaxis>n</xaxis>
    <yaxis>n</yaxis>
    <isadvancesearch>n</isadvancesearch>
    <Class>imageicon</Class>
    <SearchControlType>--Select--</SearchControlType>
    <SearchControlParameters>
    </SearchControlParameters>
    <DbParamField>
    </DbParamField>
    <useMode>DataBase</useMode>
    <IsGraph>n</IsGraph>
    <allowdetailview>n</allowdetailview>
  </column>
  <column>
    <id>10</id>
    <name>Manage</name>
    <headertext>Action</headertext>
    <width>50</width>
    <datatype>String</datatype>
    <columntype>String</columntype>
    <allowsorting>false</allowsorting>
    <allowpaging>true</allowpaging>
    <format>Edit</format>
    <isvisible>y</isvisible>
    <mustshow>y</mustshow>
    <musthide>y</musthide>
    <maxlength>0</maxlength>
    <isallowsearch>n</isallowsearch>
    <isconditional>y</isconditional>
    <isallowlink>n</isallowlink>
    <islinkactionurl>
    </islinkactionurl>
    <islinkparamfield>MediaId</islinkparamfield>
    <ischeckbox>n</ischeckbox>
    <checkboxparamfield>
    </checkboxparamfield>
    <iscontrol>n</iscontrol>
    <controltype>
    </controltype>
    <controlparamfield>
    </controlparamfield>
    <displaytext>Edit</displaytext>
    <editactionurl>
    </editactionurl>
    <editparamfield>
    </editparamfield>
    <deleteactionurl>
    </deleteactionurl>
    <deleteparamfield>
    </deleteparamfield>
    <viewactionurl>
    </viewactionurl>
    <viewparamfield>
    </viewparamfield>
    <imageactionurl>
    </imageactionurl>
    <imageparamfield>
    </imageparamfield>
    <manageactionurl>/MediaManager/MediaManager/GetMediaAttributeValues</manageactionurl>
    <manageparamfield>MediaId</manageparamfield>
    <copyactionurl>
    </copyactionurl>
    <copyparamfield>
    </copyparamfield>
    <xaxis>n</xaxis>
    <yaxis>n</yaxis>
    <isadvancesearch>n</isadvancesearch>
    <Class>
    </Class>
    <SearchControlType>--Select--</SearchControlType>
    <SearchControlParameters>
    </SearchControlParameters>
    <DbParamField>
    </DbParamField>
    <useMode>DataBase</useMode>
    <IsGraph>n</IsGraph>
    <allowdetailview>n</allowdetailview>
  </column>
</columns>', N'grid', N'MediaList', N'MediaList', 0, NULL, NULL, NULL, NULL, 0, CAST(N'2016-02-22 11:30:13.227' AS DateTime), 2, CAST(N'2016-05-16 04:58:57.130' AS DateTime))
INSERT [dbo].[ZnodeApplicationSetting] ([ApplicationSettingId], [GroupName], [ItemName], [Setting], [ViewOptions], [FrontPageName], [FrontObjectName], [IsCompressed], [OrderByFields], [ItemNameWithoutCurrency], [CreatedByName], [ModifiedByName], [CreatedBy], [CreatedDate], [ModifiedBy], [ModifiedDate]) VALUES (11, N'Table', N'DemoZnodeMediaAttribute', N'<?xml version="1.0" encoding="utf-16"?>
<columns>
  <column>
    <id>1</id>
    <name>MediaAttributeId</name>
    <headertext>dsd</headertext>
    <width>0</width>
    <datatype>String</datatype>
    <columntype>String</columntype>
    <allowsorting>false</allowsorting>
    <allowpaging>false</allowpaging>
    <format>
    </format>
    <isvisible>y</isvisible>
    <mustshow>n</mustshow>
    <musthide>n</musthide>
    <maxlength>0</maxlength>
    <isallowsearch>n</isallowsearch>
    <isconditional>n</isconditional>
    <isallowlink>n</isallowlink>
    <islinkactionurl>
    </islinkactionurl>
    <islinkparamfield>
    </islinkparamfield>
    <ischeckbox>n</ischeckbox>
    <checkboxparamfield>
    </checkboxparamfield>
    <iscontrol>n</iscontrol>
    <controltype>
    </controltype>
    <controlparamfield>
    </controlparamfield>
    <displaytext>
    </displaytext>
    <editactionurl>
    </editactionurl>
    <editparamfield>
    </editparamfield>
    <deleteactionurl>
    </deleteactionurl>
    <deleteparamfield>
    </deleteparamfield>
    <viewactionurl>
    </viewactionurl>
    <viewparamfield>
    </viewparamfield>
    <imageactionurl>
    </imageactionurl>
    <imageparamfield>
    </imageparamfield>
    <manageactionurl>
    </manageactionurl>
    <manageparamfield>
    </manageparamfield>
    <copyactionurl>
    </copyactionurl>
    <copyparamfield>
    </copyparamfield>
    <xaxis>n</xaxis>
    <yaxis>n</yaxis>
    <isadvancesearch>y</isadvancesearch>
    <Class>
    </Class>
    <SearchControlType>--Select--</SearchControlType>
    <SearchControlParameters>
    </SearchControlParameters>
    <DbParamField>
    </DbParamField>
    <useMode>DataBase</useMode>
    <IsGraph>n</IsGraph>
    <allowdetailview>n</allowdetailview>
  </column>
  <column>
    <id>2</id>
    <name>AttributeTypeId</name>
    <headertext>sd1</headertext>
    <width>0</width>
    <datatype>String</datatype>
    <columntype>String</columntype>
    <allowsorting>false</allowsorting>
    <allowpaging>false</allowpaging>
    <format>
    </format>
    <isvisible>y</isvisible>
    <mustshow>n</mustshow>
    <musthide>n</musthide>
    <maxlength>0</maxlength>
    <isallowsearch>n</isallowsearch>
    <isconditional>n</isconditional>
    <isallowlink>n</isallowlink>
    <islinkactionurl>
    </islinkactionurl>
    <islinkparamfield>
    </islinkparamfield>
    <ischeckbox>n</ischeckbox>
    <checkboxparamfield>
    </checkboxparamfield>
    <iscontrol>n</iscontrol>
    <controltype>
    </controltype>
    <controlparamfield>
    </controlparamfield>
    <displaytext>
    </displaytext>
    <editactionurl>
    </editactionurl>
    <editparamfield>
    </editparamfield>
    <deleteactionurl>
    </deleteactionurl>
    <deleteparamfield>
    </deleteparamfield>
    <viewactionurl>
    </viewactionurl>
    <viewparamfield>
    </viewparamfield>
    <imageactionurl>
    </imageactionurl>
    <imageparamfield>
    </imageparamfield>
    <manageactionurl>
    </manageactionurl>
    <manageparamfield>
    </manageparamfield>
    <copyactionurl>
    </copyactionurl>
    <copyparamfield>
    </copyparamfield>
    <xaxis>y</xaxis>
    <yaxis>n</yaxis>
    <isadvancesearch>y</isadvancesearch>
    <Class>
    </Class>
    <SearchControlType>--Select--</SearchControlType>
    <SearchControlParameters>
    </SearchControlParameters>
    <DbParamField>
    </DbParamField>
    <useMode>DataBase</useMode>
    <IsGraph>n</IsGraph>
    <allowdetailview>n</allowdetailview>
  </column>
  <column>
    <id>3</id>
    <name>MediaAttributeCode</name>
    <headertext>
    </headertext>
    <width>0</width>
    <datatype>String</datatype>
    <columntype>String</columntype>
    <allowsorting>false</allowsorting>
    <allowpaging>false</allowpaging>
    <format>
    </format>
    <isvisible>y</isvisible>
    <mustshow>n</mustshow>
    <musthide>n</musthide>
    <maxlength>0</maxlength>
    <isallowsearch>n</isallowsearch>
    <isconditional>n</isconditional>
    <isallowlink>n</isallowlink>
    <islinkactionurl>
    </islinkactionurl>
    <islinkparamfield>
    </islinkparamfield>
    <ischeckbox>n</ischeckbox>
    <checkboxparamfield>
    </checkboxparamfield>
    <iscontrol>n</iscontrol>
    <controltype>
    </controltype>
    <controlparamfield>
    </controlparamfield>
    <displaytext>
    </displaytext>
    <editactionurl>
    </editactionurl>
    <editparamfield>
    </editparamfield>
    <deleteactionurl>
    </deleteactionurl>
    <deleteparamfield>
    </deleteparamfield>
    <viewactionurl>
    </viewactionurl>
    <viewparamfield>
    </viewparamfield>
    <imageactionurl>
    </imageactionurl>
    <imageparamfield>
    </imageparamfield>
    <manageactionurl>
    </manageactionurl>
    <manageparamfield>
    </manageparamfield>
    <copyactionurl>
    </copyactionurl>
    <copyparamfield>
    </copyparamfield>
    <xaxis>n</xaxis>
    <yaxis>n</yaxis>
    <isadvancesearch>y</isadvancesearch>
    <Class>
    </Class>
    <SearchControlType>--Select--</SearchControlType>
    <SearchControlParameters>
    </SearchControlParameters>
    <DbParamField>
    </DbParamField>
    <useMode>DataBase</useMode>
    <IsGraph>n</IsGraph>
    <allowdetailview>n</allowdetailview>
  </column>
  <column>
    <id>4</id>
    <name>IsRequired</name>
    <headertext>
    </headertext>
    <width>0</width>
    <datatype>String</datatype>
    <columntype>String</columntype>
    <allowsorting>false</allowsorting>
    <allowpaging>false</allowpaging>
    <format>
    </format>
    <isvisible>y</isvisible>
    <mustshow>n</mustshow>
    <musthide>n</musthide>
    <maxlength>0</maxlength>
    <isallowsearch>n</isallowsearch>
    <isconditional>n</isconditional>
    <isallowlink>n</isallowlink>
    <islinkactionurl>
    </islinkactionurl>
    <islinkparamfield>
    </islinkparamfield>
    <ischeckbox>n</ischeckbox>
    <checkboxparamfield>
    </checkboxparamfield>
    <iscontrol>n</iscontrol>
    <controltype>
    </controltype>
    <controlparamfield>
    </controlparamfield>
    <displaytext>
    </displaytext>
    <editactionurl>
    </editactionurl>
    <editparamfield>
    </editparamfield>
    <deleteactionurl>
    </deleteactionurl>
    <deleteparamfield>
    </deleteparamfield>
    <viewactionurl>
    </viewactionurl>
    <viewparamfield>
    </viewparamfield>
    <imageactionurl>
    </imageactionurl>
    <imageparamfield>
    </imageparamfield>
    <manageactionurl>
    </manageactionurl>
    <manageparamfield>
    </manageparamfield>
    <copyactionurl>
    </copyactionurl>
    <copyparamfield>
    </copyparamfield>
    <xaxis>n</xaxis>
    <yaxis>n</yaxis>
    <isadvancesearch>y</isadvancesearch>
    <Class>
    </Class>
    <SearchControlType>--Select--</SearchControlType>
    <SearchControlParameters>
    </SearchControlParameters>
    <DbParamField>
    </DbParamField>
    <useMode>DataBase</useMode>
    <IsGraph>n</IsGraph>
    <allowdetailview>n</allowdetailview>
  </column>
  <column>
    <id>5</id>
    <name>IsLocalizable</name>
    <headertext>
    </headertext>
    <width>0</width>
    <datatype>String</datatype>
    <columntype>String</columntype>
    <allowsorting>false</allowsorting>
    <allowpaging>false</allowpaging>
    <format>
    </format>
    <isvisible>y</isvisible>
    <mustshow>n</mustshow>
    <musthide>n</musthide>
    <maxlength>0</maxlength>
    <isallowsearch>n</isallowsearch>
    <isconditional>n</isconditional>
    <isallowlink>n</isallowlink>
    <islinkactionurl>
    </islinkactionurl>
    <islinkparamfield>
    </islinkparamfield>
    <ischeckbox>n</ischeckbox>
    <checkboxparamfield>
    </checkboxparamfield>
    <iscontrol>n</iscontrol>
    <controltype>
    </controltype>
    <controlparamfield>
    </controlparamfield>
    <displaytext>
    </displaytext>
    <editactionurl>
    </editactionurl>
    <editparamfield>
    </editparamfield>
    <deleteactionurl>
    </deleteactionurl>
    <deleteparamfield>
    </deleteparamfield>
    <viewactionurl>
    </viewactionurl>
    <viewparamfield>
    </viewparamfield>
    <imageactionurl>
    </imageactionurl>
    <imageparamfield>
    </imageparamfield>
    <manageactionurl>
    </manageactionurl>
    <manageparamfield>
    </manageparamfield>
    <copyactionurl>
    </copyactionurl>
    <copyparamfield>
    </copyparamfield>
    <xaxis>n</xaxis>
    <yaxis>n</yaxis>
    <isadvancesearch>y</isadvancesearch>
    <Class>
    </Class>
    <SearchControlType>--Select--</SearchControlType>
    <SearchControlParameters>
    </SearchControlParameters>
    <DbParamField>
    </DbParamField>
    <useMode>DataBase</useMode>
    <IsGraph>n</IsGraph>
    <allowdetailview>n</allowdetailview>
  </column>
  <column>
    <id>6</id>
    <name>IsFilterable</name>
    <headertext>
    </headertext>
    <width>0</width>
    <datatype>String</datatype>
    <columntype>String</columntype>
    <allowsorting>false</allowsorting>
    <allowpaging>false</allowpaging>
    <format>
    </format>
    <isvisible>y</isvisible>
    <mustshow>n</mustshow>
    <musthide>n</musthide>
    <maxlength>0</maxlength>
    <isallowsearch>n</isallowsearch>
    <isconditional>n</isconditional>
    <isallowlink>n</isallowlink>
    <islinkactionurl>
    </islinkactionurl>
    <islinkparamfield>
    </islinkparamfield>
    <ischeckbox>n</ischeckbox>
    <checkboxparamfield>
    </checkboxparamfield>
    <iscontrol>n</iscontrol>
    <controltype>
    </controltype>
    <controlparamfield>
    </controlparamfield>
    <displaytext>
    </displaytext>
    <editactionurl>
    </editactionurl>
    <editparamfield>
    </editparamfield>
    <deleteactionurl>
    </deleteactionurl>
    <deleteparamfield>
    </deleteparamfield>
    <viewactionurl>
    </viewactionurl>
    <viewparamfield>
    </viewparamfield>
    <imageactionurl>
    </imageactionurl>
    <imageparamfield>
    </imageparamfield>
    <manageactionurl>
    </manageactionurl>
    <manageparamfield>
    </manageparamfield>
    <copyactionurl>
    </copyactionurl>
    <copyparamfield>
    </copyparamfield>
    <xaxis>n</xaxis>
    <yaxis>n</yaxis>
    <isadvancesearch>y</isadvancesearch>
    <Class>
    </Class>
    <SearchControlType>--Select--</SearchControlType>
    <SearchControlParameters>
    </SearchControlParameters>
    <DbParamField>
    </DbParamField>
    <useMode>DataBase</useMode>
    <IsGraph>n</IsGraph>
    <allowdetailview>n</allowdetailview>
  </column>
  <column>
    <id>7</id>
    <name>CreatedBy</name>
    <headertext>
    </headertext>
    <width>0</width>
    <datatype>String</datatype>
    <columntype>String</columntype>
    <allowsorting>false</allowsorting>
    <allowpaging>false</allowpaging>
    <format>
    </format>
    <isvisible>y</isvisible>
    <mustshow>n</mustshow>
    <musthide>n</musthide>
    <maxlength>0</maxlength>
    <isallowsearch>n</isallowsearch>
    <isconditional>n</isconditional>
    <isallowlink>n</isallowlink>
    <islinkactionurl>
    </islinkactionurl>
    <islinkparamfield>
    </islinkparamfield>
    <ischeckbox>n</ischeckbox>
    <checkboxparamfield>
    </checkboxparamfield>
    <iscontrol>n</iscontrol>
    <controltype>
    </controltype>
    <controlparamfield>
    </controlparamfield>
    <displaytext>
    </displaytext>
    <editactionurl>
    </editactionurl>
    <editparamfield>
    </editparamfield>
    <deleteactionurl>
    </deleteactionurl>
    <deleteparamfield>
    </deleteparamfield>
    <viewactionurl>
    </viewactionurl>
    <viewparamfield>
    </viewparamfield>
    <imageactionurl>
    </imageactionurl>
    <imageparamfield>
    </imageparamfield>
    <manageactionurl>
    </manageactionurl>
    <manageparamfield>
    </manageparamfield>
    <copyactionurl>
    </copyactionurl>
    <copyparamfield>
    </copyparamfield>
    <xaxis>n</xaxis>
    <yaxis>n</yaxis>
    <isadvancesearch>y</isadvancesearch>
    <Class>
    </Class>
    <SearchControlType>--Select--</SearchControlType>
    <SearchControlParameters>
    </SearchControlParameters>
    <DbParamField>
    </DbParamField>
    <useMode>DataBase</useMode>
    <IsGraph>n</IsGraph>
    <allowdetailview>n</allowdetailview>
  </column>
  <column>
    <id>8</id>
    <name>CreatedDate</name>
    <headertext>
    </headertext>
    <width>0</width>
    <datatype>String</datatype>
    <columntype>String</columntype>
    <allowsorting>false</allowsorting>
    <allowpaging>false</allowpaging>
    <format>
    </format>
    <isvisible>y</isvisible>
    <mustshow>n</mustshow>
    <musthide>n</musthide>
    <maxlength>0</maxlength>
    <isallowsearch>n</isallowsearch>
    <isconditional>n</isconditional>
    <isallowlink>n</isallowlink>
    <islinkactionurl>
    </islinkactionurl>
    <islinkparamfield>
    </islinkparamfield>
    <ischeckbox>n</ischeckbox>
    <checkboxparamfield>
    </checkboxparamfield>
    <iscontrol>n</iscontrol>
    <controltype>
    </controltype>
    <controlparamfield>
    </controlparamfield>
    <displaytext>
    </displaytext>
    <editactionurl>
    </editactionurl>
    <editparamfield>
    </editparamfield>
    <deleteactionurl>
    </deleteactionurl>
    <deleteparamfield>
    </deleteparamfield>
    <viewactionurl>
    </viewactionurl>
    <viewparamfield>
    </viewparamfield>
    <imageactionurl>
    </imageactionurl>
    <imageparamfield>
    </imageparamfield>
    <manageactionurl>
    </manageactionurl>
    <manageparamfield>
    </manageparamfield>
    <copyactionurl>
    </copyactionurl>
    <copyparamfield>
    </copyparamfield>
    <xaxis>n</xaxis>
    <yaxis>n</yaxis>
    <isadvancesearch>y</isadvancesearch>
    <Class>
    </Class>
    <SearchControlType>--Select--</SearchControlType>
    <SearchControlParameters>
    </SearchControlParameters>
    <DbParamField>
    </DbParamField>
    <useMode>DataBase</useMode>
    <IsGraph>n</IsGraph>
    <allowdetailview>n</allowdetailview>
  </column>
  <column>
    <id>9</id>
    <name>ModifiedBy</name>
    <headertext>
    </headertext>
    <width>0</width>
    <datatype>String</datatype>
    <columntype>String</columntype>
    <allowsorting>false</allowsorting>
    <allowpaging>false</allowpaging>
    <format>
    </format>
    <isvisible>y</isvisible>
    <mustshow>n</mustshow>
    <musthide>n</musthide>
    <maxlength>0</maxlength>
    <isallowsearch>n</isallowsearch>
    <isconditional>n</isconditional>
    <isallowlink>n</isallowlink>
    <islinkactionurl>
    </islinkactionurl>
    <islinkparamfield>
    </islinkparamfield>
    <ischeckbox>n</ischeckbox>
    <checkboxparamfield>
    </checkboxparamfield>
    <iscontrol>n</iscontrol>
    <controltype>
    </controltype>
    <controlparamfield>
    </controlparamfield>
    <displaytext>
    </displaytext>
    <editactionurl>
    </editactionurl>
    <editparamfield>
    </editparamfield>
    <deleteactionurl>
    </deleteactionurl>
    <deleteparamfield>
    </deleteparamfield>
    <viewactionurl>
    </viewactionurl>
    <viewparamfield>
    </viewparamfield>
    <imageactionurl>
    </imageactionurl>
    <imageparamfield>
    </imageparamfield>
    <manageactionurl>
    </manageactionurl>
    <manageparamfield>
    </manageparamfield>
    <copyactionurl>
    </copyactionurl>
    <copyparamfield>
    </copyparamfield>
    <xaxis>n</xaxis>
    <yaxis>n</yaxis>
    <isadvancesearch>y</isadvancesearch>
    <Class>
    </Class>
    <SearchControlType>--Select--</SearchControlType>
    <SearchControlParameters>
    </SearchControlParameters>
    <DbParamField>
    </DbParamField>
    <useMode>DataBase</useMode>
    <IsGraph>n</IsGraph>
    <allowdetailview>n</allowdetailview>
  </column>
  <column>
    <id>10</id>
    <name>ModifiedDate</name>
    <headertext>
    </headertext>
    <width>0</width>
    <datatype>String</datatype>
    <columntype>String</columntype>
    <allowsorting>false</allowsorting>
    <allowpaging>false</allowpaging>
    <format>
    </format>
    <isvisible>y</isvisible>
    <mustshow>n</mustshow>
    <musthide>n</musthide>
    <maxlength>0</maxlength>
    <isallowsearch>n</isallowsearch>
    <isconditional>n</isconditional>
    <isallowlink>n</isallowlink>
    <islinkactionurl>
    </islinkactionurl>
    <islinkparamfield>
    </islinkparamfield>
    <ischeckbox>n</ischeckbox>
    <checkboxparamfield>
    </checkboxparamfield>
    <iscontrol>n</iscontrol>
    <controltype>
    </controltype>
    <controlparamfield>
    </controlparamfield>
    <displaytext>
    </displaytext>
    <editactionurl>
    </editactionurl>
    <editparamfield>
    </editparamfield>
    <deleteactionurl>
    </deleteactionurl>
    <deleteparamfield>
    </deleteparamfield>
    <viewactionurl>
    </viewactionurl>
    <viewparamfield>
    </viewparamfield>
    <imageactionurl>
    </imageactionurl>
    <imageparamfield>
    </imageparamfield>
    <manageactionurl>
    </manageactionurl>
    <manageparamfield>
    </manageparamfield>
    <copyactionurl>
    </copyactionurl>
    <copyparamfield>
    </copyparamfield>
    <xaxis>n</xaxis>
    <yaxis>n</yaxis>
    <isadvancesearch>y</isadvancesearch>
    <Class>
    </Class>
    <SearchControlType>--Select--</SearchControlType>
    <SearchControlParameters>
    </SearchControlParameters>
    <DbParamField>
    </DbParamField>
    <useMode>DataBase</useMode>
    <IsGraph>n</IsGraph>
    <allowdetailview>n</allowdetailview>
  </column>
  <column>
    <id>11</id>
    <name>IsSystemDefine</name>
    <headertext>
    </headertext>
    <width>0</width>
    <datatype>String</datatype>
    <columntype>String</columntype>
    <allowsorting>false</allowsorting>
    <allowpaging>false</allowpaging>
    <format>
    </format>
    <isvisible>y</isvisible>
    <mustshow>n</mustshow>
    <musthide>n</musthide>
    <maxlength>0</maxlength>
    <isallowsearch>n</isallowsearch>
    <isconditional>n</isconditional>
    <isallowlink>n</isallowlink>
    <islinkactionurl>
    </islinkactionurl>
    <islinkparamfield>
    </islinkparamfield>
    <ischeckbox>n</ischeckbox>
    <checkboxparamfield>
    </checkboxparamfield>
    <iscontrol>n</iscontrol>
    <controltype>
    </controltype>
    <controlparamfield>
    </controlparamfield>
    <displaytext>
    </displaytext>
    <editactionurl>
    </editactionurl>
    <editparamfield>
    </editparamfield>
    <deleteactionurl>
    </deleteactionurl>
    <deleteparamfield>
    </deleteparamfield>
    <viewactionurl>
    </viewactionurl>
    <viewparamfield>
    </viewparamfield>
    <imageactionurl>
    </imageactionurl>
    <imageparamfield>
    </imageparamfield>
    <manageactionurl>
    </manageactionurl>
    <manageparamfield>
    </manageparamfield>
    <copyactionurl>
    </copyactionurl>
    <copyparamfield>
    </copyparamfield>
    <xaxis>n</xaxis>
    <yaxis>n</yaxis>
    <isadvancesearch>y</isadvancesearch>
    <Class>
    </Class>
    <SearchControlType>--Select--</SearchControlType>
    <SearchControlParameters>
    </SearchControlParameters>
    <DbParamField>
    </DbParamField>
    <useMode>DataBase</useMode>
    <IsGraph>n</IsGraph>
    <allowdetailview>n</allowdetailview>
  </column>
  <column>
    <id>12</id>
    <name>Edit</name>
    <headertext>
    </headertext>
    <width>0</width>
    <datatype>String</datatype>
    <columntype>String</columntype>
    <allowsorting>false</allowsorting>
    <allowpaging>false</allowpaging>
    <format>
    </format>
    <isvisible>y</isvisible>
    <mustshow>n</mustshow>
    <musthide>n</musthide>
    <maxlength>0</maxlength>
    <isallowsearch>n</isallowsearch>
    <isconditional>n</isconditional>
    <isallowlink>n</isallowlink>
    <islinkactionurl>
    </islinkactionurl>
    <islinkparamfield>
    </islinkparamfield>
    <ischeckbox>n</ischeckbox>
    <checkboxparamfield>
    </checkboxparamfield>
    <iscontrol>n</iscontrol>
    <controltype>
    </controltype>
    <controlparamfield>
    </controlparamfield>
    <displaytext>
    </displaytext>
    <editactionurl>
    </editactionurl>
    <editparamfield>
    </editparamfield>
    <deleteactionurl>
    </deleteactionurl>
    <deleteparamfield>
    </deleteparamfield>
    <viewactionurl>
    </viewactionurl>
    <viewparamfield>
    </viewparamfield>
    <imageactionurl>
    </imageactionurl>
    <imageparamfield>
    </imageparamfield>
    <manageactionurl>
    </manageactionurl>
    <manageparamfield>
    </manageparamfield>
    <copyactionurl>
    </copyactionurl>
    <copyparamfield>
    </copyparamfield>
    <xaxis>n</xaxis>
    <yaxis>n</yaxis>
    <isadvancesearch>y</isadvancesearch>
    <Class>
    </Class>
    <SearchControlType>--Select--</SearchControlType>
    <SearchControlParameters>
    </SearchControlParameters>
    <DbParamField>
    </DbParamField>
    <useMode>DataBase</useMode>
    <IsGraph>n</IsGraph>
    <allowdetailview>n</allowdetailview>
  </column>
  <column>
    <id>13</id>
    <name>Delete</name>
    <headertext>
    </headertext>
    <width>0</width>
    <datatype>String</datatype>
    <columntype>String</columntype>
    <allowsorting>false</allowsorting>
    <allowpaging>false</allowpaging>
    <format>
    </format>
    <isvisible>y</isvisible>
    <mustshow>n</mustshow>
    <musthide>n</musthide>
    <maxlength>0</maxlength>
    <isallowsearch>n</isallowsearch>
    <isconditional>n</isconditional>
    <isallowlink>n</isallowlink>
    <islinkactionurl>
    </islinkactionurl>
    <islinkparamfield>
    </islinkparamfield>
    <ischeckbox>n</ischeckbox>
    <checkboxparamfield>
    </checkboxparamfield>
    <iscontrol>n</iscontrol>
    <controltype>
    </controltype>
    <controlparamfield>
    </controlparamfield>
    <displaytext>
    </displaytext>
    <editactionurl>
    </editactionurl>
    <editparamfield>
    </editparamfield>
    <deleteactionurl>
    </deleteactionurl>
    <deleteparamfield>
    </deleteparamfield>
    <viewactionurl>
    </viewactionurl>
    <viewparamfield>
    </viewparamfield>
    <imageactionurl>
    </imageactionurl>
    <imageparamfield>
    </imageparamfield>
    <manageactionurl>
    </manageactionurl>
    <manageparamfield>
    </manageparamfield>
    <copyactionurl>
    </copyactionurl>
    <copyparamfield>
    </copyparamfield>
    <xaxis>n</xaxis>
    <yaxis>n</yaxis>
    <isadvancesearch>y</isadvancesearch>
    <Class>
    </Class>
    <SearchControlType>--Select--</SearchControlType>
    <SearchControlParameters>
    </SearchControlParameters>
    <DbParamField>
    </DbParamField>
    <useMode>DataBase</useMode>
    <IsGraph>n</IsGraph>
    <allowdetailview>n</allowdetailview>
  </column>
  <column>
    <id>14</id>
    <name>Manage</name>
    <headertext>
    </headertext>
    <width>0</width>
    <datatype>String</datatype>
    <columntype>String</columntype>
    <allowsorting>false</allowsorting>
    <allowpaging>false</allowpaging>
    <format>
    </format>
    <isvisible>y</isvisible>
    <mustshow>n</mustshow>
    <musthide>n</musthide>
    <maxlength>0</maxlength>
    <isallowsearch>n</isallowsearch>
    <isconditional>n</isconditional>
    <isallowlink>n</isallowlink>
    <islinkactionurl>
    </islinkactionurl>
    <islinkparamfield>
    </islinkparamfield>
    <ischeckbox>n</ischeckbox>
    <checkboxparamfield>
    </checkboxparamfield>
    <iscontrol>n</iscontrol>
    <controltype>
    </controltype>
    <controlparamfield>
    </controlparamfield>
    <displaytext>
    </displaytext>
    <editactionurl>
    </editactionurl>
    <editparamfield>
    </editparamfield>
    <deleteactionurl>
    </deleteactionurl>
    <deleteparamfield>
    </deleteparamfield>
    <viewactionurl>
    </viewactionurl>
    <viewparamfield>
    </viewparamfield>
    <imageactionurl>
    </imageactionurl>
    <imageparamfield>
    </imageparamfield>
    <manageactionurl>
    </manageactionurl>
    <manageparamfield>
    </manageparamfield>
    <copyactionurl>
    </copyactionurl>
    <copyparamfield>
    </copyparamfield>
    <xaxis>n</xaxis>
    <yaxis>n</yaxis>
    <isadvancesearch>y</isadvancesearch>
    <Class>
    </Class>
    <SearchControlType>--Select--</SearchControlType>
    <SearchControlParameters>
    </SearchControlParameters>
    <DbParamField>
    </DbParamField>
    <useMode>DataBase</useMode>
    <IsGraph>n</IsGraph>
    <allowdetailview>n</allowdetailview>
  </column>
  <column>
    <id>15</id>
    <name>Copy</name>
    <headertext>
    </headertext>
    <width>0</width>
    <datatype>String</datatype>
    <columntype>String</columntype>
    <allowsorting>false</allowsorting>
    <allowpaging>false</allowpaging>
    <format>
    </format>
    <isvisible>y</isvisible>
    <mustshow>n</mustshow>
    <musthide>n</musthide>
    <maxlength>0</maxlength>
    <isallowsearch>n</isallowsearch>
    <isconditional>n</isconditional>
    <isallowlink>n</isallowlink>
    <islinkactionurl>
    </islinkactionurl>
    <islinkparamfield>
    </islinkparamfield>
    <ischeckbox>n</ischeckbox>
    <checkboxparamfield>
    </checkboxparamfield>
    <iscontrol>n</iscontrol>
    <controltype>
    </controltype>
    <controlparamfield>
    </controlparamfield>
    <displaytext>
    </displaytext>
    <editactionurl>
    </editactionurl>
    <editparamfield>
    </editparamfield>
    <deleteactionurl>
    </deleteactionurl>
    <deleteparamfield>
    </deleteparamfield>
    <viewactionurl>
    </viewactionurl>
    <viewparamfield>
    </viewparamfield>
    <imageactionurl>
    </imageactionurl>
    <imageparamfield>
    </imageparamfield>
    <manageactionurl>
    </manageactionurl>
    <manageparamfield>
    </manageparamfield>
    <copyactionurl>
    </copyactionurl>
    <copyparamfield>
    </copyparamfield>
    <xaxis>n</xaxis>
    <yaxis>n</yaxis>
    <isadvancesearch>y</isadvancesearch>
    <Class>
    </Class>
    <SearchControlType>--Select--</SearchControlType>
    <SearchControlParameters>
    </SearchControlParameters>
    <DbParamField>
    </DbParamField>
    <useMode>DataBase</useMode>
    <IsGraph>n</IsGraph>
    <allowdetailview>n</allowdetailview>
  </column>
  <column>
    <id>16</id>
    <name>View</name>
    <headertext>
    </headertext>
    <width>0</width>
    <datatype>String</datatype>
    <columntype>String</columntype>
    <allowsorting>false</allowsorting>
    <allowpaging>false</allowpaging>
    <format>
    </format>
    <isvisible>y</isvisible>
    <mustshow>n</mustshow>
    <musthide>n</musthide>
    <maxlength>0</maxlength>
    <isallowsearch>n</isallowsearch>
    <isconditional>n</isconditional>
    <isallowlink>n</isallowlink>
    <islinkactionurl>
    </islinkactionurl>
    <islinkparamfield>
    </islinkparamfield>
    <ischeckbox>n</ischeckbox>
    <checkboxparamfield>
    </checkboxparamfield>
    <iscontrol>n</iscontrol>
    <controltype>
    </controltype>
    <controlparamfield>
    </controlparamfield>
    <displaytext>
    </displaytext>
    <editactionurl>
    </editactionurl>
    <editparamfield>
    </editparamfield>
    <deleteactionurl>
    </deleteactionurl>
    <deleteparamfield>
    </deleteparamfield>
    <viewactionurl>
    </viewactionurl>
    <viewparamfield>
    </viewparamfield>
    <imageactionurl>
    </imageactionurl>
    <imageparamfield>
    </imageparamfield>
    <manageactionurl>
    </manageactionurl>
    <manageparamfield>
    </manageparamfield>
    <copyactionurl>
    </copyactionurl>
    <copyparamfield>
    </copyparamfield>
    <xaxis>n</xaxis>
    <yaxis>n</yaxis>
    <isadvancesearch>y</isadvancesearch>
    <Class>
    </Class>
    <SearchControlType>--Select--</SearchControlType>
    <SearchControlParameters>
    </SearchControlParameters>
    <DbParamField>
    </DbParamField>
    <useMode>DataBase</useMode>
    <IsGraph>n</IsGraph>
    <allowdetailview>n</allowdetailview>
  </column>
  <column>
    <id>17</id>
    <name>Image</name>
    <headertext>
    </headertext>
    <width>0</width>
    <datatype>String</datatype>
    <columntype>String</columntype>
    <allowsorting>false</allowsorting>
    <allowpaging>false</allowpaging>
    <format>
    </format>
    <isvisible>y</isvisible>
    <mustshow>n</mustshow>
    <musthide>n</musthide>
    <maxlength>0</maxlength>
    <isallowsearch>n</isallowsearch>
    <isconditional>n</isconditional>
    <isallowlink>n</isallowlink>
    <islinkactionurl>
    </islinkactionurl>
    <islinkparamfield>
    </islinkparamfield>
    <ischeckbox>n</ischeckbox>
    <checkboxparamfield>
    </checkboxparamfield>
    <iscontrol>n</iscontrol>
    <controltype>
    </controltype>
    <controlparamfield>
    </controlparamfield>
    <displaytext>
    </displaytext>
    <editactionurl>
    </editactionurl>
    <editparamfield>
    </editparamfield>
    <deleteactionurl>
    </deleteactionurl>
    <deleteparamfield>
    </deleteparamfield>
    <viewactionurl>
    </viewactionurl>
    <viewparamfield>
    </viewparamfield>
    <imageactionurl>
    </imageactionurl>
    <imageparamfield>
    </imageparamfield>
    <manageactionurl>
    </manageactionurl>
    <manageparamfield>
    </manageparamfield>
    <copyactionurl>
    </copyactionurl>
    <copyparamfield>
    </copyparamfield>
    <xaxis>n</xaxis>
    <yaxis>n</yaxis>
    <isadvancesearch>y</isadvancesearch>
    <Class>
    </Class>
    <SearchControlType>--Select--</SearchControlType>
    <SearchControlParameters>
    </SearchControlParameters>
    <DbParamField>
    </DbParamField>
    <useMode>DataBase</useMode>
    <IsGraph>n</IsGraph>
    <allowdetailview>n</allowdetailview>
  </column>
</columns>', N'NewDemotestA', N'NewDemotestNewA', N'NewDemoA', 0, NULL, NULL, NULL, NULL, 2, CAST(N'2016-02-22 11:30:13.227' AS DateTime), 2, CAST(N'2016-02-22 11:30:13.250' AS DateTime))
INSERT [dbo].[ZnodeApplicationSetting] ([ApplicationSettingId], [GroupName], [ItemName], [Setting], [ViewOptions], [FrontPageName], [FrontObjectName], [IsCompressed], [OrderByFields], [ItemNameWithoutCurrency], [CreatedByName], [ModifiedByName], [CreatedBy], [CreatedDate], [ModifiedBy], [ModifiedDate]) VALUES (13, N'Table', N'ZnodeAccount', N'<?xml version="1.0" encoding="utf-16"?>
<columns>
  <column>
    <id>1</id>
    <name>AccountId</name>
    <headertext>Checkbox</headertext>
    <width>40</width>
    <datatype>Int32</datatype>
    <columntype>Int32</columntype>
    <allowsorting>false</allowsorting>
    <allowpaging>false</allowpaging>
    <format>
    </format>
    <isvisible>y</isvisible>
    <mustshow>n</mustshow>
    <musthide>n</musthide>
    <maxlength>0</maxlength>
    <isallowsearch>n</isallowsearch>
    <isconditional>n</isconditional>
    <isallowlink>n</isallowlink>
    <islinkactionurl>
    </islinkactionurl>
    <islinkparamfield>
    </islinkparamfield>
    <ischeckbox>y</ischeckbox>
    <checkboxparamfield>AccountId</checkboxparamfield>
    <iscontrol>n</iscontrol>
    <controltype>
    </controltype>
    <controlparamfield>
    </controlparamfield>
    <displaytext>
    </displaytext>
    <editactionurl>
    </editactionurl>
    <editparamfield>
    </editparamfield>
    <deleteactionurl>
    </deleteactionurl>
    <deleteparamfield>
    </deleteparamfield>
    <viewactionurl>
    </viewactionurl>
    <viewparamfield>
    </viewparamfield>
    <imageactionurl>
    </imageactionurl>
    <imageparamfield>
    </imageparamfield>
    <manageactionurl>
    </manageactionurl>
    <manageparamfield>
    </manageparamfield>
    <copyactionurl>
    </copyactionurl>
    <copyparamfield>
    </copyparamfield>
    <xaxis>n</xaxis>
    <yaxis>n</yaxis>
    <isadvancesearch>y</isadvancesearch>
    <Class>
    </Class>
    <SearchControlType>--Select--</SearchControlType>
    <SearchControlParameters>
    </SearchControlParameters>
    <DbParamField>
    </DbParamField>
    <useMode>DataBase</useMode>
    <IsGraph>n</IsGraph>
    <allowdetailview>n</allowdetailview>
  </column>
  <column>
    <id>2</id>
    <name>FullName</name>
    <headertext>Full Name</headertext>
    <width>40</width>
    <datatype>String</datatype>
    <columntype>String</columntype>
    <allowsorting>true</allowsorting>
    <allowpaging>false</allowpaging>
    <format>
    </format>
    <isvisible>y</isvisible>
    <mustshow>n</mustshow>
    <musthide>n</musthide>
    <maxlength>0</maxlength>
    <isallowsearch>y</isallowsearch>
    <isconditional>n</isconditional>
    <isallowlink>n</isallowlink>
    <islinkactionurl>
    </islinkactionurl>
    <islinkparamfield>AccountId</islinkparamfield>
    <ischeckbox>n</ischeckbox>
    <checkboxparamfield>AccountId</checkboxparamfield>
    <iscontrol>n</iscontrol>
    <controltype>
    </controltype>
    <controlparamfield>
    </controlparamfield>
    <displaytext>Full Name</displaytext>
    <editactionurl>
    </editactionurl>
    <editparamfield>
    </editparamfield>
    <deleteactionurl>
    </deleteactionurl>
    <deleteparamfield>
    </deleteparamfield>
    <viewactionurl>
    </viewactionurl>
    <viewparamfield>
    </viewparamfield>
    <imageactionurl>
    </imageactionurl>
    <imageparamfield>
    </imageparamfield>
    <manageactionurl>
    </manageactionurl>
    <manageparamfield>
    </manageparamfield>
    <copyactionurl>
    </copyactionurl>
    <copyparamfield>
    </copyparamfield>
    <xaxis>n</xaxis>
    <yaxis>n</yaxis>
    <isadvancesearch>y</isadvancesearch>
    <Class>
    </Class>
    <SearchControlType>--Select--</SearchControlType>
    <SearchControlParameters>
    </SearchControlParameters>
    <DbParamField>
    </DbParamField>
    <useMode>DataBase</useMode>
    <IsGraph>n</IsGraph>
    <allowdetailview>n</allowdetailview>
  </column>
  <column>
    <id>3</id>
    <name>PhoneNumber</name>
    <headertext>Phone Number</headertext>
    <width>40</width>
    <datatype>String</datatype>
    <columntype>String</columntype>
    <allowsorting>true</allowsorting>
    <allowpaging>true</allowpaging>
    <format>
    </format>
    <isvisible>y</isvisible>
    <mustshow>n</mustshow>
    <musthide>n</musthide>
    <maxlength>0</maxlength>
    <isallowsearch>y</isallowsearch>
    <isconditional>n</isconditional>
    <isallowlink>n</isallowlink>
    <islinkactionurl>
    </islinkactionurl>
    <islinkparamfield>AccountId</islinkparamfield>
    <ischeckbox>n</ischeckbox>
    <checkboxparamfield>AccountId</checkboxparamfield>
    <iscontrol>n</iscontrol>
    <controltype>
    </controltype>
    <controlparamfield>
    </controlparamfield>
    <displaytext>Phone Number</displaytext>
    <editactionurl>
    </editactionurl>
    <editparamfield>
    </editparamfield>
    <deleteactionurl>
    </deleteactionurl>
    <deleteparamfield>
    </deleteparamfield>
    <viewactionurl>
    </viewactionurl>
    <viewparamfield>
    </viewparamfield>
    <imageactionurl>
    </imageactionurl>
    <imageparamfield>
    </imageparamfield>
    <manageactionurl>
    </manageactionurl>
    <manageparamfield>
    </manageparamfield>
    <copyactionurl>
    </copyactionurl>
    <copyparamfield>
    </copyparamfield>
    <xaxis>n</xaxis>
    <yaxis>n</yaxis>
    <isadvancesearch>y</isadvancesearch>
    <Class>
    </Class>
    <SearchControlType>--Select--</SearchControlType>
    <SearchControlParameters>
    </SearchControlParameters>
    <DbParamField>
    </DbParamField>
    <useMode>DataBase</useMode>
    <IsGraph>n</IsGraph>
    <allowdetailview>n</allowdetailview>
  </column>
  <column>
    <id>4</id>
    <name>Email</name>
    <headertext>Email Id</headertext>
    <width>40</width>
    <datatype>String</datatype>
    <columntype>String</columntype>
    <allowsorting>true</allowsorting>
    <allowpaging>true</allowpaging>
    <format>
    </format>
    <isvisible>y</isvisible>
    <mustshow>n</mustshow>
    <musthide>n</musthide>
    <maxlength>0</maxlength>
    <isallowsearch>y</isallowsearch>
    <isconditional>n</isconditional>
    <isallowlink>n</isallowlink>
    <islinkactionurl>
    </islinkactionurl>
    <islinkparamfield>AccountId</islinkparamfield>
    <ischeckbox>n</ischeckbox>
    <checkboxparamfield>AccountId</checkboxparamfield>
    <iscontrol>n</iscontrol>
    <controltype>
    </controltype>
    <controlparamfield>
    </controlparamfield>
    <displaytext>Email Id</displaytext>
    <editactionurl>
    </editactionurl>
    <editparamfield>
    </editparamfield>
    <deleteactionurl>
    </deleteactionurl>
    <deleteparamfield>
    </deleteparamfield>
    <viewactionurl>
    </viewactionurl>
    <viewparamfield>
    </viewparamfield>
    <imageactionurl>
    </imageactionurl>
    <imageparamfield>
    </imageparamfield>
    <manageactionurl>
    </manageactionurl>
    <manageparamfield>
    </manageparamfield>
    <copyactionurl>
    </copyactionurl>
    <copyparamfield>
    </copyparamfield>
    <xaxis>n</xaxis>
    <yaxis>n</yaxis>
    <isadvancesearch>y</isadvancesearch>
    <Class>
    </Class>
    <SearchControlType>--Select--</SearchControlType>
    <SearchControlParameters>
    </SearchControlParameters>
    <DbParamField>
    </DbParamField>
    <useMode>DataBase</useMode>
    <IsGraph>n</IsGraph>
    <allowdetailview>n</allowdetailview>
  </column>
  <column>
    <id>5</id>
    <name>UserName</name>
    <headertext>User Name</headertext>
    <width>40</width>
    <datatype>String</datatype>
    <columntype>String</columntype>
    <allowsorting>true</allowsorting>
    <allowpaging>false</allowpaging>
    <format>
    </format>
    <isvisible>y</isvisible>
    <mustshow>n</mustshow>
    <musthide>n</musthide>
    <maxlength>0</maxlength>
    <isallowsearch>y</isallowsearch>
    <isconditional>n</isconditional>
    <isallowlink>n</isallowlink>
    <islinkactionurl>
    </islinkactionurl>
    <islinkparamfield>AccountId</islinkparamfield>
    <ischeckbox>n</ischeckbox>
    <checkboxparamfield>AccountId</checkboxparamfield>
    <iscontrol>n</iscontrol>
    <controltype>
    </controltype>
    <controlparamfield>
    </controlparamfield>
    <displaytext>User Name</displaytext>
    <editactionurl>
    </editactionurl>
    <editparamfield>
    </editparamfield>
    <deleteactionurl>
    </deleteactionurl>
    <deleteparamfield>
    </deleteparamfield>
    <viewactionurl>
    </viewactionurl>
    <viewparamfield>
    </viewparamfield>
    <imageactionurl>
    </imageactionurl>
    <imageparamfield>
    </imageparamfield>
    <manageactionurl>
    </manageactionurl>
    <manageparamfield>
    </manageparamfield>
    <copyactionurl>
    </copyactionurl>
    <copyparamfield>
    </copyparamfield>
    <xaxis>n</xaxis>
    <yaxis>n</yaxis>
    <isadvancesearch>y</isadvancesearch>
    <Class>
    </Class>
    <SearchControlType>--Select--</SearchControlType>
    <SearchControlParameters>
    </SearchControlParameters>
    <DbParamField>
    </DbParamField>
    <useMode>DataBase</useMode>
    <IsGraph>n</IsGraph>
    <allowdetailview>n</allowdetailview>
  </column>
  <column>
    <id>6</id>
    <name>Manage</name>
    <headertext>Manage</headertext>
    <width>40</width>
    <datatype>String</datatype>
    <columntype>String</columntype>
    <allowsorting>false</allowsorting>
    <allowpaging>false</allowpaging>
    <format>Manage|Disable|Delete</format>
    <isvisible>y</isvisible>
    <mustshow>n</mustshow>
    <musthide>n</musthide>
    <maxlength>0</maxlength>
    <isallowsearch>n</isallowsearch>
    <isconditional>n</isconditional>
    <isallowlink>n</isallowlink>
    <islinkactionurl>
    </islinkactionurl>
    <islinkparamfield>AccountId</islinkparamfield>
    <ischeckbox>n</ischeckbox>
    <checkboxparamfield>AccountId</checkboxparamfield>
    <iscontrol>n</iscontrol>
    <controltype>
    </controltype>
    <controlparamfield>
    </controlparamfield>
    <displaytext>Manage|Disable|Delete</displaytext>
    <editactionurl>
    </editactionurl>
    <editparamfield>
    </editparamfield>
    <deleteactionurl>
    </deleteactionurl>
    <deleteparamfield>
    </deleteparamfield>
    <viewactionurl>
    </viewactionurl>
    <viewparamfield>
    </viewparamfield>
    <imageactionurl>
    </imageactionurl>
    <imageparamfield>
    </imageparamfield>
    <manageactionurl>/Account/ManageUser|/Account/EnableDisableAccount|/Account/DeleteUser</manageactionurl>
    <manageparamfield>AccountId|AccountId,IsLock|AccountId</manageparamfield>
    <copyactionurl>
    </copyactionurl>
    <copyparamfield>
    </copyparamfield>
    <xaxis>n</xaxis>
    <yaxis>n</yaxis>
    <isadvancesearch>y</isadvancesearch>
    <Class>grid-action</Class>
    <SearchControlType>--Select--</SearchControlType>
    <SearchControlParameters>
    </SearchControlParameters>
    <DbParamField>
    </DbParamField>
    <useMode>DataBase</useMode>
    <IsGraph>n</IsGraph>
    <allowdetailview>n</allowdetailview>
  </column>
  <column>
    <id>7</id>
    <name>LastName</name>
    <headertext>Last Name</headertext>
    <width>40</width>
    <datatype>String</datatype>
    <columntype>String</columntype>
    <allowsorting>true</allowsorting>
    <allowpaging>true</allowpaging>
    <format>
    </format>
    <isvisible>n</isvisible>
    <mustshow>n</mustshow>
    <musthide>n</musthide>
    <maxlength>0</maxlength>
    <isallowsearch>n</isallowsearch>
    <isconditional>n</isconditional>
    <isallowlink>n</isallowlink>
    <islinkactionurl>
    </islinkactionurl>
    <islinkparamfield>AccountId</islinkparamfield>
    <ischeckbox>n</ischeckbox>
    <checkboxparamfield>AccountId</checkboxparamfield>
    <iscontrol>n</iscontrol>
    <controltype>
    </controltype>
    <controlparamfield>
    </controlparamfield>
    <displaytext>Last Name</displaytext>
    <editactionurl>
    </editactionurl>
    <editparamfield>
    </editparamfield>
    <deleteactionurl>
    </deleteactionurl>
    <deleteparamfield>
    </deleteparamfield>
    <viewactionurl>
    </viewactionurl>
    <viewparamfield>
    </viewparamfield>
    <imageactionurl>
    </imageactionurl>
    <imageparamfield>
    </imageparamfield>
    <manageactionurl>
    </manageactionurl>
    <manageparamfield>
    </manageparamfield>
    <copyactionurl>
    </copyactionurl>
    <copyparamfield>
    </copyparamfield>
    <xaxis>n</xaxis>
    <yaxis>n</yaxis>
    <isadvancesearch>n</isadvancesearch>
    <Class>
    </Class>
    <SearchControlType>--Select--</SearchControlType>
    <SearchControlParameters>
    </SearchControlParameters>
    <DbParamField>
    </DbParamField>
    <useMode>DataBase</useMode>
    <IsGraph>n</IsGraph>
    <allowdetailview>n</allowdetailview>
  </column>
  <column>
    <id>8</id>
    <name>IsLock</name>
    <headertext>Is Lock</headertext>
    <width>40</width>
    <datatype>String</datatype>
    <columntype>String</columntype>
    <allowsorting>false</allowsorting>
    <allowpaging>false</allowpaging>
    <format>
    </format>
    <isvisible>n</isvisible>
    <mustshow>n</mustshow>
    <musthide>n</musthide>
    <maxlength>0</maxlength>
    <isallowsearch>n</isallowsearch>
    <isconditional>n</isconditional>
    <isallowlink>n</isallowlink>
    <islinkactionurl>
    </islinkactionurl>
    <islinkparamfield>AccountId</islinkparamfield>
    <ischeckbox>n</ischeckbox>
    <checkboxparamfield>AccountId</checkboxparamfield>
    <iscontrol>n</iscontrol>
    <controltype>
    </controltype>
    <controlparamfield>
    </controlparamfield>
    <displaytext>Is Lock</displaytext>
    <editactionurl>
    </editactionurl>
    <editparamfield>
    </editparamfield>
    <deleteactionurl>
    </deleteactionurl>
    <deleteparamfield>
    </deleteparamfield>
    <viewactionurl>
    </viewactionurl>
    <viewparamfield>
    </viewparamfield>
    <imageactionurl>
    </imageactionurl>
    <imageparamfield>
    </imageparamfield>
    <manageactionurl>
    </manageactionurl>
    <manageparamfield>
    </manageparamfield>
    <copyactionurl>
    </copyactionurl>
    <copyparamfield>
    </copyparamfield>
    <xaxis>n</xaxis>
    <yaxis>n</yaxis>
    <isadvancesearch>n</isadvancesearch>
    <Class>
    </Class>
    <SearchControlType>--Select--</SearchControlType>
    <SearchControlParameters>
    </SearchControlParameters>
    <DbParamField>
    </DbParamField>
    <useMode>DataBase</useMode>
    <IsGraph>n</IsGraph>
    <allowdetailview>n</allowdetailview>
  </column>
  <column>
    <id>9</id>
    <name>Edit</name>
    <headertext>Edit</headertext>
    <width>40</width>
    <datatype>String</datatype>
    <columntype>String</columntype>
    <allowsorting>false</allowsorting>
    <allowpaging>false</allowpaging>
    <format>
    </format>
    <isvisible>n</isvisible>
    <mustshow>n</mustshow>
    <musthide>n</musthide>
    <maxlength>0</maxlength>
    <isallowsearch>n</isallowsearch>
    <isconditional>n</isconditional>
    <isallowlink>n</isallowlink>
    <islinkactionurl>
    </islinkactionurl>
    <islinkparamfield>
    </islinkparamfield>
    <ischeckbox>n</ischeckbox>
    <checkboxparamfield>
    </checkboxparamfield>
    <iscontrol>n</iscontrol>
    <controltype>
    </controltype>
    <controlparamfield>
    </controlparamfield>
    <displaytext>Edit</displaytext>
    <editactionurl>/Account/EditUser</editactionurl>
    <editparamfield>Id</editparamfield>
    <deleteactionurl>
    </deleteactionurl>
    <deleteparamfield>
    </deleteparamfield>
    <viewactionurl>
    </viewactionurl>
    <viewparamfield>
    </viewparamfield>
    <imageactionurl>
    </imageactionurl>
    <imageparamfield>
    </imageparamfield>
    <manageactionurl>
    </manageactionurl>
    <manageparamfield>
    </manageparamfield>
    <copyactionurl>
    </copyactionurl>
    <copyparamfield>
    </copyparamfield>
    <xaxis>n</xaxis>
    <yaxis>n</yaxis>
    <isadvancesearch>n</isadvancesearch>
    <Class>
    </Class>
    <SearchControlType>--Select--</SearchControlType>
    <SearchControlParameters>
    </SearchControlParameters>
    <DbParamField>
    </DbParamField>
    <useMode>DataBase</useMode>
    <IsGraph>n</IsGraph>
    <allowdetailview>n</allowdetailview>
  </column>
  <column>
    <id>10</id>
    <name>Delete</name>
    <headertext>Delete</headertext>
    <width>40</width>
    <datatype>String</datatype>
    <columntype>String</columntype>
    <allowsorting>false</allowsorting>
    <allowpaging>false</allowpaging>
    <format>
    </format>
    <isvisible>n</isvisible>
    <mustshow>n</mustshow>
    <musthide>n</musthide>
    <maxlength>0</maxlength>
    <isallowsearch>n</isallowsearch>
    <isconditional>n</isconditional>
    <isallowlink>n</isallowlink>
    <islinkactionurl>
    </islinkactionurl>
    <islinkparamfield>
    </islinkparamfield>
    <ischeckbox>n</ischeckbox>
    <checkboxparamfield>
    </checkboxparamfield>
    <iscontrol>n</iscontrol>
    <controltype>
    </controltype>
    <controlparamfield>
    </controlparamfield>
    <displaytext>Delete</displaytext>
    <editactionurl>
    </editactionurl>
    <editparamfield>
    </editparamfield>
    <deleteactionurl>/Account/DeleteUser</deleteactionurl>
    <deleteparamfield>AccountId</deleteparamfield>
    <viewactionurl>
    </viewactionurl>
    <viewparamfield>
    </viewparamfield>
    <imageactionurl>
    </imageactionurl>
    <imageparamfield>
    </imageparamfield>
    <manageactionurl>
    </manageactionurl>
    <manageparamfield>
    </manageparamfield>
    <copyactionurl>
    </copyactionurl>
    <copyparamfield>
    </copyparamfield>
    <xaxis>n</xaxis>
    <yaxis>n</yaxis>
    <isadvancesearch>n</isadvancesearch>
    <Class>
    </Class>
    <SearchControlType>--Select--</SearchControlType>
    <SearchControlParameters>
    </SearchControlParameters>
    <DbParamField>
    </DbParamField>
    <useMode>DataBase</useMode>
    <IsGraph>n</IsGraph>
    <allowdetailview>n</allowdetailview>
  </column>
  <column>
    <id>11</id>
    <name>View</name>
    <headertext>View</headertext>
    <width>0</width>
    <datatype>String</datatype>
    <columntype>String</columntype>
    <allowsorting>false</allowsorting>
    <allowpaging>false</allowpaging>
    <format>
    </format>
    <isvisible>n</isvisible>
    <mustshow>n</mustshow>
    <musthide>n</musthide>
    <maxlength>0</maxlength>
    <isallowsearch>n</isallowsearch>
    <isconditional>n</isconditional>
    <isallowlink>n</isallowlink>
    <islinkactionurl>
    </islinkactionurl>
    <islinkparamfield>
    </islinkparamfield>
    <ischeckbox>n</ischeckbox>
    <checkboxparamfield>
    </checkboxparamfield>
    <iscontrol>n</iscontrol>
    <controltype>
    </controltype>
    <controlparamfield>
    </controlparamfield>
    <displaytext>View</displaytext>
    <editactionurl>
    </editactionurl>
    <editparamfield>
    </editparamfield>
    <deleteactionurl>
    </deleteactionurl>
    <deleteparamfield>
    </deleteparamfield>
    <viewactionurl>/Account/ManageUser</viewactionurl>
    <viewparamfield>AccountId</viewparamfield>
    <imageactionurl>
    </imageactionurl>
    <imageparamfield>
    </imageparamfield>
    <manageactionurl>
    </manageactionurl>
    <manageparamfield>
    </manageparamfield>
    <copyactionurl>
    </copyactionurl>
    <copyparamfield>
    </copyparamfield>
    <xaxis>n</xaxis>
    <yaxis>n</yaxis>
    <isadvancesearch>n</isadvancesearch>
    <Class>
    </Class>
    <SearchControlType>--Select--</SearchControlType>
    <SearchControlParameters>
    </SearchControlParameters>
    <DbParamField>
    </DbParamField>
    <useMode>DataBase</useMode>
    <IsGraph>n</IsGraph>
    <allowdetailview>n</allowdetailview>
  </column>
</columns>', N'ZnodeAccount', N'ZnodeAccount', N'ZnodeAccount', 0, NULL, NULL, NULL, NULL, 0, CAST(N'2016-03-09 17:02:46.507' AS DateTime), 2, CAST(N'2016-05-04 06:04:52.923' AS DateTime))
INSERT [dbo].[ZnodeApplicationSetting] ([ApplicationSettingId], [GroupName], [ItemName], [Setting], [ViewOptions], [FrontPageName], [FrontObjectName], [IsCompressed], [OrderByFields], [ItemNameWithoutCurrency], [CreatedByName], [ModifiedByName], [CreatedBy], [CreatedDate], [ModifiedBy], [ModifiedDate]) VALUES (14, N'Table', N'ZnodeLocale', N'<?xml version="1.0" encoding="utf-16"?>
<columns>
  <column>
    <id>1</id>
    <name>LocaleId</name>
    <headertext>Checkbox</headertext>
    <width>0</width>
    <datatype>Int32</datatype>
    <columntype>Int32</columntype>
    <allowsorting>false</allowsorting>
    <allowpaging>true</allowpaging>
    <format>
    </format>
    <isvisible>y</isvisible>
    <mustshow>n</mustshow>
    <musthide>n</musthide>
    <maxlength>0</maxlength>
    <isallowsearch>y</isallowsearch>
    <isconditional>n</isconditional>
    <isallowlink>n</isallowlink>
    <islinkactionurl>
    </islinkactionurl>
    <islinkparamfield>LocaleId</islinkparamfield>
    <ischeckbox>y</ischeckbox>
    <checkboxparamfield>
    </checkboxparamfield>
    <iscontrol>n</iscontrol>
    <controltype>
    </controltype>
    <controlparamfield>
    </controlparamfield>
    <displaytext>LocaleId</displaytext>
    <editactionurl>
    </editactionurl>
    <editparamfield>
    </editparamfield>
    <deleteactionurl>
    </deleteactionurl>
    <deleteparamfield>
    </deleteparamfield>
    <viewactionurl>
    </viewactionurl>
    <viewparamfield>
    </viewparamfield>
    <imageactionurl>
    </imageactionurl>
    <imageparamfield>
    </imageparamfield>
    <manageactionurl>
    </manageactionurl>
    <manageparamfield>
    </manageparamfield>
    <copyactionurl>
    </copyactionurl>
    <copyparamfield>
    </copyparamfield>
    <xaxis>n</xaxis>
    <yaxis>n</yaxis>
    <isadvancesearch>n</isadvancesearch>
    <Class>
    </Class>
    <SearchControlType>--Select--</SearchControlType>
    <SearchControlParameters>
    </SearchControlParameters>
    <DbParamField>
    </DbParamField>
    <useMode>DataBase</useMode>
    <IsGraph>n</IsGraph>
    <allowdetailview>n</allowdetailview>
  </column>
  <column>
    <id>2</id>
    <name>Name</name>
    <headertext>Locale Name</headertext>
    <width>40</width>
    <datatype>String</datatype>
    <columntype>String</columntype>
    <allowsorting>true</allowsorting>
    <allowpaging>true</allowpaging>
    <format>
    </format>
    <isvisible>y</isvisible>
    <mustshow>n</mustshow>
    <musthide>n</musthide>
    <maxlength>0</maxlength>
    <isallowsearch>y</isallowsearch>
    <isconditional>n</isconditional>
    <isallowlink>n</isallowlink>
    <islinkactionurl>
    </islinkactionurl>
    <islinkparamfield>LocaleId</islinkparamfield>
    <ischeckbox>n</ischeckbox>
    <checkboxparamfield>
    </checkboxparamfield>
    <iscontrol>n</iscontrol>
    <controltype>
    </controltype>
    <controlparamfield>
    </controlparamfield>
    <displaytext>
    </displaytext>
    <editactionurl>
    </editactionurl>
    <editparamfield>
    </editparamfield>
    <deleteactionurl>
    </deleteactionurl>
    <deleteparamfield>
    </deleteparamfield>
    <viewactionurl>
    </viewactionurl>
    <viewparamfield>
    </viewparamfield>
    <imageactionurl>
    </imageactionurl>
    <imageparamfield>
    </imageparamfield>
    <manageactionurl>
    </manageactionurl>
    <manageparamfield>
    </manageparamfield>
    <copyactionurl>
    </copyactionurl>
    <copyparamfield>
    </copyparamfield>
    <xaxis>n</xaxis>
    <yaxis>n</yaxis>
    <isadvancesearch>y</isadvancesearch>
    <Class>
    </Class>
    <SearchControlType>--Select--</SearchControlType>
    <SearchControlParameters>
    </SearchControlParameters>
    <DbParamField>
    </DbParamField>
    <useMode>DataBase</useMode>
    <IsGraph>n</IsGraph>
    <allowdetailview>n</allowdetailview>
  </column>
  <column>
    <id>3</id>
    <name>CreatedDate</name>
    <headertext>CreatedDate</headertext>
    <width>40</width>
    <datatype>String</datatype>
    <columntype>String</columntype>
    <allowsorting>false</allowsorting>
    <allowpaging>true</allowpaging>
    <format>
    </format>
    <isvisible>n</isvisible>
    <mustshow>n</mustshow>
    <musthide>n</musthide>
    <maxlength>0</maxlength>
    <isallowsearch>y</isallowsearch>
    <isconditional>n</isconditional>
    <isallowlink>n</isallowlink>
    <islinkactionurl>
    </islinkactionurl>
    <islinkparamfield>LocaleId</islinkparamfield>
    <ischeckbox>n</ischeckbox>
    <checkboxparamfield>
    </checkboxparamfield>
    <iscontrol>n</iscontrol>
    <controltype>
    </controltype>
    <controlparamfield>
    </controlparamfield>
    <displaytext>
    </displaytext>
    <editactionurl>
    </editactionurl>
    <editparamfield>
    </editparamfield>
    <deleteactionurl>
    </deleteactionurl>
    <deleteparamfield>
    </deleteparamfield>
    <viewactionurl>
    </viewactionurl>
    <viewparamfield>
    </viewparamfield>
    <imageactionurl>
    </imageactionurl>
    <imageparamfield>
    </imageparamfield>
    <manageactionurl>
    </manageactionurl>
    <manageparamfield>
    </manageparamfield>
    <copyactionurl>
    </copyactionurl>
    <copyparamfield>
    </copyparamfield>
    <xaxis>n</xaxis>
    <yaxis>n</yaxis>
    <isadvancesearch>n</isadvancesearch>
    <Class>
    </Class>
    <SearchControlType>--Select--</SearchControlType>
    <SearchControlParameters>
    </SearchControlParameters>
    <DbParamField>
    </DbParamField>
    <useMode>DataBase</useMode>
    <IsGraph>n</IsGraph>
    <allowdetailview>n</allowdetailview>
  </column>
  <column>
    <id>4</id>
    <name>ModifiedDate</name>
    <headertext>ModifiedDate</headertext>
    <width>40</width>
    <datatype>String</datatype>
    <columntype>String</columntype>
    <allowsorting>false</allowsorting>
    <allowpaging>true</allowpaging>
    <format>
    </format>
    <isvisible>n</isvisible>
    <mustshow>n</mustshow>
    <musthide>n</musthide>
    <maxlength>0</maxlength>
    <isallowsearch>y</isallowsearch>
    <isconditional>n</isconditional>
    <isallowlink>n</isallowlink>
    <islinkactionurl>
    </islinkactionurl>
    <islinkparamfield>LocaleId</islinkparamfield>
    <ischeckbox>n</ischeckbox>
    <checkboxparamfield>
    </checkboxparamfield>
    <iscontrol>n</iscontrol>
    <controltype>
    </controltype>
    <controlparamfield>
    </controlparamfield>
    <displaytext>
    </displaytext>
    <editactionurl>
    </editactionurl>
    <editparamfield>
    </editparamfield>
    <deleteactionurl>
    </deleteactionurl>
    <deleteparamfield>
    </deleteparamfield>
    <viewactionurl>
    </viewactionurl>
    <viewparamfield>
    </viewparamfield>
    <imageactionurl>
    </imageactionurl>
    <imageparamfield>
    </imageparamfield>
    <manageactionurl>
    </manageactionurl>
    <manageparamfield>
    </manageparamfield>
    <copyactionurl>
    </copyactionurl>
    <copyparamfield>
    </copyparamfield>
    <xaxis>n</xaxis>
    <yaxis>n</yaxis>
    <isadvancesearch>n</isadvancesearch>
    <Class>
    </Class>
    <SearchControlType>--Select--</SearchControlType>
    <SearchControlParameters>
    </SearchControlParameters>
    <DbParamField>
    </DbParamField>
    <useMode>DataBase</useMode>
    <IsGraph>n</IsGraph>
    <allowdetailview>n</allowdetailview>
  </column>
  <column>
    <id>5</id>
    <name>IsActive</name>
    <headertext>IsActive</headertext>
    <width>40</width>
    <datatype>Boolean</datatype>
    <columntype>Boolean</columntype>
    <allowsorting>false</allowsorting>
    <allowpaging>true</allowpaging>
    <format>
    </format>
    <isvisible>y</isvisible>
    <mustshow>n</mustshow>
    <musthide>n</musthide>
    <maxlength>0</maxlength>
    <isallowsearch>y</isallowsearch>
    <isconditional>n</isconditional>
    <isallowlink>n</isallowlink>
    <islinkactionurl>
    </islinkactionurl>
    <islinkparamfield>LocaleId</islinkparamfield>
    <ischeckbox>n</ischeckbox>
    <checkboxparamfield>
    </checkboxparamfield>
    <iscontrol>n</iscontrol>
    <controltype>
    </controltype>
    <controlparamfield>
    </controlparamfield>
    <displaytext>
    </displaytext>
    <editactionurl>
    </editactionurl>
    <editparamfield>
    </editparamfield>
    <deleteactionurl>
    </deleteactionurl>
    <deleteparamfield>
    </deleteparamfield>
    <viewactionurl>
    </viewactionurl>
    <viewparamfield>
    </viewparamfield>
    <imageactionurl>
    </imageactionurl>
    <imageparamfield>
    </imageparamfield>
    <manageactionurl>
    </manageactionurl>
    <manageparamfield>
    </manageparamfield>
    <copyactionurl>
    </copyactionurl>
    <copyparamfield>
    </copyparamfield>
    <xaxis>n</xaxis>
    <yaxis>n</yaxis>
    <isadvancesearch>n</isadvancesearch>
    <Class>
    </Class>
    <SearchControlType>--Select--</SearchControlType>
    <SearchControlParameters>
    </SearchControlParameters>
    <DbParamField>
    </DbParamField>
    <useMode>DataBase</useMode>
    <IsGraph>n</IsGraph>
    <allowdetailview>n</allowdetailview>
  </column>
  <column>
    <id>6</id>
    <name>IsDefault</name>
    <headertext>IsDefault</headertext>
    <width>40</width>
    <datatype>Boolean</datatype>
    <columntype>Boolean</columntype>
    <allowsorting>false</allowsorting>
    <allowpaging>true</allowpaging>
    <format>
    </format>
    <isvisible>y</isvisible>
    <mustshow>n</mustshow>
    <musthide>n</musthide>
    <maxlength>0</maxlength>
    <isallowsearch>y</isallowsearch>
    <isconditional>n</isconditional>
    <isallowlink>n</isallowlink>
    <islinkactionurl>
    </islinkactionurl>
    <islinkparamfield>LocaleId</islinkparamfield>
    <ischeckbox>n</ischeckbox>
    <checkboxparamfield>
    </checkboxparamfield>
    <iscontrol>n</iscontrol>
    <controltype>
    </controltype>
    <controlparamfield>
    </controlparamfield>
    <displaytext>
    </displaytext>
    <editactionurl>
    </editactionurl>
    <editparamfield>
    </editparamfield>
    <deleteactionurl>
    </deleteactionurl>
    <deleteparamfield>
    </deleteparamfield>
    <viewactionurl>
    </viewactionurl>
    <viewparamfield>
    </viewparamfield>
    <imageactionurl>
    </imageactionurl>
    <imageparamfield>
    </imageparamfield>
    <manageactionurl>
    </manageactionurl>
    <manageparamfield>
    </manageparamfield>
    <copyactionurl>
    </copyactionurl>
    <copyparamfield>
    </copyparamfield>
    <xaxis>n</xaxis>
    <yaxis>n</yaxis>
    <isadvancesearch>n</isadvancesearch>
    <Class>
    </Class>
    <SearchControlType>--Select--</SearchControlType>
    <SearchControlParameters>
    </SearchControlParameters>
    <DbParamField>
    </DbParamField>
    <useMode>DataBase</useMode>
    <IsGraph>n</IsGraph>
    <allowdetailview>n</allowdetailview>
  </column>
</columns>', N'ZnodeLocale', N'ZnodeLocale', N'ZnodeLocale', 0, NULL, NULL, NULL, NULL, 0, CAST(N'2016-03-09 17:02:46.507' AS DateTime), 2, CAST(N'2016-05-02 12:09:24.377' AS DateTime))
INSERT [dbo].[ZnodeApplicationSetting] ([ApplicationSettingId], [GroupName], [ItemName], [Setting], [ViewOptions], [FrontPageName], [FrontObjectName], [IsCompressed], [OrderByFields], [ItemNameWithoutCurrency], [CreatedByName], [ModifiedByName], [CreatedBy], [CreatedDate], [ModifiedBy], [ModifiedDate]) VALUES (20, N'Table', N'ZnodeCustomerAccount', N'<?xml version="1.0" encoding="utf-16"?>
<columns>
  <column>
    <id>1</id>
    <name>AccountId</name>
    <headertext>Checkbox</headertext>
    <width>40</width>
    <datatype>Int32</datatype>
    <columntype>Int32</columntype>
    <allowsorting>false</allowsorting>
    <allowpaging>false</allowpaging>
    <format>
    </format>
    <isvisible>y</isvisible>
    <mustshow>n</mustshow>
    <musthide>n</musthide>
    <maxlength>0</maxlength>
    <isallowsearch>n</isallowsearch>
    <isconditional>n</isconditional>
    <isallowlink>n</isallowlink>
    <islinkactionurl>
    </islinkactionurl>
    <islinkparamfield>
    </islinkparamfield>
    <ischeckbox>y</ischeckbox>
    <checkboxparamfield>AccountId</checkboxparamfield>
    <iscontrol>n</iscontrol>
    <controltype>
    </controltype>
    <controlparamfield>
    </controlparamfield>
    <displaytext>
    </displaytext>
    <editactionurl>
    </editactionurl>
    <editparamfield>
    </editparamfield>
    <deleteactionurl>
    </deleteactionurl>
    <deleteparamfield>
    </deleteparamfield>
    <viewactionurl>
    </viewactionurl>
    <viewparamfield>
    </viewparamfield>
    <imageactionurl>
    </imageactionurl>
    <imageparamfield>
    </imageparamfield>
    <manageactionurl>
    </manageactionurl>
    <manageparamfield>
    </manageparamfield>
    <copyactionurl>
    </copyactionurl>
    <copyparamfield>
    </copyparamfield>
    <xaxis>n</xaxis>
    <yaxis>n</yaxis>
    <isadvancesearch>y</isadvancesearch>
    <Class>
    </Class>
    <SearchControlType>--Select--</SearchControlType>
    <SearchControlParameters>
    </SearchControlParameters>
    <DbParamField>
    </DbParamField>
    <useMode>DataBase</useMode>
    <IsGraph>n</IsGraph>
    <allowdetailview>n</allowdetailview>
  </column>
  <column>
    <id>2</id>
    <name>FullName</name>
    <headertext>Full Name</headertext>
    <width>40</width>
    <datatype>String</datatype>
    <columntype>String</columntype>
    <allowsorting>true</allowsorting>
    <allowpaging>false</allowpaging>
    <format>
    </format>
    <isvisible>y</isvisible>
    <mustshow>n</mustshow>
    <musthide>n</musthide>
    <maxlength>0</maxlength>
    <isallowsearch>y</isallowsearch>
    <isconditional>n</isconditional>
    <isallowlink>n</isallowlink>
    <islinkactionurl>
    </islinkactionurl>
    <islinkparamfield>AccountId</islinkparamfield>
    <ischeckbox>n</ischeckbox>
    <checkboxparamfield>AccountId</checkboxparamfield>
    <iscontrol>n</iscontrol>
    <controltype>
    </controltype>
    <controlparamfield>
    </controlparamfield>
    <displaytext>Full Name</displaytext>
    <editactionurl>
    </editactionurl>
    <editparamfield>
    </editparamfield>
    <deleteactionurl>
    </deleteactionurl>
    <deleteparamfield>
    </deleteparamfield>
    <viewactionurl>
    </viewactionurl>
    <viewparamfield>
    </viewparamfield>
    <imageactionurl>
    </imageactionurl>
    <imageparamfield>
    </imageparamfield>
    <manageactionurl>
    </manageactionurl>
    <manageparamfield>
    </manageparamfield>
    <copyactionurl>
    </copyactionurl>
    <copyparamfield>
    </copyparamfield>
    <xaxis>n</xaxis>
    <yaxis>n</yaxis>
    <isadvancesearch>y</isadvancesearch>
    <Class>
    </Class>
    <SearchControlType>--Select--</SearchControlType>
    <SearchControlParameters>
    </SearchControlParameters>
    <DbParamField>
    </DbParamField>
    <useMode>DataBase</useMode>
    <IsGraph>n</IsGraph>
    <allowdetailview>n</allowdetailview>
  </column>
  <column>
    <id>3</id>
    <name>PhoneNumber</name>
    <headertext>Phone Number</headertext>
    <width>40</width>
    <datatype>String</datatype>
    <columntype>String</columntype>
    <allowsorting>true</allowsorting>
    <allowpaging>true</allowpaging>
    <format>
    </format>
    <isvisible>y</isvisible>
    <mustshow>n</mustshow>
    <musthide>n</musthide>
    <maxlength>0</maxlength>
    <isallowsearch>y</isallowsearch>
    <isconditional>n</isconditional>
    <isallowlink>n</isallowlink>
    <islinkactionurl>
    </islinkactionurl>
    <islinkparamfield>AccountId</islinkparamfield>
    <ischeckbox>n</ischeckbox>
    <checkboxparamfield>AccountId</checkboxparamfield>
    <iscontrol>n</iscontrol>
    <controltype>
    </controltype>
    <controlparamfield>
    </controlparamfield>
    <displaytext>Phone Number</displaytext>
    <editactionurl>
    </editactionurl>
    <editparamfield>
    </editparamfield>
    <deleteactionurl>
    </deleteactionurl>
    <deleteparamfield>
    </deleteparamfield>
    <viewactionurl>
    </viewactionurl>
    <viewparamfield>
    </viewparamfield>
    <imageactionurl>
    </imageactionurl>
    <imageparamfield>
    </imageparamfield>
    <manageactionurl>
    </manageactionurl>
    <manageparamfield>
    </manageparamfield>
    <copyactionurl>
    </copyactionurl>
    <copyparamfield>
    </copyparamfield>
    <xaxis>n</xaxis>
    <yaxis>n</yaxis>
    <isadvancesearch>y</isadvancesearch>
    <Class>
    </Class>
    <SearchControlType>--Select--</SearchControlType>
    <SearchControlParameters>
    </SearchControlParameters>
    <DbParamField>
    </DbParamField>
    <useMode>DataBase</useMode>
    <IsGraph>n</IsGraph>
    <allowdetailview>n</allowdetailview>
  </column>
  <column>
    <id>4</id>
    <name>Email</name>
    <headertext>Email Id</headertext>
    <width>40</width>
    <datatype>String</datatype>
    <columntype>String</columntype>
    <allowsorting>true</allowsorting>
    <allowpaging>true</allowpaging>
    <format>
    </format>
    <isvisible>y</isvisible>
    <mustshow>n</mustshow>
    <musthide>n</musthide>
    <maxlength>0</maxlength>
    <isallowsearch>y</isallowsearch>
    <isconditional>n</isconditional>
    <isallowlink>n</isallowlink>
    <islinkactionurl>
    </islinkactionurl>
    <islinkparamfield>AccountId</islinkparamfield>
    <ischeckbox>n</ischeckbox>
    <checkboxparamfield>AccountId</checkboxparamfield>
    <iscontrol>n</iscontrol>
    <controltype>
    </controltype>
    <controlparamfield>
    </controlparamfield>
    <displaytext>Email Id</displaytext>
    <editactionurl>
    </editactionurl>
    <editparamfield>
    </editparamfield>
    <deleteactionurl>
    </deleteactionurl>
    <deleteparamfield>
    </deleteparamfield>
    <viewactionurl>
    </viewactionurl>
    <viewparamfield>
    </viewparamfield>
    <imageactionurl>
    </imageactionurl>
    <imageparamfield>
    </imageparamfield>
    <manageactionurl>
    </manageactionurl>
    <manageparamfield>
    </manageparamfield>
    <copyactionurl>
    </copyactionurl>
    <copyparamfield>
    </copyparamfield>
    <xaxis>n</xaxis>
    <yaxis>n</yaxis>
    <isadvancesearch>y</isadvancesearch>
    <Class>
    </Class>
    <SearchControlType>--Select--</SearchControlType>
    <SearchControlParameters>
    </SearchControlParameters>
    <DbParamField>
    </DbParamField>
    <useMode>DataBase</useMode>
    <IsGraph>n</IsGraph>
    <allowdetailview>n</allowdetailview>
  </column>
  <column>
    <id>5</id>
    <name>UserName</name>
    <headertext>User Name</headertext>
    <width>40</width>
    <datatype>String</datatype>
    <columntype>String</columntype>
    <allowsorting>true</allowsorting>
    <allowpaging>false</allowpaging>
    <format>
    </format>
    <isvisible>y</isvisible>
    <mustshow>n</mustshow>
    <musthide>n</musthide>
    <maxlength>0</maxlength>
    <isallowsearch>y</isallowsearch>
    <isconditional>n</isconditional>
    <isallowlink>n</isallowlink>
    <islinkactionurl>
    </islinkactionurl>
    <islinkparamfield>AccountId</islinkparamfield>
    <ischeckbox>n</ischeckbox>
    <checkboxparamfield>AccountId</checkboxparamfield>
    <iscontrol>n</iscontrol>
    <controltype>
    </controltype>
    <controlparamfield>
    </controlparamfield>
    <displaytext>User Name</displaytext>
    <editactionurl>
    </editactionurl>
    <editparamfield>
    </editparamfield>
    <deleteactionurl>
    </deleteactionurl>
    <deleteparamfield>
    </deleteparamfield>
    <viewactionurl>
    </viewactionurl>
    <viewparamfield>
    </viewparamfield>
    <imageactionurl>
    </imageactionurl>
    <imageparamfield>
    </imageparamfield>
    <manageactionurl>
    </manageactionurl>
    <manageparamfield>
    </manageparamfield>
    <copyactionurl>
    </copyactionurl>
    <copyparamfield>
    </copyparamfield>
    <xaxis>n</xaxis>
    <yaxis>n</yaxis>
    <isadvancesearch>y</isadvancesearch>
    <Class>
    </Class>
    <SearchControlType>--Select--</SearchControlType>
    <SearchControlParameters>
    </SearchControlParameters>
    <DbParamField>
    </DbParamField>
    <useMode>DataBase</useMode>
    <IsGraph>n</IsGraph>
    <allowdetailview>n</allowdetailview>
  </column>
  <column>
    <id>6</id>
    <name>Manage</name>
    <headertext>Manage</headertext>
    <width>40</width>
    <datatype>String</datatype>
    <columntype>String</columntype>
    <allowsorting>false</allowsorting>
    <allowpaging>false</allowpaging>
    <format>Manage|Disable|Delete</format>
    <isvisible>y</isvisible>
    <mustshow>n</mustshow>
    <musthide>n</musthide>
    <maxlength>0</maxlength>
    <isallowsearch>n</isallowsearch>
    <isconditional>n</isconditional>
    <isallowlink>n</isallowlink>
    <islinkactionurl>
    </islinkactionurl>
    <islinkparamfield>AccountId</islinkparamfield>
    <ischeckbox>n</ischeckbox>
    <checkboxparamfield>AccountId</checkboxparamfield>
    <iscontrol>n</iscontrol>
    <controltype>
    </controltype>
    <controlparamfield>
    </controlparamfield>
    <displaytext>Manage|Disable|Delete</displaytext>
    <editactionurl>
    </editactionurl>
    <editparamfield>
    </editparamfield>
    <deleteactionurl>
    </deleteactionurl>
    <deleteparamfield>
    </deleteparamfield>
    <viewactionurl>
    </viewactionurl>
    <viewparamfield>
    </viewparamfield>
    <imageactionurl>
    </imageactionurl>
    <imageparamfield>
    </imageparamfield>
    <manageactionurl>/Account/CustomerManage|/Account/CustomerEnableDisableAccount|/Account/CustomerDelete</manageactionurl>
    <manageparamfield>AccountId|AccountId,IsLock|AccountId</manageparamfield>
    <copyactionurl>
    </copyactionurl>
    <copyparamfield>
    </copyparamfield>
    <xaxis>n</xaxis>
    <yaxis>n</yaxis>
    <isadvancesearch>y</isadvancesearch>
    <Class>grid-action</Class>
    <SearchControlType>--Select--</SearchControlType>
    <SearchControlParameters>
    </SearchControlParameters>
    <DbParamField>
    </DbParamField>
    <useMode>DataBase</useMode>
    <IsGraph>n</IsGraph>
    <allowdetailview>n</allowdetailview>
  </column>
  <column>
    <id>7</id>
    <name>LastName</name>
    <headertext>Last Name</headertext>
    <width>40</width>
    <datatype>String</datatype>
    <columntype>String</columntype>
    <allowsorting>true</allowsorting>
    <allowpaging>true</allowpaging>
    <format>
    </format>
    <isvisible>n</isvisible>
    <mustshow>n</mustshow>
    <musthide>n</musthide>
    <maxlength>0</maxlength>
    <isallowsearch>n</isallowsearch>
    <isconditional>n</isconditional>
    <isallowlink>n</isallowlink>
    <islinkactionurl>
    </islinkactionurl>
    <islinkparamfield>AccountId</islinkparamfield>
    <ischeckbox>n</ischeckbox>
    <checkboxparamfield>AccountId</checkboxparamfield>
    <iscontrol>n</iscontrol>
    <controltype>
    </controltype>
    <controlparamfield>
    </controlparamfield>
    <displaytext>Last Name</displaytext>
    <editactionurl>
    </editactionurl>
    <editparamfield>
    </editparamfield>
    <deleteactionurl>
    </deleteactionurl>
    <deleteparamfield>
    </deleteparamfield>
    <viewactionurl>
    </viewactionurl>
    <viewparamfield>
    </viewparamfield>
    <imageactionurl>
    </imageactionurl>
    <imageparamfield>
    </imageparamfield>
    <manageactionurl>
    </manageactionurl>
    <manageparamfield>
    </manageparamfield>
    <copyactionurl>
    </copyactionurl>
    <copyparamfield>
    </copyparamfield>
    <xaxis>n</xaxis>
    <yaxis>n</yaxis>
    <isadvancesearch>n</isadvancesearch>
    <Class>
    </Class>
    <SearchControlType>--Select--</SearchControlType>
    <SearchControlParameters>
    </SearchControlParameters>
    <DbParamField>
    </DbParamField>
    <useMode>DataBase</useMode>
    <IsGraph>n</IsGraph>
    <allowdetailview>n</allowdetailview>
  </column>
  <column>
    <id>8</id>
    <name>IsLock</name>
    <headertext>Is Lock</headertext>
    <width>40</width>
    <datatype>String</datatype>
    <columntype>String</columntype>
    <allowsorting>false</allowsorting>
    <allowpaging>false</allowpaging>
    <format>
    </format>
    <isvisible>n</isvisible>
    <mustshow>n</mustshow>
    <musthide>n</musthide>
    <maxlength>0</maxlength>
    <isallowsearch>n</isallowsearch>
    <isconditional>n</isconditional>
    <isallowlink>n</isallowlink>
    <islinkactionurl>
    </islinkactionurl>
    <islinkparamfield>AccountId</islinkparamfield>
    <ischeckbox>n</ischeckbox>
    <checkboxparamfield>AccountId</checkboxparamfield>
    <iscontrol>n</iscontrol>
    <controltype>
    </controltype>
    <controlparamfield>
    </controlparamfield>
    <displaytext>Is Lock</displaytext>
    <editactionurl>
    </editactionurl>
    <editparamfield>
    </editparamfield>
    <deleteactionurl>
    </deleteactionurl>
    <deleteparamfield>
    </deleteparamfield>
    <viewactionurl>
    </viewactionurl>
    <viewparamfield>
    </viewparamfield>
    <imageactionurl>
    </imageactionurl>
    <imageparamfield>
    </imageparamfield>
    <manageactionurl>
    </manageactionurl>
    <manageparamfield>
    </manageparamfield>
    <copyactionurl>
    </copyactionurl>
    <copyparamfield>
    </copyparamfield>
    <xaxis>n</xaxis>
    <yaxis>n</yaxis>
    <isadvancesearch>n</isadvancesearch>
    <Class>
    </Class>
    <SearchControlType>--Select--</SearchControlType>
    <SearchControlParameters>
    </SearchControlParameters>
    <DbParamField>
    </DbParamField>
    <useMode>DataBase</useMode>
    <IsGraph>n</IsGraph>
    <allowdetailview>n</allowdetailview>
  </column>
  <column>
    <id>9</id>
    <name>Edit</name>
    <headertext>Edit</headertext>
    <width>40</width>
    <datatype>String</datatype>
    <columntype>String</columntype>
    <allowsorting>false</allowsorting>
    <allowpaging>false</allowpaging>
    <format>
    </format>
    <isvisible>n</isvisible>
    <mustshow>n</mustshow>
    <musthide>n</musthide>
    <maxlength>0</maxlength>
    <isallowsearch>n</isallowsearch>
    <isconditional>n</isconditional>
    <isallowlink>n</isallowlink>
    <islinkactionurl>
    </islinkactionurl>
    <islinkparamfield>
    </islinkparamfield>
    <ischeckbox>n</ischeckbox>
    <checkboxparamfield>
    </checkboxparamfield>
    <iscontrol>n</iscontrol>
    <controltype>
    </controltype>
    <controlparamfield>
    </controlparamfield>
    <displaytext>Edit</displaytext>
    <editactionurl>/Customer/Edit</editactionurl>
    <editparamfield>Id</editparamfield>
    <deleteactionurl>
    </deleteactionurl>
    <deleteparamfield>
    </deleteparamfield>
    <viewactionurl>
    </viewactionurl>
    <viewparamfield>
    </viewparamfield>
    <imageactionurl>
    </imageactionurl>
    <imageparamfield>
    </imageparamfield>
    <manageactionurl>
    </manageactionurl>
    <manageparamfield>
    </manageparamfield>
    <copyactionurl>
    </copyactionurl>
    <copyparamfield>
    </copyparamfield>
    <xaxis>n</xaxis>
    <yaxis>n</yaxis>
    <isadvancesearch>n</isadvancesearch>
    <Class>
    </Class>
    <SearchControlType>--Select--</SearchControlType>
    <SearchControlParameters>
    </SearchControlParameters>
    <DbParamField>
    </DbParamField>
    <useMode>DataBase</useMode>
    <IsGraph>n</IsGraph>
    <allowdetailview>n</allowdetailview>
  </column>
  <column>
    <id>10</id>
    <name>Delete</name>
    <headertext>Delete</headertext>
    <width>40</width>
    <datatype>String</datatype>
    <columntype>String</columntype>
    <allowsorting>false</allowsorting>
    <allowpaging>false</allowpaging>
    <format>
    </format>
    <isvisible>n</isvisible>
    <mustshow>n</mustshow>
    <musthide>n</musthide>
    <maxlength>0</maxlength>
    <isallowsearch>n</isallowsearch>
    <isconditional>n</isconditional>
    <isallowlink>n</isallowlink>
    <islinkactionurl>
    </islinkactionurl>
    <islinkparamfield>
    </islinkparamfield>
    <ischeckbox>n</ischeckbox>
    <checkboxparamfield>
    </checkboxparamfield>
    <iscontrol>n</iscontrol>
    <controltype>
    </controltype>
    <controlparamfield>
    </controlparamfield>
    <displaytext>Delete</displaytext>
    <editactionurl>
    </editactionurl>
    <editparamfield>
    </editparamfield>
    <deleteactionurl>/Customer/Delete</deleteactionurl>
    <deleteparamfield>AccountId</deleteparamfield>
    <viewactionurl>
    </viewactionurl>
    <viewparamfield>
    </viewparamfield>
    <imageactionurl>
    </imageactionurl>
    <imageparamfield>
    </imageparamfield>
    <manageactionurl>
    </manageactionurl>
    <manageparamfield>
    </manageparamfield>
    <copyactionurl>
    </copyactionurl>
    <copyparamfield>
    </copyparamfield>
    <xaxis>n</xaxis>
    <yaxis>n</yaxis>
    <isadvancesearch>n</isadvancesearch>
    <Class>
    </Class>
    <SearchControlType>--Select--</SearchControlType>
    <SearchControlParameters>
    </SearchControlParameters>
    <DbParamField>
    </DbParamField>
    <useMode>DataBase</useMode>
    <IsGraph>n</IsGraph>
    <allowdetailview>n</allowdetailview>
  </column>
  <column>
    <id>11</id>
    <name>View</name>
    <headertext>View</headertext>
    <width>0</width>
    <datatype>String</datatype>
    <columntype>String</columntype>
    <allowsorting>false</allowsorting>
    <allowpaging>false</allowpaging>
    <format>
    </format>
    <isvisible>n</isvisible>
    <mustshow>n</mustshow>
    <musthide>n</musthide>
    <maxlength>0</maxlength>
    <isallowsearch>n</isallowsearch>
    <isconditional>n</isconditional>
    <isallowlink>n</isallowlink>
    <islinkactionurl>
    </islinkactionurl>
    <islinkparamfield>
    </islinkparamfield>
    <ischeckbox>n</ischeckbox>
    <checkboxparamfield>
    </checkboxparamfield>
    <iscontrol>n</iscontrol>
    <controltype>
    </controltype>
    <controlparamfield>
    </controlparamfield>
    <displaytext>View</displaytext>
    <editactionurl>
    </editactionurl>
    <editparamfield>
    </editparamfield>
    <deleteactionurl>
    </deleteactionurl>
    <deleteparamfield>
    </deleteparamfield>
    <viewactionurl>/Customer/Manage</viewactionurl>
    <viewparamfield>AccountId</viewparamfield>
    <imageactionurl>
    </imageactionurl>
    <imageparamfield>
    </imageparamfield>
    <manageactionurl>
    </manageactionurl>
    <manageparamfield>
    </manageparamfield>
    <copyactionurl>
    </copyactionurl>
    <copyparamfield>
    </copyparamfield>
    <xaxis>n</xaxis>
    <yaxis>n</yaxis>
    <isadvancesearch>n</isadvancesearch>
    <Class>
    </Class>
    <SearchControlType>--Select--</SearchControlType>
    <SearchControlParameters>
    </SearchControlParameters>
    <DbParamField>
    </DbParamField>
    <useMode>DataBase</useMode>
    <IsGraph>n</IsGraph>
    <allowdetailview>n</allowdetailview>
  </column>
</columns>', N'ZnodeCustomerAccount', N'ZnodeCustomerAccount', N'ZnodeCustomerAccount', 0, NULL, NULL, NULL, NULL, 1, CAST(N'2016-03-12 15:34:18.067' AS DateTime), 2, CAST(N'2016-05-03 13:28:33.157' AS DateTime))
INSERT [dbo].[ZnodeApplicationSetting] ([ApplicationSettingId], [GroupName], [ItemName], [Setting], [ViewOptions], [FrontPageName], [FrontObjectName], [IsCompressed], [OrderByFields], [ItemNameWithoutCurrency], [CreatedByName], [ModifiedByName], [CreatedBy], [CreatedDate], [ModifiedBy], [ModifiedDate]) VALUES (23, N'View', N'vw_ZNodeApplicationSetting', N'<?xml version="1.0" encoding="utf-16"?><columns><column><id>1</id><name>ApplicationSettingId</name><headertext>Id</headertext><width>10</width><datatype>Int32</datatype><columntype>Int32</columntype><allowsorting>true</allowsorting><allowpaging>true</allowpaging><format></format><isvisible>y</isvisible><mustshow>n</mustshow><musthide>n</musthide><maxlength>0</maxlength><isallowsearch>n</isallowsearch><isconditional>y</isconditional><isallowlink>n</isallowlink><islinkactionurl></islinkactionurl><islinkparamfield></islinkparamfield><ischeckbox>n</ischeckbox><checkboxparamfield></checkboxparamfield><iscontrol>n</iscontrol><controltype></controltype><controlparamfield></controlparamfield><displaytext></displaytext><editactionurl></editactionurl><editparamfield></editparamfield><deleteactionurl></deleteactionurl><deleteparamfield></deleteparamfield><viewactionurl></viewactionurl><viewparamfield></viewparamfield><imageactionurl></imageactionurl><imageparamfield></imageparamfield><manageactionurl></manageactionurl><manageparamfield></manageparamfield><copyactionurl></copyactionurl><copyparamfield></copyparamfield><xaxis>n</xaxis><yaxis>n</yaxis><isadvancesearch>y</isadvancesearch><Class></Class><SearchControlType>--Selet--</SearchControlType><SearchControlParameters></SearchControlParameters><DbParamField></DbParamField><useMode>DataBase</useMode><IsGraph>n</IsGraph></column><column><id>2</id><name>ItemName</name><headertext>List Name</headertext><width>40</width><datatype>String</datatype><columntype>String</columntype><allowsorting>true</allowsorting><allowpaging>true</allowpaging><format></format><isvisible>y</isvisible><mustshow>n</mustshow><musthide>n</musthide><maxlength>0</maxlength><isallowsearch>y</isallowsearch><isconditional>y</isconditional><isallowlink>n</isallowlink><islinkactionurl></islinkactionurl><islinkparamfield></islinkparamfield><ischeckbox>n</ischeckbox><checkboxparamfield></checkboxparamfield><iscontrol>n</iscontrol><controltype></controltype><controlparamfield></controlparamfield><displaytext></displaytext><editactionurl></editactionurl><editparamfield></editparamfield><deleteactionurl></deleteactionurl><deleteparamfield></deleteparamfield><viewactionurl></viewactionurl><viewparamfield></viewparamfield><imageactionurl></imageactionurl><imageparamfield></imageparamfield><manageactionurl></manageactionurl><manageparamfield></manageparamfield><copyactionurl></copyactionurl><copyparamfield></copyparamfield><xaxis>n</xaxis><yaxis>n</yaxis><isadvancesearch>y</isadvancesearch><Class></Class><SearchControlType>--Selet--</SearchControlType><SearchControlParameters></SearchControlParameters><DbParamField></DbParamField><useMode>DataBase</useMode><IsGraph>n</IsGraph></column><column><id>3</id><name>GroupName</name><headertext>Group Name</headertext><width>40</width><datatype>String</datatype><columntype>String</columntype><allowsorting>true</allowsorting><allowpaging>true</allowpaging><format></format><isvisible>y</isvisible><mustshow>n</mustshow><musthide>n</musthide><maxlength>0</maxlength><isallowsearch>n</isallowsearch><isconditional>y</isconditional><isallowlink>n</isallowlink><islinkactionurl></islinkactionurl><islinkparamfield></islinkparamfield><ischeckbox>n</ischeckbox><checkboxparamfield></checkboxparamfield><iscontrol>n</iscontrol><controltype></controltype><controlparamfield></controlparamfield><displaytext></displaytext><editactionurl></editactionurl><editparamfield></editparamfield><deleteactionurl></deleteactionurl><deleteparamfield></deleteparamfield><viewactionurl></viewactionurl><viewparamfield></viewparamfield><imageactionurl></imageactionurl><imageparamfield></imageparamfield><manageactionurl></manageactionurl><manageparamfield></manageparamfield><copyactionurl></copyactionurl><copyparamfield></copyparamfield><xaxis>n</xaxis><yaxis>n</yaxis><isadvancesearch>y</isadvancesearch><Class></Class><SearchControlType>--Selet--</SearchControlType><SearchControlParameters></SearchControlParameters><DbParamField></DbParamField><useMode>DataBase</useMode><IsGraph>n</IsGraph></column><column><id>4</id><name>Manage</name><headertext></headertext><width>0</width><datatype>String</datatype><columntype>String</columntype><allowsorting>false</allowsorting><allowpaging>false</allowpaging><format>Edit|Delete</format><isvisible>y</isvisible><mustshow>n</mustshow><musthide>n</musthide><maxlength>0</maxlength><isallowsearch>n</isallowsearch><isconditional>n</isconditional><isallowlink>n</isallowlink><islinkactionurl></islinkactionurl><islinkparamfield></islinkparamfield><ischeckbox>n</ischeckbox><checkboxparamfield></checkboxparamfield><iscontrol>n</iscontrol><controltype></controltype><controlparamfield></controlparamfield><displaytext>Edit|Delete</displaytext><editactionurl></editactionurl><editparamfield></editparamfield><deleteactionurl></deleteactionurl><deleteparamfield></deleteparamfield><viewactionurl></viewactionurl><viewparamfield></viewparamfield><imageactionurl></imageactionurl><imageparamfield></imageparamfield><manageactionurl>/xmlgenerator/edit|/xmlgenerator/Delete</manageactionurl><manageparamfield>ApplicationSettingId|ApplicationSettingId</manageparamfield><copyactionurl></copyactionurl><copyparamfield></copyparamfield><xaxis>n</xaxis><yaxis>n</yaxis><isadvancesearch>y</isadvancesearch><Class>grid-action</Class><SearchControlType>--Selet--</SearchControlType><SearchControlParameters></SearchControlParameters><DbParamField></DbParamField><useMode>DataBase</useMode><IsGraph>n</IsGraph></column></columns>', N'grid', N'grid', N'ZNodeApplicationSetting', 0, NULL, NULL, NULL, NULL, 2, CAST(N'2016-03-12 16:30:02.287' AS DateTime), 2, CAST(N'2016-03-12 16:30:02.287' AS DateTime))
INSERT [dbo].[ZnodeApplicationSetting] ([ApplicationSettingId], [GroupName], [ItemName], [Setting], [ViewOptions], [FrontPageName], [FrontObjectName], [IsCompressed], [OrderByFields], [ItemNameWithoutCurrency], [CreatedByName], [ModifiedByName], [CreatedBy], [CreatedDate], [ModifiedBy], [ModifiedDate]) VALUES (24, N'Table', N'ZnodeDomain', N'<?xml version="1.0" encoding="utf-16"?>
<columns>
  <column>
    <id>1</id>
    <name>DomainId</name>
    <headertext>Checkbox</headertext>
    <width>0</width>
    <datatype>String</datatype>
    <columntype>Int32</columntype>
    <allowsorting>false</allowsorting>
    <allowpaging>true</allowpaging>
    <format>
    </format>
    <isvisible>y</isvisible>
    <mustshow>n</mustshow>
    <musthide>n</musthide>
    <maxlength>0</maxlength>
    <isallowsearch>n</isallowsearch>
    <isconditional>n</isconditional>
    <isallowlink>n</isallowlink>
    <islinkactionurl>
    </islinkactionurl>
    <islinkparamfield>
    </islinkparamfield>
    <ischeckbox>y</ischeckbox>
    <checkboxparamfield>
    </checkboxparamfield>
    <iscontrol>n</iscontrol>
    <controltype>
    </controltype>
    <controlparamfield>
    </controlparamfield>
    <displaytext>
    </displaytext>
    <editactionurl>
    </editactionurl>
    <editparamfield>
    </editparamfield>
    <deleteactionurl>
    </deleteactionurl>
    <deleteparamfield>
    </deleteparamfield>
    <viewactionurl>
    </viewactionurl>
    <viewparamfield>
    </viewparamfield>
    <imageactionurl>
    </imageactionurl>
    <imageparamfield>
    </imageparamfield>
    <manageactionurl>
    </manageactionurl>
    <manageparamfield>
    </manageparamfield>
    <copyactionurl>
    </copyactionurl>
    <copyparamfield>
    </copyparamfield>
    <xaxis>n</xaxis>
    <yaxis>n</yaxis>
    <isadvancesearch>y</isadvancesearch>
    <Class>
    </Class>
    <SearchControlType>--Select--</SearchControlType>
    <SearchControlParameters>
    </SearchControlParameters>
    <DbParamField>
    </DbParamField>
    <useMode>DataBase</useMode>
    <IsGraph>n</IsGraph>
    <allowdetailview>n</allowdetailview>
  </column>
  <column>
    <id>2</id>
    <name>DomainId</name>
    <headertext>DomainId</headertext>
    <width>10</width>
    <datatype>Int32</datatype>
    <columntype>Int32</columntype>
    <allowsorting>true</allowsorting>
    <allowpaging>true</allowpaging>
    <format>
    </format>
    <isvisible>y</isvisible>
    <mustshow>n</mustshow>
    <musthide>n</musthide>
    <maxlength>0</maxlength>
    <isallowsearch>n</isallowsearch>
    <isconditional>n</isconditional>
    <isallowlink>n</isallowlink>
    <islinkactionurl>
    </islinkactionurl>
    <islinkparamfield>
    </islinkparamfield>
    <ischeckbox>n</ischeckbox>
    <checkboxparamfield>
    </checkboxparamfield>
    <iscontrol>n</iscontrol>
    <controltype>
    </controltype>
    <controlparamfield>
    </controlparamfield>
    <displaytext>
    </displaytext>
    <editactionurl>
    </editactionurl>
    <editparamfield>
    </editparamfield>
    <deleteactionurl>
    </deleteactionurl>
    <deleteparamfield>
    </deleteparamfield>
    <viewactionurl>
    </viewactionurl>
    <viewparamfield>
    </viewparamfield>
    <imageactionurl>
    </imageactionurl>
    <imageparamfield>
    </imageparamfield>
    <manageactionurl>
    </manageactionurl>
    <manageparamfield>
    </manageparamfield>
    <copyactionurl>
    </copyactionurl>
    <copyparamfield>
    </copyparamfield>
    <xaxis>n</xaxis>
    <yaxis>n</yaxis>
    <isadvancesearch>y</isadvancesearch>
    <Class>
    </Class>
    <SearchControlType>--Select--</SearchControlType>
    <SearchControlParameters>
    </SearchControlParameters>
    <DbParamField>
    </DbParamField>
    <useMode>DataBase</useMode>
    <IsGraph>n</IsGraph>
    <allowdetailview>n</allowdetailview>
  </column>
  <column>
    <id>3</id>
    <name>DomainName</name>
    <headertext>DomainName</headertext>
    <width>40</width>
    <datatype>String</datatype>
    <columntype>String</columntype>
    <allowsorting>true</allowsorting>
    <allowpaging>true</allowpaging>
    <format>
    </format>
    <isvisible>y</isvisible>
    <mustshow>n</mustshow>
    <musthide>n</musthide>
    <maxlength>0</maxlength>
    <isallowsearch>y</isallowsearch>
    <isconditional>n</isconditional>
    <isallowlink>n</isallowlink>
    <islinkactionurl>
    </islinkactionurl>
    <islinkparamfield>
    </islinkparamfield>
    <ischeckbox>n</ischeckbox>
    <checkboxparamfield>
    </checkboxparamfield>
    <iscontrol>n</iscontrol>
    <controltype>
    </controltype>
    <controlparamfield>
    </controlparamfield>
    <displaytext>
    </displaytext>
    <editactionurl>
    </editactionurl>
    <editparamfield>
    </editparamfield>
    <deleteactionurl>
    </deleteactionurl>
    <deleteparamfield>
    </deleteparamfield>
    <viewactionurl>
    </viewactionurl>
    <viewparamfield>
    </viewparamfield>
    <imageactionurl>
    </imageactionurl>
    <imageparamfield>
    </imageparamfield>
    <manageactionurl>
    </manageactionurl>
    <manageparamfield>
    </manageparamfield>
    <copyactionurl>
    </copyactionurl>
    <copyparamfield>
    </copyparamfield>
    <xaxis>n</xaxis>
    <yaxis>n</yaxis>
    <isadvancesearch>y</isadvancesearch>
    <Class>
    </Class>
    <SearchControlType>--Select--</SearchControlType>
    <SearchControlParameters>
    </SearchControlParameters>
    <DbParamField>
    </DbParamField>
    <useMode>DataBase</useMode>
    <IsGraph>n</IsGraph>
    <allowdetailview>n</allowdetailview>
  </column>
  <column>
    <id>4</id>
    <name>ApiKey</name>
    <headertext>ApiKey</headertext>
    <width>40</width>
    <datatype>String</datatype>
    <columntype>String</columntype>
    <allowsorting>true</allowsorting>
    <allowpaging>true</allowpaging>
    <format>
    </format>
    <isvisible>y</isvisible>
    <mustshow>n</mustshow>
    <musthide>n</musthide>
    <maxlength>0</maxlength>
    <isallowsearch>n</isallowsearch>
    <isconditional>n</isconditional>
    <isallowlink>n</isallowlink>
    <islinkactionurl>
    </islinkactionurl>
    <islinkparamfield>
    </islinkparamfield>
    <ischeckbox>n</ischeckbox>
    <checkboxparamfield>
    </checkboxparamfield>
    <iscontrol>n</iscontrol>
    <controltype>
    </controltype>
    <controlparamfield>
    </controlparamfield>
    <displaytext>
    </displaytext>
    <editactionurl>
    </editactionurl>
    <editparamfield>
    </editparamfield>
    <deleteactionurl>
    </deleteactionurl>
    <deleteparamfield>
    </deleteparamfield>
    <viewactionurl>
    </viewactionurl>
    <viewparamfield>
    </viewparamfield>
    <imageactionurl>
    </imageactionurl>
    <imageparamfield>
    </imageparamfield>
    <manageactionurl>
    </manageactionurl>
    <manageparamfield>
    </manageparamfield>
    <copyactionurl>
    </copyactionurl>
    <copyparamfield>
    </copyparamfield>
    <xaxis>n</xaxis>
    <yaxis>n</yaxis>
    <isadvancesearch>y</isadvancesearch>
    <Class>
    </Class>
    <SearchControlType>--Select--</SearchControlType>
    <SearchControlParameters>
    </SearchControlParameters>
    <DbParamField>
    </DbParamField>
    <useMode>DataBase</useMode>
    <IsGraph>n</IsGraph>
    <allowdetailview>n</allowdetailview>
  </column>
  <column>
    <id>5</id>
    <name>IsActive</name>
    <headertext>IsActive</headertext>
    <width>40</width>
    <datatype>Boolean</datatype>
    <columntype>Boolean</columntype>
    <allowsorting>false</allowsorting>
    <allowpaging>true</allowpaging>
    <format>
    </format>
    <isvisible>y</isvisible>
    <mustshow>n</mustshow>
    <musthide>n</musthide>
    <maxlength>0</maxlength>
    <isallowsearch>n</isallowsearch>
    <isconditional>n</isconditional>
    <isallowlink>n</isallowlink>
    <islinkactionurl>
    </islinkactionurl>
    <islinkparamfield>
    </islinkparamfield>
    <ischeckbox>n</ischeckbox>
    <checkboxparamfield>
    </checkboxparamfield>
    <iscontrol>n</iscontrol>
    <controltype>
    </controltype>
    <controlparamfield>
    </controlparamfield>
    <displaytext>
    </displaytext>
    <editactionurl>
    </editactionurl>
    <editparamfield>
    </editparamfield>
    <deleteactionurl>
    </deleteactionurl>
    <deleteparamfield>
    </deleteparamfield>
    <viewactionurl>
    </viewactionurl>
    <viewparamfield>
    </viewparamfield>
    <imageactionurl>
    </imageactionurl>
    <imageparamfield>
    </imageparamfield>
    <manageactionurl>
    </manageactionurl>
    <manageparamfield>
    </manageparamfield>
    <copyactionurl>
    </copyactionurl>
    <copyparamfield>
    </copyparamfield>
    <xaxis>n</xaxis>
    <yaxis>n</yaxis>
    <isadvancesearch>y</isadvancesearch>
    <Class>
    </Class>
    <SearchControlType>--Select--</SearchControlType>
    <SearchControlParameters>
    </SearchControlParameters>
    <DbParamField>
    </DbParamField>
    <useMode>DataBase</useMode>
    <IsGraph>n</IsGraph>
    <allowdetailview>n</allowdetailview>
  </column>
  <column>
    <id>6</id>
    <name>Manage</name>
    <headertext>Manage</headertext>
    <width>50</width>
    <datatype>String</datatype>
    <columntype>String</columntype>
    <allowsorting>false</allowsorting>
    <allowpaging>true</allowpaging>
    <format>Manage|Edit|Delete</format>
    <isvisible>y</isvisible>
    <mustshow>n</mustshow>
    <musthide>y</musthide>
    <maxlength>0</maxlength>
    <isallowsearch>n</isallowsearch>
    <isconditional>y</isconditional>
    <isallowlink>n</isallowlink>
    <islinkactionurl>
    </islinkactionurl>
    <islinkparamfield>PortalId</islinkparamfield>
    <ischeckbox>n</ischeckbox>
    <checkboxparamfield>
    </checkboxparamfield>
    <iscontrol>n</iscontrol>
    <controltype>
    </controltype>
    <controlparamfield>
    </controlparamfield>
    <displaytext>Manage|Edit|Delete</displaytext>
    <editactionurl>
    </editactionurl>
    <editparamfield>
    </editparamfield>
    <deleteactionurl>
    </deleteactionurl>
    <deleteparamfield>
    </deleteparamfield>
    <viewactionurl>
    </viewactionurl>
    <viewparamfield>
    </viewparamfield>
    <imageactionurl>
    </imageactionurl>
    <imageparamfield>
    </imageparamfield>
    <manageactionurl>/Store/ClearDemoWebsiteCache|/Store/EditUrl|/Store/DeleteUrl</manageactionurl>
    <manageparamfield>domainName,domainId|portalId,domainId|domainId</manageparamfield>
    <copyactionurl>
    </copyactionurl>
    <copyparamfield>
    </copyparamfield>
    <xaxis>n</xaxis>
    <yaxis>n</yaxis>
    <isadvancesearch>y</isadvancesearch>
    <Class>
    </Class>
    <SearchControlType>--Select--</SearchControlType>
    <SearchControlParameters>
    </SearchControlParameters>
    <DbParamField>
    </DbParamField>
    <useMode>DataBase</useMode>
    <IsGraph>n</IsGraph>
    <allowdetailview>n</allowdetailview>
  </column>
</columns>', N'Url', N'Url', N'Url', 0, NULL, NULL, NULL, NULL, 0, CAST(N'2016-03-12 11:39:57.813' AS DateTime), 2, CAST(N'2016-04-26 11:40:11.483' AS DateTime))
INSERT [dbo].[ZnodeApplicationSetting] ([ApplicationSettingId], [GroupName], [ItemName], [Setting], [ViewOptions], [FrontPageName], [FrontObjectName], [IsCompressed], [OrderByFields], [ItemNameWithoutCurrency], [CreatedByName], [ModifiedByName], [CreatedBy], [CreatedDate], [ModifiedBy], [ModifiedDate]) VALUES (27, N'Table', N'RoleList', N'<?xml version="1.0" encoding="utf-16"?>
<columns>
  <column>
    <id>1</id>
    <name>Id</name>
    <headertext>Checkbox</headertext>
    <width>10</width>
    <datatype>String</datatype>
    <columntype>String</columntype>
    <allowsorting>true</allowsorting>
    <allowpaging>true</allowpaging>
    <format>
    </format>
    <isvisible>y</isvisible>
    <mustshow>n</mustshow>
    <musthide>n</musthide>
    <maxlength>0</maxlength>
    <isallowsearch>n</isallowsearch>
    <isconditional>y</isconditional>
    <isallowlink>n</isallowlink>
    <islinkactionurl>
    </islinkactionurl>
    <islinkparamfield>Id</islinkparamfield>
    <ischeckbox>y</ischeckbox>
    <checkboxparamfield>
    </checkboxparamfield>
    <iscontrol>n</iscontrol>
    <controltype>
    </controltype>
    <controlparamfield>
    </controlparamfield>
    <displaytext>
    </displaytext>
    <editactionurl>
    </editactionurl>
    <editparamfield>
    </editparamfield>
    <deleteactionurl>
    </deleteactionurl>
    <deleteparamfield>
    </deleteparamfield>
    <viewactionurl>
    </viewactionurl>
    <viewparamfield>
    </viewparamfield>
    <imageactionurl>
    </imageactionurl>
    <imageparamfield>
    </imageparamfield>
    <manageactionurl>
    </manageactionurl>
    <manageparamfield>
    </manageparamfield>
    <copyactionurl>
    </copyactionurl>
    <copyparamfield>
    </copyparamfield>
    <xaxis>n</xaxis>
    <yaxis>n</yaxis>
    <isadvancesearch>y</isadvancesearch>
    <Class>
    </Class>
    <SearchControlType>--Select--</SearchControlType>
    <SearchControlParameters>
    </SearchControlParameters>
    <DbParamField>
    </DbParamField>
    <useMode>DataBase</useMode>
    <IsGraph>n</IsGraph>
    <allowdetailview>n</allowdetailview>
  </column>
  <column>
    <id>2</id>
    <name>Name</name>
    <headertext>Role Name</headertext>
    <width>50</width>
    <datatype>String</datatype>
    <columntype>String</columntype>
    <allowsorting>true</allowsorting>
    <allowpaging>true</allowpaging>
    <format>
    </format>
    <isvisible>y</isvisible>
    <mustshow>n</mustshow>
    <musthide>n</musthide>
    <maxlength>0</maxlength>
    <isallowsearch>y</isallowsearch>
    <isconditional>y</isconditional>
    <isallowlink>n</isallowlink>
    <islinkactionurl>
    </islinkactionurl>
    <islinkparamfield>Id</islinkparamfield>
    <ischeckbox>n</ischeckbox>
    <checkboxparamfield>Id</checkboxparamfield>
    <iscontrol>n</iscontrol>
    <controltype>
    </controltype>
    <controlparamfield>
    </controlparamfield>
    <displaytext>
    </displaytext>
    <editactionurl>
    </editactionurl>
    <editparamfield>
    </editparamfield>
    <deleteactionurl>
    </deleteactionurl>
    <deleteparamfield>
    </deleteparamfield>
    <viewactionurl>
    </viewactionurl>
    <viewparamfield>
    </viewparamfield>
    <imageactionurl>
    </imageactionurl>
    <imageparamfield>
    </imageparamfield>
    <manageactionurl>
    </manageactionurl>
    <manageparamfield>
    </manageparamfield>
    <copyactionurl>
    </copyactionurl>
    <copyparamfield>
    </copyparamfield>
    <xaxis>n</xaxis>
    <yaxis>n</yaxis>
    <isadvancesearch>y</isadvancesearch>
    <Class>
    </Class>
    <SearchControlType>--Select--</SearchControlType>
    <SearchControlParameters>
    </SearchControlParameters>
    <DbParamField>
    </DbParamField>
    <useMode>DataBase</useMode>
    <IsGraph>n</IsGraph>
    <allowdetailview>n</allowdetailview>
  </column>
  <column>
    <id>3</id>
    <name>IsActive</name>
    <headertext>Is Active</headertext>
    <width>50</width>
    <datatype>Boolean</datatype>
    <columntype>Boolean</columntype>
    <allowsorting>true</allowsorting>
    <allowpaging>true</allowpaging>
    <format>
    </format>
    <isvisible>y</isvisible>
    <mustshow>n</mustshow>
    <musthide>n</musthide>
    <maxlength>0</maxlength>
    <isallowsearch>y</isallowsearch>
    <isconditional>n</isconditional>
    <isallowlink>n</isallowlink>
    <islinkactionurl>
    </islinkactionurl>
    <islinkparamfield>
    </islinkparamfield>
    <ischeckbox>n</ischeckbox>
    <checkboxparamfield>Id</checkboxparamfield>
    <iscontrol>n</iscontrol>
    <controltype>
    </controltype>
    <controlparamfield>
    </controlparamfield>
    <displaytext>
    </displaytext>
    <editactionurl>
    </editactionurl>
    <editparamfield>
    </editparamfield>
    <deleteactionurl>
    </deleteactionurl>
    <deleteparamfield>
    </deleteparamfield>
    <viewactionurl>
    </viewactionurl>
    <viewparamfield>
    </viewparamfield>
    <imageactionurl>
    </imageactionurl>
    <imageparamfield>
    </imageparamfield>
    <manageactionurl>
    </manageactionurl>
    <manageparamfield>
    </manageparamfield>
    <copyactionurl>
    </copyactionurl>
    <copyparamfield>
    </copyparamfield>
    <xaxis>n</xaxis>
    <yaxis>n</yaxis>
    <isadvancesearch>y</isadvancesearch>
    <Class>
    </Class>
    <SearchControlType>--Select--</SearchControlType>
    <SearchControlParameters>
    </SearchControlParameters>
    <DbParamField>
    </DbParamField>
    <useMode>DataBase</useMode>
    <IsGraph>n</IsGraph>
    <allowdetailview>n</allowdetailview>
  </column>
  <column>
    <id>4</id>
    <name>Manage</name>
    <headertext>Manage</headertext>
    <width>50</width>
    <datatype>String</datatype>
    <columntype>String</columntype>
    <allowsorting>false</allowsorting>
    <allowpaging>true</allowpaging>
    <format>Manage|Edit|Delete</format>
    <isvisible>y</isvisible>
    <mustshow>n</mustshow>
    <musthide>y</musthide>
    <maxlength>0</maxlength>
    <isallowsearch>n</isallowsearch>
    <isconditional>y</isconditional>
    <isallowlink>n</isallowlink>
    <islinkactionurl>
    </islinkactionurl>
    <islinkparamfield>Id,Name|</islinkparamfield>
    <ischeckbox>n</ischeckbox>
    <checkboxparamfield>Id</checkboxparamfield>
    <iscontrol>n</iscontrol>
    <controltype>
    </controltype>
    <controlparamfield>
    </controlparamfield>
    <displaytext>Manage|Edit|Delete</displaytext>
    <editactionurl>
    </editactionurl>
    <editparamfield>
    </editparamfield>
    <deleteactionurl>
    </deleteactionurl>
    <deleteparamfield>
    </deleteparamfield>
    <viewactionurl>
    </viewactionurl>
    <viewparamfield>
    </viewparamfield>
    <imageactionurl>
    </imageactionurl>
    <imageparamfield>
    </imageparamfield>
    <manageactionurl>/RoleAndAccessRight/ManageRole|/RoleAndAccessRight/EditRole|/RoleAndAccessRight/DeleteRole</manageactionurl>
    <manageparamfield>Id,Name|Id|Id</manageparamfield>
    <copyactionurl>
    </copyactionurl>
    <copyparamfield>
    </copyparamfield>
    <xaxis>n</xaxis>
    <yaxis>n</yaxis>
    <isadvancesearch>y</isadvancesearch>
    <Class>grid-action</Class>
    <SearchControlType>--Select--</SearchControlType>
    <SearchControlParameters>
    </SearchControlParameters>
    <DbParamField>
    </DbParamField>
    <useMode>DataBase</useMode>
    <IsGraph>n</IsGraph>
    <allowdetailview>n</allowdetailview>
  </column>
</columns>', N'grid', N'RoleList', N'RoleList', 0, NULL, NULL, NULL, NULL, 0, CAST(N'2016-03-09 16:14:27.040' AS DateTime), 0, CAST(N'2016-04-18 12:01:29.657' AS DateTime))
INSERT [dbo].[ZnodeApplicationSetting] ([ApplicationSettingId], [GroupName], [ItemName], [Setting], [ViewOptions], [FrontPageName], [FrontObjectName], [IsCompressed], [OrderByFields], [ItemNameWithoutCurrency], [CreatedByName], [ModifiedByName], [CreatedBy], [CreatedDate], [ModifiedBy], [ModifiedDate]) VALUES (28, N'Table', N'ZnodeProviderEngine', N'<?xml version="1.0" encoding="utf-16"?>
<columns>
  <column>
    <id>1</id>
    <name>Id</name>
    <headertext>Checkbox</headertext>
    <width>40</width>
    <datatype>Int32</datatype>
    <columntype>Int32</columntype>
    <allowsorting>false</allowsorting>
    <allowpaging>false</allowpaging>
    <format>
    </format>
    <isvisible>y</isvisible>
    <mustshow>n</mustshow>
    <musthide>n</musthide>
    <maxlength>0</maxlength>
    <isallowsearch>n</isallowsearch>
    <isconditional>n</isconditional>
    <isallowlink>n</isallowlink>
    <islinkactionurl>
    </islinkactionurl>
    <islinkparamfield>taxRuleTypeId</islinkparamfield>
    <ischeckbox>y</ischeckbox>
    <checkboxparamfield>
    </checkboxparamfield>
    <iscontrol>n</iscontrol>
    <controltype>
    </controltype>
    <controlparamfield>
    </controlparamfield>
    <displaytext>taxRuleType Id</displaytext>
    <editactionurl>
    </editactionurl>
    <editparamfield>
    </editparamfield>
    <deleteactionurl>
    </deleteactionurl>
    <deleteparamfield>
    </deleteparamfield>
    <viewactionurl>
    </viewactionurl>
    <viewparamfield>
    </viewparamfield>
    <imageactionurl>
    </imageactionurl>
    <imageparamfield>
    </imageparamfield>
    <manageactionurl>
    </manageactionurl>
    <manageparamfield>
    </manageparamfield>
    <copyactionurl>
    </copyactionurl>
    <copyparamfield>
    </copyparamfield>
    <xaxis>n</xaxis>
    <yaxis>n</yaxis>
    <isadvancesearch>y</isadvancesearch>
    <Class>
    </Class>
    <SearchControlType>--Select--</SearchControlType>
    <SearchControlParameters>
    </SearchControlParameters>
    <DbParamField>
    </DbParamField>
    <useMode>DataBase</useMode>
    <IsGraph>n</IsGraph>
    <allowdetailview>n</allowdetailview>
  </column>
  <column>
    <id>2</id>
    <name>ClassName</name>
    <headertext>Class Name</headertext>
    <width>40</width>
    <datatype>String</datatype>
    <columntype>String</columntype>
    <allowsorting>false</allowsorting>
    <allowpaging>false</allowpaging>
    <format>
    </format>
    <isvisible>y</isvisible>
    <mustshow>n</mustshow>
    <musthide>n</musthide>
    <maxlength>0</maxlength>
    <isallowsearch>n</isallowsearch>
    <isconditional>n</isconditional>
    <isallowlink>n</isallowlink>
    <islinkactionurl>
    </islinkactionurl>
    <islinkparamfield>taxRuleTypeId</islinkparamfield>
    <ischeckbox>n</ischeckbox>
    <checkboxparamfield>taxRuleTypeId</checkboxparamfield>
    <iscontrol>n</iscontrol>
    <controltype>
    </controltype>
    <controlparamfield>
    </controlparamfield>
    <displaytext>Class Name</displaytext>
    <editactionurl>
    </editactionurl>
    <editparamfield>
    </editparamfield>
    <deleteactionurl>
    </deleteactionurl>
    <deleteparamfield>
    </deleteparamfield>
    <viewactionurl>
    </viewactionurl>
    <viewparamfield>
    </viewparamfield>
    <imageactionurl>
    </imageactionurl>
    <imageparamfield>
    </imageparamfield>
    <manageactionurl>
    </manageactionurl>
    <manageparamfield>
    </manageparamfield>
    <copyactionurl>
    </copyactionurl>
    <copyparamfield>
    </copyparamfield>
    <xaxis>n</xaxis>
    <yaxis>n</yaxis>
    <isadvancesearch>y</isadvancesearch>
    <Class>
    </Class>
    <SearchControlType>--Select--</SearchControlType>
    <SearchControlParameters>
    </SearchControlParameters>
    <DbParamField>
    </DbParamField>
    <useMode>DataBase</useMode>
    <IsGraph>n</IsGraph>
    <allowdetailview>n</allowdetailview>
  </column>
  <column>
    <id>3</id>
    <name>Name</name>
    <headertext>Name</headertext>
    <width>40</width>
    <datatype>String</datatype>
    <columntype>String</columntype>
    <allowsorting>false</allowsorting>
    <allowpaging>true</allowpaging>
    <format>
    </format>
    <isvisible>y</isvisible>
    <mustshow>n</mustshow>
    <musthide>n</musthide>
    <maxlength>0</maxlength>
    <isallowsearch>n</isallowsearch>
    <isconditional>n</isconditional>
    <isallowlink>n</isallowlink>
    <islinkactionurl>
    </islinkactionurl>
    <islinkparamfield>taxRuleTypeId</islinkparamfield>
    <ischeckbox>n</ischeckbox>
    <checkboxparamfield>taxRuleTypeId</checkboxparamfield>
    <iscontrol>n</iscontrol>
    <controltype>
    </controltype>
    <controlparamfield>
    </controlparamfield>
    <displaytext>Name</displaytext>
    <editactionurl>
    </editactionurl>
    <editparamfield>
    </editparamfield>
    <deleteactionurl>
    </deleteactionurl>
    <deleteparamfield>
    </deleteparamfield>
    <viewactionurl>
    </viewactionurl>
    <viewparamfield>
    </viewparamfield>
    <imageactionurl>
    </imageactionurl>
    <imageparamfield>
    </imageparamfield>
    <manageactionurl>
    </manageactionurl>
    <manageparamfield>
    </manageparamfield>
    <copyactionurl>
    </copyactionurl>
    <copyparamfield>
    </copyparamfield>
    <xaxis>n</xaxis>
    <yaxis>n</yaxis>
    <isadvancesearch>y</isadvancesearch>
    <Class>
    </Class>
    <SearchControlType>--Select--</SearchControlType>
    <SearchControlParameters>
    </SearchControlParameters>
    <DbParamField>
    </DbParamField>
    <useMode>DataBase</useMode>
    <IsGraph>n</IsGraph>
    <allowdetailview>n</allowdetailview>
  </column>
  <column>
    <id>4</id>
    <name>IsActive</name>
    <headertext>Enabled</headertext>
    <width>40</width>
    <datatype>Boolean</datatype>
    <columntype>Boolean</columntype>
    <allowsorting>false</allowsorting>
    <allowpaging>false</allowpaging>
    <format>
    </format>
    <isvisible>y</isvisible>
    <mustshow>n</mustshow>
    <musthide>n</musthide>
    <maxlength>0</maxlength>
    <isallowsearch>n</isallowsearch>
    <isconditional>n</isconditional>
    <isallowlink>n</isallowlink>
    <islinkactionurl>
    </islinkactionurl>
    <islinkparamfield>taxRuleTypeId</islinkparamfield>
    <ischeckbox>n</ischeckbox>
    <checkboxparamfield>taxRuleTypeId</checkboxparamfield>
    <iscontrol>n</iscontrol>
    <controltype>
    </controltype>
    <controlparamfield>
    </controlparamfield>
    <displaytext>Enabled</displaytext>
    <editactionurl>
    </editactionurl>
    <editparamfield>
    </editparamfield>
    <deleteactionurl>
    </deleteactionurl>
    <deleteparamfield>
    </deleteparamfield>
    <viewactionurl>
    </viewactionurl>
    <viewparamfield>
    </viewparamfield>
    <imageactionurl>
    </imageactionurl>
    <imageparamfield>
    </imageparamfield>
    <manageactionurl>
    </manageactionurl>
    <manageparamfield>
    </manageparamfield>
    <copyactionurl>
    </copyactionurl>
    <copyparamfield>
    </copyparamfield>
    <xaxis>n</xaxis>
    <yaxis>n</yaxis>
    <isadvancesearch>y</isadvancesearch>
    <Class>
    </Class>
    <SearchControlType>--Select--</SearchControlType>
    <SearchControlParameters>
    </SearchControlParameters>
    <DbParamField>
    </DbParamField>
    <useMode>DataBase</useMode>
    <IsGraph>n</IsGraph>
    <allowdetailview>n</allowdetailview>
  </column>
  <column>
    <id>5</id>
    <name>Manage</name>
    <headertext>Action</headertext>
    <width>40</width>
    <datatype>String</datatype>
    <columntype>String</columntype>
    <allowsorting>false</allowsorting>
    <allowpaging>false</allowpaging>
    <format>Edit|Delete</format>
    <isvisible>y</isvisible>
    <mustshow>n</mustshow>
    <musthide>n</musthide>
    <maxlength>0</maxlength>
    <isallowsearch>n</isallowsearch>
    <isconditional>n</isconditional>
    <isallowlink>n</isallowlink>
    <islinkactionurl>
    </islinkactionurl>
    <islinkparamfield>AccountId</islinkparamfield>
    <ischeckbox>n</ischeckbox>
    <checkboxparamfield>AccountId</checkboxparamfield>
    <iscontrol>n</iscontrol>
    <controltype>
    </controltype>
    <controlparamfield>
    </controlparamfield>
    <displaytext>Edit|Delete</displaytext>
    <editactionurl>
    </editactionurl>
    <editparamfield>
    </editparamfield>
    <deleteactionurl>
    </deleteactionurl>
    <deleteparamfield>
    </deleteparamfield>
    <viewactionurl>
    </viewactionurl>
    <viewparamfield>
    </viewparamfield>
    <imageactionurl>
    </imageactionurl>
    <imageparamfield>
    </imageparamfield>
    <manageactionurl>/ProviderEngine/EditTaxRuleType|/ProviderEngine/DeleteTaxRuleType</manageactionurl>
    <manageparamfield>Id|Id</manageparamfield>
    <copyactionurl>
    </copyactionurl>
    <copyparamfield>
    </copyparamfield>
    <xaxis>n</xaxis>
    <yaxis>n</yaxis>
    <isadvancesearch>y</isadvancesearch>
    <Class>grid-action</Class>
    <SearchControlType>--Select--</SearchControlType>
    <SearchControlParameters>
    </SearchControlParameters>
    <DbParamField>
    </DbParamField>
    <useMode>DataBase</useMode>
    <IsGraph>n</IsGraph>
    <allowdetailview>n</allowdetailview>
  </column>
  <column>
    <id>6</id>
    <name>Edit</name>
    <headertext>Edit</headertext>
    <width>40</width>
    <datatype>String</datatype>
    <columntype>String</columntype>
    <allowsorting>false</allowsorting>
    <allowpaging>false</allowpaging>
    <format>
    </format>
    <isvisible>n</isvisible>
    <mustshow>n</mustshow>
    <musthide>n</musthide>
    <maxlength>0</maxlength>
    <isallowsearch>n</isallowsearch>
    <isconditional>n</isconditional>
    <isallowlink>n</isallowlink>
    <islinkactionurl>
    </islinkactionurl>
    <islinkparamfield>
    </islinkparamfield>
    <ischeckbox>n</ischeckbox>
    <checkboxparamfield>
    </checkboxparamfield>
    <iscontrol>n</iscontrol>
    <controltype>
    </controltype>
    <controlparamfield>
    </controlparamfield>
    <displaytext>Edit</displaytext>
    <editactionurl>/ProviderEngine/EditTaxRuleType</editactionurl>
    <editparamfield>Id</editparamfield>
    <deleteactionurl>
    </deleteactionurl>
    <deleteparamfield>
    </deleteparamfield>
    <viewactionurl>
    </viewactionurl>
    <viewparamfield>
    </viewparamfield>
    <imageactionurl>
    </imageactionurl>
    <imageparamfield>
    </imageparamfield>
    <manageactionurl>
    </manageactionurl>
    <manageparamfield>
    </manageparamfield>
    <copyactionurl>
    </copyactionurl>
    <copyparamfield>
    </copyparamfield>
    <xaxis>n</xaxis>
    <yaxis>n</yaxis>
    <isadvancesearch>n</isadvancesearch>
    <Class>
    </Class>
    <SearchControlType>--Select--</SearchControlType>
    <SearchControlParameters>
    </SearchControlParameters>
    <DbParamField>
    </DbParamField>
    <useMode>DataBase</useMode>
    <IsGraph>n</IsGraph>
    <allowdetailview>n</allowdetailview>
  </column>
  <column>
    <id>7</id>
    <name>Delete</name>
    <headertext>Delete</headertext>
    <width>40</width>
    <datatype>String</datatype>
    <columntype>String</columntype>
    <allowsorting>false</allowsorting>
    <allowpaging>false</allowpaging>
    <format>
    </format>
    <isvisible>n</isvisible>
    <mustshow>n</mustshow>
    <musthide>n</musthide>
    <maxlength>0</maxlength>
    <isallowsearch>n</isallowsearch>
    <isconditional>n</isconditional>
    <isallowlink>n</isallowlink>
    <islinkactionurl>
    </islinkactionurl>
    <islinkparamfield>
    </islinkparamfield>
    <ischeckbox>n</ischeckbox>
    <checkboxparamfield>
    </checkboxparamfield>
    <iscontrol>n</iscontrol>
    <controltype>
    </controltype>
    <controlparamfield>
    </controlparamfield>
    <displaytext>Delete</displaytext>
    <editactionurl>
    </editactionurl>
    <editparamfield>
    </editparamfield>
    <deleteactionurl>/ProviderEngine/DeleteTaxRuleType</deleteactionurl>
    <deleteparamfield>Id</deleteparamfield>
    <viewactionurl>
    </viewactionurl>
    <viewparamfield>
    </viewparamfield>
    <imageactionurl>
    </imageactionurl>
    <imageparamfield>
    </imageparamfield>
    <manageactionurl>
    </manageactionurl>
    <manageparamfield>
    </manageparamfield>
    <copyactionurl>
    </copyactionurl>
    <copyparamfield>
    </copyparamfield>
    <xaxis>n</xaxis>
    <yaxis>n</yaxis>
    <isadvancesearch>n</isadvancesearch>
    <Class>
    </Class>
    <SearchControlType>--Select--</SearchControlType>
    <SearchControlParameters>
    </SearchControlParameters>
    <DbParamField>
    </DbParamField>
    <useMode>DataBase</useMode>
    <IsGraph>n</IsGraph>
    <allowdetailview>n</allowdetailview>
  </column>
  <column>
    <id>8</id>
    <name>View</name>
    <headertext>View</headertext>
    <width>0</width>
    <datatype>String</datatype>
    <columntype>String</columntype>
    <allowsorting>false</allowsorting>
    <allowpaging>false</allowpaging>
    <format>
    </format>
    <isvisible>n</isvisible>
    <mustshow>n</mustshow>
    <musthide>n</musthide>
    <maxlength>0</maxlength>
    <isallowsearch>n</isallowsearch>
    <isconditional>n</isconditional>
    <isallowlink>n</isallowlink>
    <islinkactionurl>
    </islinkactionurl>
    <islinkparamfield>
    </islinkparamfield>
    <ischeckbox>n</ischeckbox>
    <checkboxparamfield>
    </checkboxparamfield>
    <iscontrol>n</iscontrol>
    <controltype>
    </controltype>
    <controlparamfield>
    </controlparamfield>
    <displaytext>View</displaytext>
    <editactionurl>
    </editactionurl>
    <editparamfield>
    </editparamfield>
    <deleteactionurl>
    </deleteactionurl>
    <deleteparamfield>
    </deleteparamfield>
    <viewactionurl>/Users/Manage</viewactionurl>
    <viewparamfield>AccountId</viewparamfield>
    <imageactionurl>
    </imageactionurl>
    <imageparamfield>
    </imageparamfield>
    <manageactionurl>
    </manageactionurl>
    <manageparamfield>
    </manageparamfield>
    <copyactionurl>
    </copyactionurl>
    <copyparamfield>
    </copyparamfield>
    <xaxis>n</xaxis>
    <yaxis>n</yaxis>
    <isadvancesearch>n</isadvancesearch>
    <Class>
    </Class>
    <SearchControlType>--Select--</SearchControlType>
    <SearchControlParameters>
    </SearchControlParameters>
    <DbParamField>
    </DbParamField>
    <useMode>DataBase</useMode>
    <IsGraph>n</IsGraph>
    <allowdetailview>n</allowdetailview>
  </column>
</columns>', N'ZnodeProviderEngine', N'ZnodeProviderEngine', N'ZnodeProviderEngine', 0, NULL, NULL, NULL, NULL, 2, CAST(N'1905-03-03 00:00:00.000' AS DateTime), 2, CAST(N'2016-04-19 12:26:22.940' AS DateTime))
INSERT [dbo].[ZnodeApplicationSetting] ([ApplicationSettingId], [GroupName], [ItemName], [Setting], [ViewOptions], [FrontPageName], [FrontObjectName], [IsCompressed], [OrderByFields], [ItemNameWithoutCurrency], [CreatedByName], [ModifiedByName], [CreatedBy], [CreatedDate], [ModifiedBy], [ModifiedDate]) VALUES (197, N'Table', N'ZnodeProfile', N'<?xml version="1.0" encoding="utf-16"?>
<columns>
  <column>
    <id>1</id>
    <name>ProfileID</name>
    <headertext>Checkbox</headertext>
    <width>40</width>
    <datatype>String</datatype>
    <columntype>Int32</columntype>
    <allowsorting>true</allowsorting>
    <allowpaging>false</allowpaging>
    <format>
    </format>
    <isvisible>y</isvisible>
    <mustshow>n</mustshow>
    <musthide>n</musthide>
    <maxlength>0</maxlength>
    <isallowsearch>n</isallowsearch>
    <isconditional>n</isconditional>
    <isallowlink>n</isallowlink>
    <islinkactionurl>
    </islinkactionurl>
    <islinkparamfield>ProfileId</islinkparamfield>
    <ischeckbox>y</ischeckbox>
    <checkboxparamfield>
    </checkboxparamfield>
    <iscontrol>n</iscontrol>
    <controltype>
    </controltype>
    <controlparamfield>
    </controlparamfield>
    <displaytext>ProfileId</displaytext>
    <editactionurl>
    </editactionurl>
    <editparamfield>
    </editparamfield>
    <deleteactionurl>
    </deleteactionurl>
    <deleteparamfield>
    </deleteparamfield>
    <viewactionurl>
    </viewactionurl>
    <viewparamfield>
    </viewparamfield>
    <imageactionurl>
    </imageactionurl>
    <imageparamfield>
    </imageparamfield>
    <manageactionurl>
    </manageactionurl>
    <manageparamfield>
    </manageparamfield>
    <copyactionurl>
    </copyactionurl>
    <copyparamfield>
    </copyparamfield>
    <xaxis>n</xaxis>
    <yaxis>n</yaxis>
    <isadvancesearch>n</isadvancesearch>
    <Class>
    </Class>
    <SearchControlType>--Select--</SearchControlType>
    <SearchControlParameters>
    </SearchControlParameters>
    <DbParamField>
    </DbParamField>
    <useMode>DataBase</useMode>
    <IsGraph>n</IsGraph>
    <allowdetailview>n</allowdetailview>
  </column>
  <column>
    <id>2</id>
    <name>ProfileName</name>
    <headertext>ProfileName</headertext>
    <width>40</width>
    <datatype>String</datatype>
    <columntype>String</columntype>
    <allowsorting>true</allowsorting>
    <allowpaging>false</allowpaging>
    <format>
    </format>
    <isvisible>y</isvisible>
    <mustshow>n</mustshow>
    <musthide>n</musthide>
    <maxlength>0</maxlength>
    <isallowsearch>y</isallowsearch>
    <isconditional>n</isconditional>
    <isallowlink>n</isallowlink>
    <islinkactionurl>
    </islinkactionurl>
    <islinkparamfield>
    </islinkparamfield>
    <ischeckbox>n</ischeckbox>
    <checkboxparamfield>
    </checkboxparamfield>
    <iscontrol>n</iscontrol>
    <controltype>
    </controltype>
    <controlparamfield>
    </controlparamfield>
    <displaytext>
    </displaytext>
    <editactionurl>
    </editactionurl>
    <editparamfield>
    </editparamfield>
    <deleteactionurl>
    </deleteactionurl>
    <deleteparamfield>
    </deleteparamfield>
    <viewactionurl>
    </viewactionurl>
    <viewparamfield>
    </viewparamfield>
    <imageactionurl>
    </imageactionurl>
    <imageparamfield>
    </imageparamfield>
    <manageactionurl>
    </manageactionurl>
    <manageparamfield>
    </manageparamfield>
    <copyactionurl>
    </copyactionurl>
    <copyparamfield>
    </copyparamfield>
    <xaxis>n</xaxis>
    <yaxis>n</yaxis>
    <isadvancesearch>y</isadvancesearch>
    <Class>
    </Class>
    <SearchControlType>--Select--</SearchControlType>
    <SearchControlParameters>
    </SearchControlParameters>
    <DbParamField>
    </DbParamField>
    <useMode>DataBase</useMode>
    <IsGraph>n</IsGraph>
    <allowdetailview>n</allowdetailview>
  </column>
  <column>
    <id>3</id>
    <name>ShowPricing</name>
    <headertext>ShowPricing</headertext>
    <width>40</width>
    <datatype>Boolean</datatype>
    <columntype>Decimal</columntype>
    <allowsorting>false</allowsorting>
    <allowpaging>false</allowpaging>
    <format>
    </format>
    <isvisible>y</isvisible>
    <mustshow>n</mustshow>
    <musthide>n</musthide>
    <maxlength>0</maxlength>
    <isallowsearch>n</isallowsearch>
    <isconditional>n</isconditional>
    <isallowlink>n</isallowlink>
    <islinkactionurl>
    </islinkactionurl>
    <islinkparamfield>
    </islinkparamfield>
    <ischeckbox>n</ischeckbox>
    <checkboxparamfield>
    </checkboxparamfield>
    <iscontrol>n</iscontrol>
    <controltype>
    </controltype>
    <controlparamfield>
    </controlparamfield>
    <displaytext>
    </displaytext>
    <editactionurl>
    </editactionurl>
    <editparamfield>
    </editparamfield>
    <deleteactionurl>
    </deleteactionurl>
    <deleteparamfield>
    </deleteparamfield>
    <viewactionurl>
    </viewactionurl>
    <viewparamfield>
    </viewparamfield>
    <imageactionurl>
    </imageactionurl>
    <imageparamfield>
    </imageparamfield>
    <manageactionurl>
    </manageactionurl>
    <manageparamfield>
    </manageparamfield>
    <copyactionurl>
    </copyactionurl>
    <copyparamfield>
    </copyparamfield>
    <xaxis>n</xaxis>
    <yaxis>n</yaxis>
    <isadvancesearch>y</isadvancesearch>
    <Class>
    </Class>
    <SearchControlType>--Select--</SearchControlType>
    <SearchControlParameters>
    </SearchControlParameters>
    <DbParamField>
    </DbParamField>
    <useMode>DataBase</useMode>
    <IsGraph>n</IsGraph>
    <allowdetailview>n</allowdetailview>
  </column>
  <column>
    <id>4</id>
    <name>ShowOnPartnerSignup</name>
    <headertext>ShowOnPartnerSignup</headertext>
    <width>40</width>
    <datatype>Boolean</datatype>
    <columntype>Boolean</columntype>
    <allowsorting>false</allowsorting>
    <allowpaging>false</allowpaging>
    <format>
    </format>
    <isvisible>y</isvisible>
    <mustshow>n</mustshow>
    <musthide>n</musthide>
    <maxlength>0</maxlength>
    <isallowsearch>n</isallowsearch>
    <isconditional>n</isconditional>
    <isallowlink>n</isallowlink>
    <islinkactionurl>
    </islinkactionurl>
    <islinkparamfield>
    </islinkparamfield>
    <ischeckbox>n</ischeckbox>
    <checkboxparamfield>
    </checkboxparamfield>
    <iscontrol>n</iscontrol>
    <controltype>
    </controltype>
    <controlparamfield>
    </controlparamfield>
    <displaytext>
    </displaytext>
    <editactionurl>
    </editactionurl>
    <editparamfield>
    </editparamfield>
    <deleteactionurl>
    </deleteactionurl>
    <deleteparamfield>
    </deleteparamfield>
    <viewactionurl>
    </viewactionurl>
    <viewparamfield>
    </viewparamfield>
    <imageactionurl>
    </imageactionurl>
    <imageparamfield>
    </imageparamfield>
    <manageactionurl>
    </manageactionurl>
    <manageparamfield>
    </manageparamfield>
    <copyactionurl>
    </copyactionurl>
    <copyparamfield>
    </copyparamfield>
    <xaxis>n</xaxis>
    <yaxis>n</yaxis>
    <isadvancesearch>y</isadvancesearch>
    <Class>
    </Class>
    <SearchControlType>--Select--</SearchControlType>
    <SearchControlParameters>
    </SearchControlParameters>
    <DbParamField>
    </DbParamField>
    <useMode>DataBase</useMode>
    <IsGraph>n</IsGraph>
    <allowdetailview>n</allowdetailview>
  </column>
  <column>
    <id>5</id>
    <name>Weighting</name>
    <headertext>Weighting</headertext>
    <width>40</width>
    <datatype>String</datatype>
    <columntype>Boolean</columntype>
    <allowsorting>false</allowsorting>
    <allowpaging>false</allowpaging>
    <format>
    </format>
    <isvisible>n</isvisible>
    <mustshow>n</mustshow>
    <musthide>n</musthide>
    <maxlength>0</maxlength>
    <isallowsearch>n</isallowsearch>
    <isconditional>n</isconditional>
    <isallowlink>n</isallowlink>
    <islinkactionurl>
    </islinkactionurl>
    <islinkparamfield>
    </islinkparamfield>
    <ischeckbox>n</ischeckbox>
    <checkboxparamfield>
    </checkboxparamfield>
    <iscontrol>n</iscontrol>
    <controltype>
    </controltype>
    <controlparamfield>
    </controlparamfield>
    <displaytext>
    </displaytext>
    <editactionurl>
    </editactionurl>
    <editparamfield>
    </editparamfield>
    <deleteactionurl>
    </deleteactionurl>
    <deleteparamfield>
    </deleteparamfield>
    <viewactionurl>
    </viewactionurl>
    <viewparamfield>
    </viewparamfield>
    <imageactionurl>
    </imageactionurl>
    <imageparamfield>
    </imageparamfield>
    <manageactionurl>
    </manageactionurl>
    <manageparamfield>
    </manageparamfield>
    <copyactionurl>
    </copyactionurl>
    <copyparamfield>
    </copyparamfield>
    <xaxis>n</xaxis>
    <yaxis>n</yaxis>
    <isadvancesearch>n</isadvancesearch>
    <Class>
    </Class>
    <SearchControlType>--Select--</SearchControlType>
    <SearchControlParameters>
    </SearchControlParameters>
    <DbParamField>
    </DbParamField>
    <useMode>DataBase</useMode>
    <IsGraph>n</IsGraph>
    <allowdetailview>n</allowdetailview>
  </column>
  <column>
    <id>6</id>
    <name>TaxExempt</name>
    <headertext>TaxExempt</headertext>
    <width>40</width>
    <datatype>Boolean</datatype>
    <columntype>Boolean</columntype>
    <allowsorting>false</allowsorting>
    <allowpaging>false</allowpaging>
    <format>
    </format>
    <isvisible>y</isvisible>
    <mustshow>n</mustshow>
    <musthide>n</musthide>
    <maxlength>0</maxlength>
    <isallowsearch>n</isallowsearch>
    <isconditional>n</isconditional>
    <isallowlink>n</isallowlink>
    <islinkactionurl>
    </islinkactionurl>
    <islinkparamfield>
    </islinkparamfield>
    <ischeckbox>n</ischeckbox>
    <checkboxparamfield>
    </checkboxparamfield>
    <iscontrol>n</iscontrol>
    <controltype>
    </controltype>
    <controlparamfield>
    </controlparamfield>
    <displaytext>
    </displaytext>
    <editactionurl>
    </editactionurl>
    <editparamfield>
    </editparamfield>
    <deleteactionurl>
    </deleteactionurl>
    <deleteparamfield>
    </deleteparamfield>
    <viewactionurl>
    </viewactionurl>
    <viewparamfield>
    </viewparamfield>
    <imageactionurl>
    </imageactionurl>
    <imageparamfield>
    </imageparamfield>
    <manageactionurl>
    </manageactionurl>
    <manageparamfield>
    </manageparamfield>
    <copyactionurl>
    </copyactionurl>
    <copyparamfield>
    </copyparamfield>
    <xaxis>n</xaxis>
    <yaxis>n</yaxis>
    <isadvancesearch>y</isadvancesearch>
    <Class>
    </Class>
    <SearchControlType>--Select--</SearchControlType>
    <SearchControlParameters>
    </SearchControlParameters>
    <DbParamField>
    </DbParamField>
    <useMode>DataBase</useMode>
    <IsGraph>n</IsGraph>
    <allowdetailview>n</allowdetailview>
  </column>
  <column>
    <id>7</id>
    <name>WholeSalePrice</name>
    <headertext>UseWholesalePricing</headertext>
    <width>40</width>
    <datatype>Boolean</datatype>
    <columntype>String</columntype>
    <allowsorting>false</allowsorting>
    <allowpaging>false</allowpaging>
    <format>
    </format>
    <isvisible>y</isvisible>
    <mustshow>n</mustshow>
    <musthide>n</musthide>
    <maxlength>0</maxlength>
    <isallowsearch>n</isallowsearch>
    <isconditional>n</isconditional>
    <isallowlink>n</isallowlink>
    <islinkactionurl>
    </islinkactionurl>
    <islinkparamfield>
    </islinkparamfield>
    <ischeckbox>n</ischeckbox>
    <checkboxparamfield>
    </checkboxparamfield>
    <iscontrol>n</iscontrol>
    <controltype>
    </controltype>
    <controlparamfield>
    </controlparamfield>
    <displaytext>
    </displaytext>
    <editactionurl>
    </editactionurl>
    <editparamfield>
    </editparamfield>
    <deleteactionurl>
    </deleteactionurl>
    <deleteparamfield>
    </deleteparamfield>
    <viewactionurl>
    </viewactionurl>
    <viewparamfield>
    </viewparamfield>
    <imageactionurl>
    </imageactionurl>
    <imageparamfield>
    </imageparamfield>
    <manageactionurl>
    </manageactionurl>
    <manageparamfield>
    </manageparamfield>
    <copyactionurl>
    </copyactionurl>
    <copyparamfield>
    </copyparamfield>
    <xaxis>n</xaxis>
    <yaxis>n</yaxis>
    <isadvancesearch>y</isadvancesearch>
    <Class>
    </Class>
    <SearchControlType>--Select--</SearchControlType>
    <SearchControlParameters>
    </SearchControlParameters>
    <DbParamField>
    </DbParamField>
    <useMode>DataBase</useMode>
    <IsGraph>n</IsGraph>
    <allowdetailview>n</allowdetailview>
  </column>
  <column>
    <id>8</id>
    <name>DefaultExternalAccountNo</name>
    <headertext>DefaultExternalAccountNo</headertext>
    <width>40</width>
    <datatype>Boolean</datatype>
    <columntype>String</columntype>
    <allowsorting>false</allowsorting>
    <allowpaging>false</allowpaging>
    <format>
    </format>
    <isvisible>n</isvisible>
    <mustshow>n</mustshow>
    <musthide>n</musthide>
    <maxlength>0</maxlength>
    <isallowsearch>n</isallowsearch>
    <isconditional>n</isconditional>
    <isallowlink>n</isallowlink>
    <islinkactionurl>
    </islinkactionurl>
    <islinkparamfield>
    </islinkparamfield>
    <ischeckbox>n</ischeckbox>
    <checkboxparamfield>
    </checkboxparamfield>
    <iscontrol>n</iscontrol>
    <controltype>
    </controltype>
    <controlparamfield>
    </controlparamfield>
    <displaytext>
    </displaytext>
    <editactionurl>
    </editactionurl>
    <editparamfield>
    </editparamfield>
    <deleteactionurl>
    </deleteactionurl>
    <deleteparamfield>
    </deleteparamfield>
    <viewactionurl>
    </viewactionurl>
    <viewparamfield>
    </viewparamfield>
    <imageactionurl>
    </imageactionurl>
    <imageparamfield>
    </imageparamfield>
    <manageactionurl>
    </manageactionurl>
    <manageparamfield>
    </manageparamfield>
    <copyactionurl>
    </copyactionurl>
    <copyparamfield>
    </copyparamfield>
    <xaxis>n</xaxis>
    <yaxis>n</yaxis>
    <isadvancesearch>n</isadvancesearch>
    <Class>
    </Class>
    <SearchControlType>--Select--</SearchControlType>
    <SearchControlParameters>
    </SearchControlParameters>
    <DbParamField>
    </DbParamField>
    <useMode>DataBase</useMode>
    <IsGraph>n</IsGraph>
    <allowdetailview>n</allowdetailview>
  </column>
  <column>
    <id>9</id>
    <name>Edit</name>
    <headertext>Edit</headertext>
    <width>20</width>
    <datatype>String</datatype>
    <columntype>String</columntype>
    <allowsorting>false</allowsorting>
    <allowpaging>false</allowpaging>
    <format>
    </format>
    <isvisible>n</isvisible>
    <mustshow>n</mustshow>
    <musthide>n</musthide>
    <maxlength>0</maxlength>
    <isallowsearch>n</isallowsearch>
    <isconditional>n</isconditional>
    <isallowlink>n</isallowlink>
    <islinkactionurl>
    </islinkactionurl>
    <islinkparamfield>
    </islinkparamfield>
    <ischeckbox>n</ischeckbox>
    <checkboxparamfield>
    </checkboxparamfield>
    <iscontrol>n</iscontrol>
    <controltype>
    </controltype>
    <controlparamfield>
    </controlparamfield>
    <displaytext>Edit</displaytext>
    <editactionurl>Profiles/EditProfile</editactionurl>
    <editparamfield>ProfileId</editparamfield>
    <deleteactionurl>
    </deleteactionurl>
    <deleteparamfield>
    </deleteparamfield>
    <viewactionurl>
    </viewactionurl>
    <viewparamfield>
    </viewparamfield>
    <imageactionurl>
    </imageactionurl>
    <imageparamfield>
    </imageparamfield>
    <manageactionurl>
    </manageactionurl>
    <manageparamfield>
    </manageparamfield>
    <copyactionurl>
    </copyactionurl>
    <copyparamfield>
    </copyparamfield>
    <xaxis>n</xaxis>
    <yaxis>n</yaxis>
    <isadvancesearch>n</isadvancesearch>
    <Class>
    </Class>
    <SearchControlType>--Select--</SearchControlType>
    <SearchControlParameters>
    </SearchControlParameters>
    <DbParamField>
    </DbParamField>
    <useMode>DataBase</useMode>
    <IsGraph>n</IsGraph>
    <allowdetailview>n</allowdetailview>
  </column>
  <column>
    <id>10</id>
    <name>Delete</name>
    <headertext>Delete</headertext>
    <width>20</width>
    <datatype>String</datatype>
    <columntype>String</columntype>
    <allowsorting>false</allowsorting>
    <allowpaging>false</allowpaging>
    <format>
    </format>
    <isvisible>n</isvisible>
    <mustshow>n</mustshow>
    <musthide>n</musthide>
    <maxlength>0</maxlength>
    <isallowsearch>n</isallowsearch>
    <isconditional>n</isconditional>
    <isallowlink>n</isallowlink>
    <islinkactionurl>
    </islinkactionurl>
    <islinkparamfield>
    </islinkparamfield>
    <ischeckbox>n</ischeckbox>
    <checkboxparamfield>
    </checkboxparamfield>
    <iscontrol>n</iscontrol>
    <controltype>
    </controltype>
    <controlparamfield>
    </controlparamfield>
    <displaytext>Delete</displaytext>
    <editactionurl>
    </editactionurl>
    <editparamfield>
    </editparamfield>
    <deleteactionurl>Profiles/DeleteProfile</deleteactionurl>
    <deleteparamfield>ProfileId</deleteparamfield>
    <viewactionurl>
    </viewactionurl>
    <viewparamfield>
    </viewparamfield>
    <imageactionurl>
    </imageactionurl>
    <imageparamfield>
    </imageparamfield>
    <manageactionurl>
    </manageactionurl>
    <manageparamfield>
    </manageparamfield>
    <copyactionurl>
    </copyactionurl>
    <copyparamfield>
    </copyparamfield>
    <xaxis>n</xaxis>
    <yaxis>n</yaxis>
    <isadvancesearch>n</isadvancesearch>
    <Class>
    </Class>
    <SearchControlType>--Select--</SearchControlType>
    <SearchControlParameters>
    </SearchControlParameters>
    <DbParamField>
    </DbParamField>
    <useMode>DataBase</useMode>
    <IsGraph>n</IsGraph>
    <allowdetailview>n</allowdetailview>
  </column>
  <column>
    <id>11</id>
    <name>Manage</name>
    <headertext>Manage</headertext>
    <width>40</width>
    <datatype>String</datatype>
    <columntype>String</columntype>
    <allowsorting>false</allowsorting>
    <allowpaging>false</allowpaging>
    <format>Edit|Delete</format>
    <isvisible>y</isvisible>
    <mustshow>n</mustshow>
    <musthide>n</musthide>
    <maxlength>0</maxlength>
    <isallowsearch>n</isallowsearch>
    <isconditional>n</isconditional>
    <isallowlink>n</isallowlink>
    <islinkactionurl>
    </islinkactionurl>
    <islinkparamfield>profileId</islinkparamfield>
    <ischeckbox>n</ischeckbox>
    <checkboxparamfield>
    </checkboxparamfield>
    <iscontrol>n</iscontrol>
    <controltype>
    </controltype>
    <controlparamfield>
    </controlparamfield>
    <displaytext>Edit|Delete</displaytext>
    <editactionurl>
    </editactionurl>
    <editparamfield>
    </editparamfield>
    <deleteactionurl>
    </deleteactionurl>
    <deleteparamfield>
    </deleteparamfield>
    <viewactionurl>
    </viewactionurl>
    <viewparamfield>
    </viewparamfield>
    <imageactionurl>
    </imageactionurl>
    <imageparamfield>
    </imageparamfield>
    <manageactionurl>/Profiles/Edit|/Profiles/Delete</manageactionurl>
    <manageparamfield>profileId|profileId</manageparamfield>
    <copyactionurl>
    </copyactionurl>
    <copyparamfield>
    </copyparamfield>
    <xaxis>n</xaxis>
    <yaxis>n</yaxis>
    <isadvancesearch>y</isadvancesearch>
    <Class>grid-action</Class>
    <SearchControlType>--Select--</SearchControlType>
    <SearchControlParameters>
    </SearchControlParameters>
    <DbParamField>
    </DbParamField>
    <useMode>DataBase</useMode>
    <IsGraph>n</IsGraph>
    <allowdetailview>n</allowdetailview>
  </column>
</columns>', N's', N's', N's', 0, NULL, NULL, NULL, NULL, 1, CAST(N'2016-03-14 11:52:15.363' AS DateTime), 2, CAST(N'2016-04-19 12:15:03.287' AS DateTime))
INSERT [dbo].[ZnodeApplicationSetting] ([ApplicationSettingId], [GroupName], [ItemName], [Setting], [ViewOptions], [FrontPageName], [FrontObjectName], [IsCompressed], [OrderByFields], [ItemNameWithoutCurrency], [CreatedByName], [ModifiedByName], [CreatedBy], [CreatedDate], [ModifiedBy], [ModifiedDate]) VALUES (198, N'Table', N'ZnodeSupplierType', N'<?xml version="1.0" encoding="utf-16"?>
<columns>
  <column>
    <id>1</id>
    <name>Id</name>
    <headertext>Checkbox</headertext>
    <width>40</width>
    <datatype>Int32</datatype>
    <columntype>Int32</columntype>
    <allowsorting>true</allowsorting>
    <allowpaging>false</allowpaging>
    <format>
    </format>
    <isvisible>y</isvisible>
    <mustshow>n</mustshow>
    <musthide>n</musthide>
    <maxlength>0</maxlength>
    <isallowsearch>n</isallowsearch>
    <isconditional>n</isconditional>
    <isallowlink>n</isallowlink>
    <islinkactionurl>
    </islinkactionurl>
    <islinkparamfield>supplierTypeId</islinkparamfield>
    <ischeckbox>y</ischeckbox>
    <checkboxparamfield>
    </checkboxparamfield>
    <iscontrol>n</iscontrol>
    <controltype>
    </controltype>
    <controlparamfield>
    </controlparamfield>
    <displaytext>supplierType Id</displaytext>
    <editactionurl>
    </editactionurl>
    <editparamfield>
    </editparamfield>
    <deleteactionurl>
    </deleteactionurl>
    <deleteparamfield>
    </deleteparamfield>
    <viewactionurl>
    </viewactionurl>
    <viewparamfield>
    </viewparamfield>
    <imageactionurl>
    </imageactionurl>
    <imageparamfield>
    </imageparamfield>
    <manageactionurl>
    </manageactionurl>
    <manageparamfield>
    </manageparamfield>
    <copyactionurl>
    </copyactionurl>
    <copyparamfield>
    </copyparamfield>
    <xaxis>n</xaxis>
    <yaxis>n</yaxis>
    <isadvancesearch>n</isadvancesearch>
    <Class>
    </Class>
    <SearchControlType>--Select--</SearchControlType>
    <SearchControlParameters>
    </SearchControlParameters>
    <DbParamField>
    </DbParamField>
    <useMode>DataBase</useMode>
    <IsGraph>n</IsGraph>
    <allowdetailview>n</allowdetailview>
  </column>
  <column>
    <id>2</id>
    <name>ClassName</name>
    <headertext>Class Name</headertext>
    <width>40</width>
    <datatype>String</datatype>
    <columntype>String</columntype>
    <allowsorting>true</allowsorting>
    <allowpaging>false</allowpaging>
    <format>
    </format>
    <isvisible>y</isvisible>
    <mustshow>n</mustshow>
    <musthide>n</musthide>
    <maxlength>0</maxlength>
    <isallowsearch>n</isallowsearch>
    <isconditional>n</isconditional>
    <isallowlink>n</isallowlink>
    <islinkactionurl>
    </islinkactionurl>
    <islinkparamfield>supplierTypeId</islinkparamfield>
    <ischeckbox>n</ischeckbox>
    <checkboxparamfield>supplierTypeId</checkboxparamfield>
    <iscontrol>n</iscontrol>
    <controltype>
    </controltype>
    <controlparamfield>
    </controlparamfield>
    <displaytext>Class Name</displaytext>
    <editactionurl>
    </editactionurl>
    <editparamfield>
    </editparamfield>
    <deleteactionurl>
    </deleteactionurl>
    <deleteparamfield>
    </deleteparamfield>
    <viewactionurl>
    </viewactionurl>
    <viewparamfield>
    </viewparamfield>
    <imageactionurl>
    </imageactionurl>
    <imageparamfield>
    </imageparamfield>
    <manageactionurl>
    </manageactionurl>
    <manageparamfield>
    </manageparamfield>
    <copyactionurl>
    </copyactionurl>
    <copyparamfield>
    </copyparamfield>
    <xaxis>n</xaxis>
    <yaxis>n</yaxis>
    <isadvancesearch>n</isadvancesearch>
    <Class>
    </Class>
    <SearchControlType>--Select--</SearchControlType>
    <SearchControlParameters>
    </SearchControlParameters>
    <DbParamField>
    </DbParamField>
    <useMode>DataBase</useMode>
    <IsGraph>n</IsGraph>
    <allowdetailview>n</allowdetailview>
  </column>
  <column>
    <id>3</id>
    <name>Name</name>
    <headertext>Name</headertext>
    <width>40</width>
    <datatype>String</datatype>
    <columntype>String</columntype>
    <allowsorting>true</allowsorting>
    <allowpaging>true</allowpaging>
    <format>
    </format>
    <isvisible>y</isvisible>
    <mustshow>n</mustshow>
    <musthide>n</musthide>
    <maxlength>0</maxlength>
    <isallowsearch>n</isallowsearch>
    <isconditional>n</isconditional>
    <isallowlink>n</isallowlink>
    <islinkactionurl>
    </islinkactionurl>
    <islinkparamfield>supplierTypeId</islinkparamfield>
    <ischeckbox>n</ischeckbox>
    <checkboxparamfield>supplierTypeId</checkboxparamfield>
    <iscontrol>n</iscontrol>
    <controltype>
    </controltype>
    <controlparamfield>
    </controlparamfield>
    <displaytext>Name</displaytext>
    <editactionurl>
    </editactionurl>
    <editparamfield>
    </editparamfield>
    <deleteactionurl>
    </deleteactionurl>
    <deleteparamfield>
    </deleteparamfield>
    <viewactionurl>
    </viewactionurl>
    <viewparamfield>
    </viewparamfield>
    <imageactionurl>
    </imageactionurl>
    <imageparamfield>
    </imageparamfield>
    <manageactionurl>
    </manageactionurl>
    <manageparamfield>
    </manageparamfield>
    <copyactionurl>
    </copyactionurl>
    <copyparamfield>
    </copyparamfield>
    <xaxis>n</xaxis>
    <yaxis>n</yaxis>
    <isadvancesearch>n</isadvancesearch>
    <Class>
    </Class>
    <SearchControlType>--Select--</SearchControlType>
    <SearchControlParameters>
    </SearchControlParameters>
    <DbParamField>
    </DbParamField>
    <useMode>DataBase</useMode>
    <IsGraph>n</IsGraph>
    <allowdetailview>n</allowdetailview>
  </column>
  <column>
    <id>4</id>
    <name>IsActive</name>
    <headertext>Enabled</headertext>
    <width>40</width>
    <datatype>Boolean</datatype>
    <columntype>Boolean</columntype>
    <allowsorting>false</allowsorting>
    <allowpaging>false</allowpaging>
    <format>
    </format>
    <isvisible>y</isvisible>
    <mustshow>n</mustshow>
    <musthide>n</musthide>
    <maxlength>0</maxlength>
    <isallowsearch>n</isallowsearch>
    <isconditional>n</isconditional>
    <isallowlink>n</isallowlink>
    <islinkactionurl>
    </islinkactionurl>
    <islinkparamfield>supplierTypeId</islinkparamfield>
    <ischeckbox>n</ischeckbox>
    <checkboxparamfield>supplierTypeId</checkboxparamfield>
    <iscontrol>n</iscontrol>
    <controltype>
    </controltype>
    <controlparamfield>
    </controlparamfield>
    <displaytext>Enabled</displaytext>
    <editactionurl>
    </editactionurl>
    <editparamfield>
    </editparamfield>
    <deleteactionurl>
    </deleteactionurl>
    <deleteparamfield>
    </deleteparamfield>
    <viewactionurl>
    </viewactionurl>
    <viewparamfield>
    </viewparamfield>
    <imageactionurl>
    </imageactionurl>
    <imageparamfield>
    </imageparamfield>
    <manageactionurl>
    </manageactionurl>
    <manageparamfield>
    </manageparamfield>
    <copyactionurl>
    </copyactionurl>
    <copyparamfield>
    </copyparamfield>
    <xaxis>n</xaxis>
    <yaxis>n</yaxis>
    <isadvancesearch>n</isadvancesearch>
    <Class>
    </Class>
    <SearchControlType>--Select--</SearchControlType>
    <SearchControlParameters>
    </SearchControlParameters>
    <DbParamField>
    </DbParamField>
    <useMode>DataBase</useMode>
    <IsGraph>n</IsGraph>
    <allowdetailview>n</allowdetailview>
  </column>
  <column>
    <id>5</id>
    <name>Manage</name>
    <headertext>Action</headertext>
    <width>40</width>
    <datatype>String</datatype>
    <columntype>String</columntype>
    <allowsorting>false</allowsorting>
    <allowpaging>false</allowpaging>
    <format>Edit|Delete</format>
    <isvisible>y</isvisible>
    <mustshow>n</mustshow>
    <musthide>n</musthide>
    <maxlength>0</maxlength>
    <isallowsearch>n</isallowsearch>
    <isconditional>n</isconditional>
    <isallowlink>n</isallowlink>
    <islinkactionurl>
    </islinkactionurl>
    <islinkparamfield>supplierTypeId</islinkparamfield>
    <ischeckbox>n</ischeckbox>
    <checkboxparamfield>supplierTypeId</checkboxparamfield>
    <iscontrol>n</iscontrol>
    <controltype>
    </controltype>
    <controlparamfield>
    </controlparamfield>
    <displaytext>Edit|Delete</displaytext>
    <editactionurl>
    </editactionurl>
    <editparamfield>
    </editparamfield>
    <deleteactionurl>
    </deleteactionurl>
    <deleteparamfield>
    </deleteparamfield>
    <viewactionurl>
    </viewactionurl>
    <viewparamfield>
    </viewparamfield>
    <imageactionurl>
    </imageactionurl>
    <imageparamfield>
    </imageparamfield>
    <manageactionurl>/ProviderEngine/EditSupplierType|/ProviderEngine/EditSupplierType</manageactionurl>
    <manageparamfield>Id|Id</manageparamfield>
    <copyactionurl>
    </copyactionurl>
    <copyparamfield>
    </copyparamfield>
    <xaxis>n</xaxis>
    <yaxis>n</yaxis>
    <isadvancesearch>n</isadvancesearch>
    <Class>grid-action</Class>
    <SearchControlType>--Select--</SearchControlType>
    <SearchControlParameters>
    </SearchControlParameters>
    <DbParamField>
    </DbParamField>
    <useMode>DataBase</useMode>
    <IsGraph>n</IsGraph>
    <allowdetailview>n</allowdetailview>
  </column>
  <column>
    <id>6</id>
    <name>Edit</name>
    <headertext>Edit</headertext>
    <width>40</width>
    <datatype>String</datatype>
    <columntype>String</columntype>
    <allowsorting>false</allowsorting>
    <allowpaging>false</allowpaging>
    <format>
    </format>
    <isvisible>n</isvisible>
    <mustshow>n</mustshow>
    <musthide>n</musthide>
    <maxlength>0</maxlength>
    <isallowsearch>n</isallowsearch>
    <isconditional>n</isconditional>
    <isallowlink>n</isallowlink>
    <islinkactionurl>
    </islinkactionurl>
    <islinkparamfield>
    </islinkparamfield>
    <ischeckbox>n</ischeckbox>
    <checkboxparamfield>
    </checkboxparamfield>
    <iscontrol>n</iscontrol>
    <controltype>
    </controltype>
    <controlparamfield>
    </controlparamfield>
    <displaytext>Edit</displaytext>
    <editactionurl>/ProviderEngine/EditSupplierType</editactionurl>
    <editparamfield>supplierTypeId</editparamfield>
    <deleteactionurl>
    </deleteactionurl>
    <deleteparamfield>
    </deleteparamfield>
    <viewactionurl>
    </viewactionurl>
    <viewparamfield>
    </viewparamfield>
    <imageactionurl>
    </imageactionurl>
    <imageparamfield>
    </imageparamfield>
    <manageactionurl>
    </manageactionurl>
    <manageparamfield>
    </manageparamfield>
    <copyactionurl>
    </copyactionurl>
    <copyparamfield>
    </copyparamfield>
    <xaxis>n</xaxis>
    <yaxis>n</yaxis>
    <isadvancesearch>n</isadvancesearch>
    <Class>
    </Class>
    <SearchControlType>--Select--</SearchControlType>
    <SearchControlParameters>
    </SearchControlParameters>
    <DbParamField>
    </DbParamField>
    <useMode>DataBase</useMode>
    <IsGraph>n</IsGraph>
    <allowdetailview>n</allowdetailview>
  </column>
  <column>
    <id>7</id>
    <name>Delete</name>
    <headertext>Delete</headertext>
    <width>40</width>
    <datatype>String</datatype>
    <columntype>String</columntype>
    <allowsorting>false</allowsorting>
    <allowpaging>false</allowpaging>
    <format>
    </format>
    <isvisible>n</isvisible>
    <mustshow>n</mustshow>
    <musthide>n</musthide>
    <maxlength>0</maxlength>
    <isallowsearch>n</isallowsearch>
    <isconditional>n</isconditional>
    <isallowlink>n</isallowlink>
    <islinkactionurl>
    </islinkactionurl>
    <islinkparamfield>
    </islinkparamfield>
    <ischeckbox>n</ischeckbox>
    <checkboxparamfield>
    </checkboxparamfield>
    <iscontrol>n</iscontrol>
    <controltype>
    </controltype>
    <controlparamfield>
    </controlparamfield>
    <displaytext>Delete</displaytext>
    <editactionurl>
    </editactionurl>
    <editparamfield>
    </editparamfield>
    <deleteactionurl>/ProviderEngine/DeleteSupplierType</deleteactionurl>
    <deleteparamfield>supplierTypeId</deleteparamfield>
    <viewactionurl>
    </viewactionurl>
    <viewparamfield>
    </viewparamfield>
    <imageactionurl>
    </imageactionurl>
    <imageparamfield>
    </imageparamfield>
    <manageactionurl>
    </manageactionurl>
    <manageparamfield>
    </manageparamfield>
    <copyactionurl>
    </copyactionurl>
    <copyparamfield>
    </copyparamfield>
    <xaxis>n</xaxis>
    <yaxis>n</yaxis>
    <isadvancesearch>n</isadvancesearch>
    <Class>
    </Class>
    <SearchControlType>--Select--</SearchControlType>
    <SearchControlParameters>
    </SearchControlParameters>
    <DbParamField>
    </DbParamField>
    <useMode>DataBase</useMode>
    <IsGraph>n</IsGraph>
    <allowdetailview>n</allowdetailview>
  </column>
  <column>
    <id>8</id>
    <name>View</name>
    <headertext>View</headertext>
    <width>0</width>
    <datatype>String</datatype>
    <columntype>String</columntype>
    <allowsorting>false</allowsorting>
    <allowpaging>false</allowpaging>
    <format>
    </format>
    <isvisible>n</isvisible>
    <mustshow>n</mustshow>
    <musthide>n</musthide>
    <maxlength>0</maxlength>
    <isallowsearch>n</isallowsearch>
    <isconditional>n</isconditional>
    <isallowlink>n</isallowlink>
    <islinkactionurl>
    </islinkactionurl>
    <islinkparamfield>
    </islinkparamfield>
    <ischeckbox>n</ischeckbox>
    <checkboxparamfield>
    </checkboxparamfield>
    <iscontrol>n</iscontrol>
    <controltype>
    </controltype>
    <controlparamfield>
    </controlparamfield>
    <displaytext>View</displaytext>
    <editactionurl>
    </editactionurl>
    <editparamfield>
    </editparamfield>
    <deleteactionurl>
    </deleteactionurl>
    <deleteparamfield>
    </deleteparamfield>
    <viewactionurl>/Users/Manage</viewactionurl>
    <viewparamfield>AccountId</viewparamfield>
    <imageactionurl>
    </imageactionurl>
    <imageparamfield>
    </imageparamfield>
    <manageactionurl>
    </manageactionurl>
    <manageparamfield>
    </manageparamfield>
    <copyactionurl>
    </copyactionurl>
    <copyparamfield>
    </copyparamfield>
    <xaxis>n</xaxis>
    <yaxis>n</yaxis>
    <isadvancesearch>n</isadvancesearch>
    <Class>
    </Class>
    <SearchControlType>--Select--</SearchControlType>
    <SearchControlParameters>
    </SearchControlParameters>
    <DbParamField>
    </DbParamField>
    <useMode>DataBase</useMode>
    <IsGraph>n</IsGraph>
    <allowdetailview>n</allowdetailview>
  </column>
</columns>', N'ZnodeSupplierType', N'ZnodeSupplierType', N'ZnodeSupplierType', 0, NULL, NULL, NULL, NULL, 2, CAST(N'1905-06-16 00:00:00.000' AS DateTime), 2, CAST(N'2016-04-19 12:28:43.510' AS DateTime))
INSERT [dbo].[ZnodeApplicationSetting] ([ApplicationSettingId], [GroupName], [ItemName], [Setting], [ViewOptions], [FrontPageName], [FrontObjectName], [IsCompressed], [OrderByFields], [ItemNameWithoutCurrency], [CreatedByName], [ModifiedByName], [CreatedBy], [CreatedDate], [ModifiedBy], [ModifiedDate]) VALUES (199, N'Table', N'ZnodeShippingType', N'<?xml version="1.0" encoding="utf-16"?>
<columns>
  <column>
    <id>1</id>
    <name>Id</name>
    <headertext>Checkbox</headertext>
    <width>40</width>
    <datatype>Int32</datatype>
    <columntype>Int32</columntype>
    <allowsorting>true</allowsorting>
    <allowpaging>false</allowpaging>
    <format>
    </format>
    <isvisible>y</isvisible>
    <mustshow>n</mustshow>
    <musthide>n</musthide>
    <maxlength>0</maxlength>
    <isallowsearch>n</isallowsearch>
    <isconditional>n</isconditional>
    <isallowlink>n</isallowlink>
    <islinkactionurl>
    </islinkactionurl>
    <islinkparamfield>shippingTypeId</islinkparamfield>
    <ischeckbox>y</ischeckbox>
    <checkboxparamfield>
    </checkboxparamfield>
    <iscontrol>n</iscontrol>
    <controltype>
    </controltype>
    <controlparamfield>
    </controlparamfield>
    <displaytext>shippingType Id</displaytext>
    <editactionurl>
    </editactionurl>
    <editparamfield>
    </editparamfield>
    <deleteactionurl>
    </deleteactionurl>
    <deleteparamfield>
    </deleteparamfield>
    <viewactionurl>
    </viewactionurl>
    <viewparamfield>
    </viewparamfield>
    <imageactionurl>
    </imageactionurl>
    <imageparamfield>
    </imageparamfield>
    <manageactionurl>
    </manageactionurl>
    <manageparamfield>
    </manageparamfield>
    <copyactionurl>
    </copyactionurl>
    <copyparamfield>
    </copyparamfield>
    <xaxis>n</xaxis>
    <yaxis>n</yaxis>
    <isadvancesearch>y</isadvancesearch>
    <Class>
    </Class>
    <SearchControlType>--Select--</SearchControlType>
    <SearchControlParameters>
    </SearchControlParameters>
    <DbParamField>
    </DbParamField>
    <useMode>DataBase</useMode>
    <IsGraph>n</IsGraph>
    <allowdetailview>n</allowdetailview>
  </column>
  <column>
    <id>2</id>
    <name>ClassName</name>
    <headertext>Class Name</headertext>
    <width>40</width>
    <datatype>String</datatype>
    <columntype>String</columntype>
    <allowsorting>true</allowsorting>
    <allowpaging>false</allowpaging>
    <format>
    </format>
    <isvisible>y</isvisible>
    <mustshow>n</mustshow>
    <musthide>n</musthide>
    <maxlength>0</maxlength>
    <isallowsearch>n</isallowsearch>
    <isconditional>n</isconditional>
    <isallowlink>n</isallowlink>
    <islinkactionurl>
    </islinkactionurl>
    <islinkparamfield>shippingTypeId</islinkparamfield>
    <ischeckbox>n</ischeckbox>
    <checkboxparamfield>shippingTypeId</checkboxparamfield>
    <iscontrol>n</iscontrol>
    <controltype>
    </controltype>
    <controlparamfield>
    </controlparamfield>
    <displaytext>Class Name</displaytext>
    <editactionurl>
    </editactionurl>
    <editparamfield>
    </editparamfield>
    <deleteactionurl>
    </deleteactionurl>
    <deleteparamfield>
    </deleteparamfield>
    <viewactionurl>
    </viewactionurl>
    <viewparamfield>
    </viewparamfield>
    <imageactionurl>
    </imageactionurl>
    <imageparamfield>
    </imageparamfield>
    <manageactionurl>
    </manageactionurl>
    <manageparamfield>
    </manageparamfield>
    <copyactionurl>
    </copyactionurl>
    <copyparamfield>
    </copyparamfield>
    <xaxis>n</xaxis>
    <yaxis>n</yaxis>
    <isadvancesearch>y</isadvancesearch>
    <Class>
    </Class>
    <SearchControlType>--Select--</SearchControlType>
    <SearchControlParameters>
    </SearchControlParameters>
    <DbParamField>
    </DbParamField>
    <useMode>DataBase</useMode>
    <IsGraph>n</IsGraph>
    <allowdetailview>n</allowdetailview>
  </column>
  <column>
    <id>3</id>
    <name>Name</name>
    <headertext>Name</headertext>
    <width>40</width>
    <datatype>String</datatype>
    <columntype>String</columntype>
    <allowsorting>true</allowsorting>
    <allowpaging>true</allowpaging>
    <format>
    </format>
    <isvisible>y</isvisible>
    <mustshow>n</mustshow>
    <musthide>n</musthide>
    <maxlength>0</maxlength>
    <isallowsearch>n</isallowsearch>
    <isconditional>n</isconditional>
    <isallowlink>n</isallowlink>
    <islinkactionurl>
    </islinkactionurl>
    <islinkparamfield>shippingTypeId</islinkparamfield>
    <ischeckbox>n</ischeckbox>
    <checkboxparamfield>shippingTypeId</checkboxparamfield>
    <iscontrol>n</iscontrol>
    <controltype>
    </controltype>
    <controlparamfield>
    </controlparamfield>
    <displaytext>Name</displaytext>
    <editactionurl>
    </editactionurl>
    <editparamfield>
    </editparamfield>
    <deleteactionurl>
    </deleteactionurl>
    <deleteparamfield>
    </deleteparamfield>
    <viewactionurl>
    </viewactionurl>
    <viewparamfield>
    </viewparamfield>
    <imageactionurl>
    </imageactionurl>
    <imageparamfield>
    </imageparamfield>
    <manageactionurl>
    </manageactionurl>
    <manageparamfield>
    </manageparamfield>
    <copyactionurl>
    </copyactionurl>
    <copyparamfield>
    </copyparamfield>
    <xaxis>n</xaxis>
    <yaxis>n</yaxis>
    <isadvancesearch>y</isadvancesearch>
    <Class>
    </Class>
    <SearchControlType>--Select--</SearchControlType>
    <SearchControlParameters>
    </SearchControlParameters>
    <DbParamField>
    </DbParamField>
    <useMode>DataBase</useMode>
    <IsGraph>n</IsGraph>
    <allowdetailview>n</allowdetailview>
  </column>
  <column>
    <id>4</id>
    <name>IsActive</name>
    <headertext>Enabled</headertext>
    <width>40</width>
    <datatype>Boolean</datatype>
    <columntype>Boolean</columntype>
    <allowsorting>false</allowsorting>
    <allowpaging>false</allowpaging>
    <format>
    </format>
    <isvisible>y</isvisible>
    <mustshow>n</mustshow>
    <musthide>n</musthide>
    <maxlength>0</maxlength>
    <isallowsearch>n</isallowsearch>
    <isconditional>n</isconditional>
    <isallowlink>n</isallowlink>
    <islinkactionurl>
    </islinkactionurl>
    <islinkparamfield>shippingTypeId</islinkparamfield>
    <ischeckbox>n</ischeckbox>
    <checkboxparamfield>shippingTypeId</checkboxparamfield>
    <iscontrol>n</iscontrol>
    <controltype>
    </controltype>
    <controlparamfield>
    </controlparamfield>
    <displaytext>Enabled</displaytext>
    <editactionurl>
    </editactionurl>
    <editparamfield>
    </editparamfield>
    <deleteactionurl>
    </deleteactionurl>
    <deleteparamfield>
    </deleteparamfield>
    <viewactionurl>
    </viewactionurl>
    <viewparamfield>
    </viewparamfield>
    <imageactionurl>
    </imageactionurl>
    <imageparamfield>
    </imageparamfield>
    <manageactionurl>
    </manageactionurl>
    <manageparamfield>
    </manageparamfield>
    <copyactionurl>
    </copyactionurl>
    <copyparamfield>
    </copyparamfield>
    <xaxis>n</xaxis>
    <yaxis>n</yaxis>
    <isadvancesearch>y</isadvancesearch>
    <Class>
    </Class>
    <SearchControlType>--Select--</SearchControlType>
    <SearchControlParameters>
    </SearchControlParameters>
    <DbParamField>
    </DbParamField>
    <useMode>DataBase</useMode>
    <IsGraph>n</IsGraph>
    <allowdetailview>n</allowdetailview>
  </column>
  <column>
    <id>5</id>
    <name>Manage</name>
    <headertext>Action</headertext>
    <width>40</width>
    <datatype>String</datatype>
    <columntype>String</columntype>
    <allowsorting>false</allowsorting>
    <allowpaging>false</allowpaging>
    <format>Edit|Delete</format>
    <isvisible>y</isvisible>
    <mustshow>n</mustshow>
    <musthide>n</musthide>
    <maxlength>0</maxlength>
    <isallowsearch>n</isallowsearch>
    <isconditional>n</isconditional>
    <isallowlink>n</isallowlink>
    <islinkactionurl>
    </islinkactionurl>
    <islinkparamfield>shippingTypeId</islinkparamfield>
    <ischeckbox>n</ischeckbox>
    <checkboxparamfield>shippingTypeId</checkboxparamfield>
    <iscontrol>n</iscontrol>
    <controltype>
    </controltype>
    <controlparamfield>
    </controlparamfield>
    <displaytext>Edit|Delete</displaytext>
    <editactionurl>
    </editactionurl>
    <editparamfield>
    </editparamfield>
    <deleteactionurl>
    </deleteactionurl>
    <deleteparamfield>
    </deleteparamfield>
    <viewactionurl>
    </viewactionurl>
    <viewparamfield>
    </viewparamfield>
    <imageactionurl>
    </imageactionurl>
    <imageparamfield>
    </imageparamfield>
    <manageactionurl>/ProviderEngine/EditShippingType|/ProviderEngine/DeleteShippingType</manageactionurl>
    <manageparamfield>Id|Id</manageparamfield>
    <copyactionurl>
    </copyactionurl>
    <copyparamfield>
    </copyparamfield>
    <xaxis>n</xaxis>
    <yaxis>n</yaxis>
    <isadvancesearch>y</isadvancesearch>
    <Class>grid-action</Class>
    <SearchControlType>--Select--</SearchControlType>
    <SearchControlParameters>
    </SearchControlParameters>
    <DbParamField>
    </DbParamField>
    <useMode>DataBase</useMode>
    <IsGraph>n</IsGraph>
    <allowdetailview>n</allowdetailview>
  </column>
  <column>
    <id>6</id>
    <name>Edit</name>
    <headertext>Edit</headertext>
    <width>40</width>
    <datatype>String</datatype>
    <columntype>String</columntype>
    <allowsorting>false</allowsorting>
    <allowpaging>false</allowpaging>
    <format>
    </format>
    <isvisible>n</isvisible>
    <mustshow>n</mustshow>
    <musthide>n</musthide>
    <maxlength>0</maxlength>
    <isallowsearch>n</isallowsearch>
    <isconditional>n</isconditional>
    <isallowlink>n</isallowlink>
    <islinkactionurl>
    </islinkactionurl>
    <islinkparamfield>
    </islinkparamfield>
    <ischeckbox>n</ischeckbox>
    <checkboxparamfield>
    </checkboxparamfield>
    <iscontrol>n</iscontrol>
    <controltype>
    </controltype>
    <controlparamfield>
    </controlparamfield>
    <displaytext>Edit</displaytext>
    <editactionurl>/ProviderEngine/EditShippingType</editactionurl>
    <editparamfield>shippingTypeId</editparamfield>
    <deleteactionurl>
    </deleteactionurl>
    <deleteparamfield>
    </deleteparamfield>
    <viewactionurl>
    </viewactionurl>
    <viewparamfield>
    </viewparamfield>
    <imageactionurl>
    </imageactionurl>
    <imageparamfield>
    </imageparamfield>
    <manageactionurl>
    </manageactionurl>
    <manageparamfield>
    </manageparamfield>
    <copyactionurl>
    </copyactionurl>
    <copyparamfield>
    </copyparamfield>
    <xaxis>n</xaxis>
    <yaxis>n</yaxis>
    <isadvancesearch>n</isadvancesearch>
    <Class>
    </Class>
    <SearchControlType>--Select--</SearchControlType>
    <SearchControlParameters>
    </SearchControlParameters>
    <DbParamField>
    </DbParamField>
    <useMode>DataBase</useMode>
    <IsGraph>n</IsGraph>
    <allowdetailview>n</allowdetailview>
  </column>
  <column>
    <id>7</id>
    <name>Delete</name>
    <headertext>Delete</headertext>
    <width>40</width>
    <datatype>String</datatype>
    <columntype>String</columntype>
    <allowsorting>false</allowsorting>
    <allowpaging>false</allowpaging>
    <format>
    </format>
    <isvisible>n</isvisible>
    <mustshow>n</mustshow>
    <musthide>n</musthide>
    <maxlength>0</maxlength>
    <isallowsearch>n</isallowsearch>
    <isconditional>n</isconditional>
    <isallowlink>n</isallowlink>
    <islinkactionurl>
    </islinkactionurl>
    <islinkparamfield>
    </islinkparamfield>
    <ischeckbox>n</ischeckbox>
    <checkboxparamfield>
    </checkboxparamfield>
    <iscontrol>n</iscontrol>
    <controltype>
    </controltype>
    <controlparamfield>
    </controlparamfield>
    <displaytext>Delete</displaytext>
    <editactionurl>
    </editactionurl>
    <editparamfield>
    </editparamfield>
    <deleteactionurl>/ProviderEngine/DeleteShippingType</deleteactionurl>
    <deleteparamfield>shippingTypeId</deleteparamfield>
    <viewactionurl>
    </viewactionurl>
    <viewparamfield>
    </viewparamfield>
    <imageactionurl>
    </imageactionurl>
    <imageparamfield>
    </imageparamfield>
    <manageactionurl>
    </manageactionurl>
    <manageparamfield>
    </manageparamfield>
    <copyactionurl>
    </copyactionurl>
    <copyparamfield>
    </copyparamfield>
    <xaxis>n</xaxis>
    <yaxis>n</yaxis>
    <isadvancesearch>n</isadvancesearch>
    <Class>
    </Class>
    <SearchControlType>--Select--</SearchControlType>
    <SearchControlParameters>
    </SearchControlParameters>
    <DbParamField>
    </DbParamField>
    <useMode>DataBase</useMode>
    <IsGraph>n</IsGraph>
    <allowdetailview>n</allowdetailview>
  </column>
  <column>
    <id>8</id>
    <name>View</name>
    <headertext>View</headertext>
    <width>0</width>
    <datatype>String</datatype>
    <columntype>String</columntype>
    <allowsorting>false</allowsorting>
    <allowpaging>false</allowpaging>
    <format>
    </format>
    <isvisible>n</isvisible>
    <mustshow>n</mustshow>
    <musthide>n</musthide>
    <maxlength>0</maxlength>
    <isallowsearch>n</isallowsearch>
    <isconditional>n</isconditional>
    <isallowlink>n</isallowlink>
    <islinkactionurl>
    </islinkactionurl>
    <islinkparamfield>
    </islinkparamfield>
    <ischeckbox>n</ischeckbox>
    <checkboxparamfield>
    </checkboxparamfield>
    <iscontrol>n</iscontrol>
    <controltype>
    </controltype>
    <controlparamfield>
    </controlparamfield>
    <displaytext>View</displaytext>
    <editactionurl>
    </editactionurl>
    <editparamfield>
    </editparamfield>
    <deleteactionurl>
    </deleteactionurl>
    <deleteparamfield>
    </deleteparamfield>
    <viewactionurl>/Users/Manage</viewactionurl>
    <viewparamfield>AccountId</viewparamfield>
    <imageactionurl>
    </imageactionurl>
    <imageparamfield>
    </imageparamfield>
    <manageactionurl>
    </manageactionurl>
    <manageparamfield>
    </manageparamfield>
    <copyactionurl>
    </copyactionurl>
    <copyparamfield>
    </copyparamfield>
    <xaxis>n</xaxis>
    <yaxis>n</yaxis>
    <isadvancesearch>n</isadvancesearch>
    <Class>
    </Class>
    <SearchControlType>--Select--</SearchControlType>
    <SearchControlParameters>
    </SearchControlParameters>
    <DbParamField>
    </DbParamField>
    <useMode>DataBase</useMode>
    <IsGraph>n</IsGraph>
    <allowdetailview>n</allowdetailview>
  </column>
</columns>', N'ZnodeShippingType', N'ZnodeShippingType', N'ZnodeShippingType', 0, NULL, NULL, NULL, NULL, 2, CAST(N'1905-06-16 00:00:00.000' AS DateTime), 2, CAST(N'2016-04-19 12:30:34.570' AS DateTime))
INSERT [dbo].[ZnodeApplicationSetting] ([ApplicationSettingId], [GroupName], [ItemName], [Setting], [ViewOptions], [FrontPageName], [FrontObjectName], [IsCompressed], [OrderByFields], [ItemNameWithoutCurrency], [CreatedByName], [ModifiedByName], [CreatedBy], [CreatedDate], [ModifiedBy], [ModifiedDate]) VALUES (200, N'Table', N'ZnodePayment', N'<?xml version="1.0" encoding="utf-16"?><columns><column><id>1</id><name>PaymentSettingId</name><headertext>Checkbox</headertext><width>40</width><datatype>Int32</datatype><columntype>Int32</columntype><allowsorting>true</allowsorting><allowpaging>false</allowpaging><format></format><isvisible>y</isvisible><mustshow>n</mustshow><musthide>n</musthide><maxlength>0</maxlength><isallowsearch>n</isallowsearch><isconditional>n</isconditional><isallowlink>n</isallowlink><islinkactionurl></islinkactionurl><islinkparamfield>PaymentSettingId</islinkparamfield><ischeckbox>y</ischeckbox><checkboxparamfield></checkboxparamfield><iscontrol>n</iscontrol><controltype></controltype><controlparamfield></controlparamfield><displaytext>ID</displaytext><editactionurl></editactionurl><editparamfield></editparamfield><deleteactionurl></deleteactionurl><deleteparamfield></deleteparamfield><viewactionurl></viewactionurl><viewparamfield></viewparamfield><imageactionurl></imageactionurl><imageparamfield></imageparamfield><manageactionurl></manageactionurl><manageparamfield></manageparamfield><copyactionurl></copyactionurl><copyparamfield></copyparamfield><xaxis>n</xaxis><yaxis>n</yaxis><isadvancesearch>n</isadvancesearch><Class></Class><SearchControlType>--Select--</SearchControlType><SearchControlParameters></SearchControlParameters><DbParamField></DbParamField><useMode>DataBase</useMode><IsGraph>n</IsGraph><allowdetailview>n</allowdetailview></column><column><id>2</id><name>PaymentTypeId</name><headertext>Payment Option</headertext><width>40</width><datatype>String</datatype><columntype>String</columntype><allowsorting>true</allowsorting><allowpaging>false</allowpaging><format></format><isvisible>y</isvisible><mustshow>n</mustshow><musthide>n</musthide><maxlength>0</maxlength><isallowsearch>n</isallowsearch><isconditional>n</isconditional><isallowlink>n</isallowlink><islinkactionurl></islinkactionurl><islinkparamfield>PaymentTypeId</islinkparamfield><ischeckbox>n</ischeckbox><checkboxparamfield>PaymentTypeId</checkboxparamfield><iscontrol>n</iscontrol><controltype></controltype><controlparamfield></controlparamfield><displaytext>Payment Option</displaytext><editactionurl></editactionurl><editparamfield></editparamfield><deleteactionurl></deleteactionurl><deleteparamfield></deleteparamfield><viewactionurl></viewactionurl><viewparamfield></viewparamfield><imageactionurl></imageactionurl><imageparamfield></imageparamfield><manageactionurl></manageactionurl><manageparamfield></manageparamfield><copyactionurl></copyactionurl><copyparamfield></copyparamfield><xaxis>n</xaxis><yaxis>n</yaxis><isadvancesearch>n</isadvancesearch><Class></Class><SearchControlType>--Select--</SearchControlType><SearchControlParameters></SearchControlParameters><DbParamField></DbParamField><useMode>DataBase</useMode><IsGraph>n</IsGraph><allowdetailview>n</allowdetailview></column><column><id>3</id><name>PaymentGatewayId</name><headertext>Payment Gateway</headertext><width>40</width><datatype>String</datatype><columntype>String</columntype><allowsorting>true</allowsorting><allowpaging>true</allowpaging><format></format><isvisible>y</isvisible><mustshow>n</mustshow><musthide>n</musthide><maxlength>0</maxlength><isallowsearch>n</isallowsearch><isconditional>n</isconditional><isallowlink>n</isallowlink><islinkactionurl></islinkactionurl><islinkparamfield>PaymentGatewayId</islinkparamfield><ischeckbox>n</ischeckbox><checkboxparamfield>PaymentGatewayId</checkboxparamfield><iscontrol>n</iscontrol><controltype></controltype><controlparamfield></controlparamfield><displaytext>Payment Gateway</displaytext><editactionurl></editactionurl><editparamfield></editparamfield><deleteactionurl></deleteactionurl><deleteparamfield></deleteparamfield><viewactionurl></viewactionurl><viewparamfield></viewparamfield><imageactionurl></imageactionurl><imageparamfield></imageparamfield><manageactionurl></manageactionurl><manageparamfield></manageparamfield><copyactionurl></copyactionurl><copyparamfield></copyparamfield><xaxis>n</xaxis><yaxis>n</yaxis><isadvancesearch>n</isadvancesearch><Class></Class><SearchControlType>--Select--</SearchControlType><SearchControlParameters></SearchControlParameters><DbParamField></DbParamField><useMode>DataBase</useMode><IsGraph>n</IsGraph><allowdetailview>n</allowdetailview></column><column><id>4</id><name>ProfileId</name><headertext>Profile Name</headertext><width>40</width><datatype>String</datatype><columntype>String</columntype><allowsorting>true</allowsorting><allowpaging>true</allowpaging><format></format><isvisible>y</isvisible><mustshow>n</mustshow><musthide>n</musthide><maxlength>0</maxlength><isallowsearch>n</isallowsearch><isconditional>n</isconditional><isallowlink>n</isallowlink><islinkactionurl></islinkactionurl><islinkparamfield>ProfileId</islinkparamfield><ischeckbox>n</ischeckbox><checkboxparamfield>ProfileId</checkboxparamfield><iscontrol>n</iscontrol><controltype></controltype><controlparamfield></controlparamfield><displaytext>Profile Name</displaytext><editactionurl></editactionurl><editparamfield></editparamfield><deleteactionurl></deleteactionurl><deleteparamfield></deleteparamfield><viewactionurl></viewactionurl><viewparamfield></viewparamfield><imageactionurl></imageactionurl><imageparamfield></imageparamfield><manageactionurl></manageactionurl><manageparamfield></manageparamfield><copyactionurl></copyactionurl><copyparamfield></copyparamfield><xaxis>n</xaxis><yaxis>n</yaxis><isadvancesearch>n</isadvancesearch><Class></Class><SearchControlType>--Select--</SearchControlType><SearchControlParameters></SearchControlParameters><DbParamField></DbParamField><useMode>DataBase</useMode><IsGraph>n</IsGraph><allowdetailview>n</allowdetailview></column><column><id>5</id><name>IsActive</name><headertext>Enable</headertext><width>40</width><datatype>Boolean</datatype><columntype>Boolean</columntype><allowsorting>true</allowsorting><allowpaging>true</allowpaging><format></format><isvisible>y</isvisible><mustshow>n</mustshow><musthide>n</musthide><maxlength>0</maxlength><isallowsearch>n</isallowsearch><isconditional>n</isconditional><isallowlink>n</isallowlink><islinkactionurl></islinkactionurl><islinkparamfield>IsActive</islinkparamfield><ischeckbox>n</ischeckbox><checkboxparamfield>IsActive</checkboxparamfield><iscontrol>n</iscontrol><controltype></controltype><controlparamfield></controlparamfield><displaytext>Enable</displaytext><editactionurl></editactionurl><editparamfield></editparamfield><deleteactionurl></deleteactionurl><deleteparamfield></deleteparamfield><viewactionurl></viewactionurl><viewparamfield></viewparamfield><imageactionurl></imageactionurl><imageparamfield></imageparamfield><manageactionurl></manageactionurl><manageparamfield></manageparamfield><copyactionurl></copyactionurl><copyparamfield></copyparamfield><xaxis>n</xaxis><yaxis>n</yaxis><isadvancesearch>y</isadvancesearch><Class></Class><SearchControlType>--Select--</SearchControlType><SearchControlParameters></SearchControlParameters><DbParamField></DbParamField><useMode>DataBase</useMode><IsGraph>n</IsGraph><allowdetailview>n</allowdetailview></column><column><id>6</id><name>DisplayOrder</name><headertext>Display Order</headertext><width>40</width><datatype>Int</datatype><columntype>Int</columntype><allowsorting>false</allowsorting><allowpaging>false</allowpaging><format></format><isvisible>y</isvisible><mustshow>n</mustshow><musthide>n</musthide><maxlength>0</maxlength><isallowsearch>n</isallowsearch><isconditional>n</isconditional><isallowlink>n</isallowlink><islinkactionurl></islinkactionurl><islinkparamfield>DisplayOrder</islinkparamfield><ischeckbox>n</ischeckbox><checkboxparamfield>DisplayOrder</checkboxparamfield><iscontrol>n</iscontrol><controltype></controltype><controlparamfield></controlparamfield><displaytext>Display Order</displaytext><editactionurl></editactionurl><editparamfield></editparamfield><deleteactionurl></deleteactionurl><deleteparamfield></deleteparamfield><viewactionurl></viewactionurl><viewparamfield></viewparamfield><imageactionurl></imageactionurl><imageparamfield></imageparamfield><manageactionurl></manageactionurl><manageparamfield></manageparamfield><copyactionurl></copyactionurl><copyparamfield></copyparamfield><xaxis>n</xaxis><yaxis>n</yaxis><isadvancesearch>y</isadvancesearch><Class></Class><SearchControlType>--Select--</SearchControlType><SearchControlParameters></SearchControlParameters><DbParamField></DbParamField><useMode>DataBase</useMode><IsGraph>n</IsGraph><allowdetailview>n</allowdetailview></column><column><id>7</id><name>Manage</name><headertext>Action</headertext><width>50</width><datatype>String</datatype><columntype>String</columntype><allowsorting>false</allowsorting><allowpaging>true</allowpaging><format>Edit|Delete</format><isvisible>y</isvisible><mustshow>n</mustshow><musthide>y</musthide><maxlength>0</maxlength><isallowsearch>n</isallowsearch><isconditional>y</isconditional><isallowlink>n</isallowlink><islinkactionurl></islinkactionurl><islinkparamfield>PaymentSettingId|</islinkparamfield><ischeckbox>n</ischeckbox><checkboxparamfield>PaymentSettingId</checkboxparamfield><iscontrol>n</iscontrol><controltype></controltype><controlparamfield></controlparamfield><displaytext>Edit|Delete</displaytext><editactionurl></editactionurl><editparamfield></editparamfield><deleteactionurl></deleteactionurl><deleteparamfield></deleteparamfield><viewactionurl></viewactionurl><viewparamfield></viewparamfield><imageactionurl></imageactionurl><imageparamfield></imageparamfield><manageactionurl>/Payment/Edit|/Payment/Delete</manageactionurl><manageparamfield>PaymentSettingId|PaymentSettingId</manageparamfield><copyactionurl></copyactionurl><copyparamfield></copyparamfield><xaxis>n</xaxis><yaxis>n</yaxis><isadvancesearch>y</isadvancesearch><Class></Class><SearchControlType>--Select--</SearchControlType><SearchControlParameters></SearchControlParameters><DbParamField></DbParamField><useMode>DataBase</useMode><IsGraph>n</IsGraph><allowdetailview>n</allowdetailview></column></columns>', N'ZnodePayment', N'ZnodePayment', N'ZnodePayment', 0, NULL, NULL, NULL, NULL, 2, CAST(N'1905-06-16 00:00:00.000' AS DateTime), 2, CAST(N'1905-06-16 00:00:00.000' AS DateTime))
INSERT [dbo].[ZnodeApplicationSetting] ([ApplicationSettingId], [GroupName], [ItemName], [Setting], [ViewOptions], [FrontPageName], [FrontObjectName], [IsCompressed], [OrderByFields], [ItemNameWithoutCurrency], [CreatedByName], [ModifiedByName], [CreatedBy], [CreatedDate], [ModifiedBy], [ModifiedDate]) VALUES (201, N'Table', N'ZnodePromotionType', N'<?xml version="1.0" encoding="utf-16"?>
<columns>
  <column>
    <id>1</id>
    <name>Id</name>
    <headertext>Checkbox</headertext>
    <width>40</width>
    <datatype>Int32</datatype>
    <columntype>Int32</columntype>
    <allowsorting>true</allowsorting>
    <allowpaging>false</allowpaging>
    <format>
    </format>
    <isvisible>y</isvisible>
    <mustshow>n</mustshow>
    <musthide>n</musthide>
    <maxlength>0</maxlength>
    <isallowsearch>n</isallowsearch>
    <isconditional>n</isconditional>
    <isallowlink>n</isallowlink>
    <islinkactionurl>
    </islinkactionurl>
    <islinkparamfield>PaymentSettingId</islinkparamfield>
    <ischeckbox>y</ischeckbox>
    <checkboxparamfield>
    </checkboxparamfield>
    <iscontrol>n</iscontrol>
    <controltype>
    </controltype>
    <controlparamfield>
    </controlparamfield>
    <displaytext>ID</displaytext>
    <editactionurl>
    </editactionurl>
    <editparamfield>
    </editparamfield>
    <deleteactionurl>
    </deleteactionurl>
    <deleteparamfield>
    </deleteparamfield>
    <viewactionurl>
    </viewactionurl>
    <viewparamfield>
    </viewparamfield>
    <imageactionurl>
    </imageactionurl>
    <imageparamfield>
    </imageparamfield>
    <manageactionurl>
    </manageactionurl>
    <manageparamfield>
    </manageparamfield>
    <copyactionurl>
    </copyactionurl>
    <copyparamfield>
    </copyparamfield>
    <xaxis>n</xaxis>
    <yaxis>n</yaxis>
    <isadvancesearch>y</isadvancesearch>
    <Class>
    </Class>
    <SearchControlType>--Select--</SearchControlType>
    <SearchControlParameters>
    </SearchControlParameters>
    <DbParamField>
    </DbParamField>
    <useMode>DataBase</useMode>
    <IsGraph>n</IsGraph>
    <allowdetailview>n</allowdetailview>
  </column>
  <column>
    <id>2</id>
    <name>ClassName</name>
    <headertext>Class Name</headertext>
    <width>40</width>
    <datatype>String</datatype>
    <columntype>String</columntype>
    <allowsorting>true</allowsorting>
    <allowpaging>false</allowpaging>
    <format>
    </format>
    <isvisible>y</isvisible>
    <mustshow>n</mustshow>
    <musthide>n</musthide>
    <maxlength>0</maxlength>
    <isallowsearch>n</isallowsearch>
    <isconditional>n</isconditional>
    <isallowlink>n</isallowlink>
    <islinkactionurl>
    </islinkactionurl>
    <islinkparamfield>PaymentTypeId</islinkparamfield>
    <ischeckbox>n</ischeckbox>
    <checkboxparamfield>PaymentTypeId</checkboxparamfield>
    <iscontrol>n</iscontrol>
    <controltype>
    </controltype>
    <controlparamfield>
    </controlparamfield>
    <displaytext>ClassName</displaytext>
    <editactionurl>
    </editactionurl>
    <editparamfield>
    </editparamfield>
    <deleteactionurl>
    </deleteactionurl>
    <deleteparamfield>
    </deleteparamfield>
    <viewactionurl>
    </viewactionurl>
    <viewparamfield>
    </viewparamfield>
    <imageactionurl>
    </imageactionurl>
    <imageparamfield>
    </imageparamfield>
    <manageactionurl>
    </manageactionurl>
    <manageparamfield>
    </manageparamfield>
    <copyactionurl>
    </copyactionurl>
    <copyparamfield>
    </copyparamfield>
    <xaxis>n</xaxis>
    <yaxis>n</yaxis>
    <isadvancesearch>y</isadvancesearch>
    <Class>
    </Class>
    <SearchControlType>--Select--</SearchControlType>
    <SearchControlParameters>
    </SearchControlParameters>
    <DbParamField>
    </DbParamField>
    <useMode>DataBase</useMode>
    <IsGraph>n</IsGraph>
    <allowdetailview>n</allowdetailview>
  </column>
  <column>
    <id>3</id>
    <name>Name</name>
    <headertext>Name</headertext>
    <width>40</width>
    <datatype>String</datatype>
    <columntype>String</columntype>
    <allowsorting>true</allowsorting>
    <allowpaging>true</allowpaging>
    <format>
    </format>
    <isvisible>y</isvisible>
    <mustshow>n</mustshow>
    <musthide>n</musthide>
    <maxlength>0</maxlength>
    <isallowsearch>n</isallowsearch>
    <isconditional>n</isconditional>
    <isallowlink>n</isallowlink>
    <islinkactionurl>
    </islinkactionurl>
    <islinkparamfield>PaymentGatewayId</islinkparamfield>
    <ischeckbox>n</ischeckbox>
    <checkboxparamfield>PaymentGatewayId</checkboxparamfield>
    <iscontrol>n</iscontrol>
    <controltype>
    </controltype>
    <controlparamfield>
    </controlparamfield>
    <displaytext>Name</displaytext>
    <editactionurl>
    </editactionurl>
    <editparamfield>
    </editparamfield>
    <deleteactionurl>
    </deleteactionurl>
    <deleteparamfield>
    </deleteparamfield>
    <viewactionurl>
    </viewactionurl>
    <viewparamfield>
    </viewparamfield>
    <imageactionurl>
    </imageactionurl>
    <imageparamfield>
    </imageparamfield>
    <manageactionurl>
    </manageactionurl>
    <manageparamfield>
    </manageparamfield>
    <copyactionurl>
    </copyactionurl>
    <copyparamfield>
    </copyparamfield>
    <xaxis>n</xaxis>
    <yaxis>n</yaxis>
    <isadvancesearch>y</isadvancesearch>
    <Class>
    </Class>
    <SearchControlType>--Select--</SearchControlType>
    <SearchControlParameters>
    </SearchControlParameters>
    <DbParamField>
    </DbParamField>
    <useMode>DataBase</useMode>
    <IsGraph>n</IsGraph>
    <allowdetailview>n</allowdetailview>
  </column>
  <column>
    <id>4</id>
    <name>IsActive</name>
    <headertext>Enable</headertext>
    <width>40</width>
    <datatype>Boolean</datatype>
    <columntype>Boolean</columntype>
    <allowsorting>true</allowsorting>
    <allowpaging>true</allowpaging>
    <format>
    </format>
    <isvisible>y</isvisible>
    <mustshow>n</mustshow>
    <musthide>n</musthide>
    <maxlength>0</maxlength>
    <isallowsearch>n</isallowsearch>
    <isconditional>n</isconditional>
    <isallowlink>n</isallowlink>
    <islinkactionurl>
    </islinkactionurl>
    <islinkparamfield>IsActive</islinkparamfield>
    <ischeckbox>n</ischeckbox>
    <checkboxparamfield>IsActive</checkboxparamfield>
    <iscontrol>n</iscontrol>
    <controltype>
    </controltype>
    <controlparamfield>
    </controlparamfield>
    <displaytext>Enable</displaytext>
    <editactionurl>
    </editactionurl>
    <editparamfield>
    </editparamfield>
    <deleteactionurl>
    </deleteactionurl>
    <deleteparamfield>
    </deleteparamfield>
    <viewactionurl>
    </viewactionurl>
    <viewparamfield>
    </viewparamfield>
    <imageactionurl>
    </imageactionurl>
    <imageparamfield>
    </imageparamfield>
    <manageactionurl>
    </manageactionurl>
    <manageparamfield>
    </manageparamfield>
    <copyactionurl>
    </copyactionurl>
    <copyparamfield>
    </copyparamfield>
    <xaxis>n</xaxis>
    <yaxis>n</yaxis>
    <isadvancesearch>y</isadvancesearch>
    <Class>
    </Class>
    <SearchControlType>--Select--</SearchControlType>
    <SearchControlParameters>
    </SearchControlParameters>
    <DbParamField>
    </DbParamField>
    <useMode>DataBase</useMode>
    <IsGraph>n</IsGraph>
    <allowdetailview>n</allowdetailview>
  </column>
  <column>
    <id>5</id>
    <name>Manage</name>
    <headertext>Action</headertext>
    <width>50</width>
    <datatype>String</datatype>
    <columntype>String</columntype>
    <allowsorting>false</allowsorting>
    <allowpaging>true</allowpaging>
    <format>Edit|Delete</format>
    <isvisible>y</isvisible>
    <mustshow>n</mustshow>
    <musthide>y</musthide>
    <maxlength>0</maxlength>
    <isallowsearch>n</isallowsearch>
    <isconditional>y</isconditional>
    <isallowlink>n</isallowlink>
    <islinkactionurl>
    </islinkactionurl>
    <islinkparamfield>PaymentSettingId|</islinkparamfield>
    <ischeckbox>n</ischeckbox>
    <checkboxparamfield>Id</checkboxparamfield>
    <iscontrol>n</iscontrol>
    <controltype>
    </controltype>
    <controlparamfield>
    </controlparamfield>
    <displaytext>Edit|Delete</displaytext>
    <editactionurl>
    </editactionurl>
    <editparamfield>
    </editparamfield>
    <deleteactionurl>
    </deleteactionurl>
    <deleteparamfield>
    </deleteparamfield>
    <viewactionurl>
    </viewactionurl>
    <viewparamfield>
    </viewparamfield>
    <imageactionurl>
    </imageactionurl>
    <imageparamfield>
    </imageparamfield>
    <manageactionurl>/ProviderEngine/EditPromotionType|/ProviderEngine/DeletePromotionType</manageactionurl>
    <manageparamfield>Id|Id</manageparamfield>
    <copyactionurl>
    </copyactionurl>
    <copyparamfield>
    </copyparamfield>
    <xaxis>n</xaxis>
    <yaxis>n</yaxis>
    <isadvancesearch>y</isadvancesearch>
    <Class>
    </Class>
    <SearchControlType>--Select--</SearchControlType>
    <SearchControlParameters>
    </SearchControlParameters>
    <DbParamField>
    </DbParamField>
    <useMode>DataBase</useMode>
    <IsGraph>n</IsGraph>
    <allowdetailview>n</allowdetailview>
  </column>
</columns>', N'ZnodePromotionType', N'ZnodePromotionType', N'ZnodePromotionType', 0, NULL, NULL, NULL, NULL, 2, CAST(N'1905-06-16 00:00:00.000' AS DateTime), 2, CAST(N'2016-04-19 12:32:51.973' AS DateTime))
INSERT [dbo].[ZnodeApplicationSetting] ([ApplicationSettingId], [GroupName], [ItemName], [Setting], [ViewOptions], [FrontPageName], [FrontObjectName], [IsCompressed], [OrderByFields], [ItemNameWithoutCurrency], [CreatedByName], [ModifiedByName], [CreatedBy], [CreatedDate], [ModifiedBy], [ModifiedDate]) VALUES (202, N'Table', N'ZnodeSupplier', N'<?xml version="1.0" encoding="utf-16"?>
<columns>
  <column>
    <id>1</id>
    <name>SupplierId</name>
    <headertext>Checkbox</headertext>
    <width>40</width>
    <datatype>Int32</datatype>
    <columntype>Int32</columntype>
    <allowsorting>true</allowsorting>
    <allowpaging>false</allowpaging>
    <format>
    </format>
    <isvisible>y</isvisible>
    <mustshow>n</mustshow>
    <musthide>n</musthide>
    <maxlength>0</maxlength>
    <isallowsearch>n</isallowsearch>
    <isconditional>n</isconditional>
    <isallowlink>n</isallowlink>
    <islinkactionurl>
    </islinkactionurl>
    <islinkparamfield>
    </islinkparamfield>
    <ischeckbox>y</ischeckbox>
    <checkboxparamfield>
    </checkboxparamfield>
    <iscontrol>n</iscontrol>
    <controltype>
    </controltype>
    <controlparamfield>
    </controlparamfield>
    <displaytext>
    </displaytext>
    <editactionurl>
    </editactionurl>
    <editparamfield>
    </editparamfield>
    <deleteactionurl>
    </deleteactionurl>
    <deleteparamfield>
    </deleteparamfield>
    <viewactionurl>
    </viewactionurl>
    <viewparamfield>
    </viewparamfield>
    <imageactionurl>
    </imageactionurl>
    <imageparamfield>
    </imageparamfield>
    <manageactionurl>
    </manageactionurl>
    <manageparamfield>
    </manageparamfield>
    <copyactionurl>
    </copyactionurl>
    <copyparamfield>
    </copyparamfield>
    <xaxis>n</xaxis>
    <yaxis>n</yaxis>
    <isadvancesearch>y</isadvancesearch>
    <Class>
    </Class>
    <SearchControlType>--Select--</SearchControlType>
    <SearchControlParameters>
    </SearchControlParameters>
    <DbParamField>
    </DbParamField>
    <useMode>DataBase</useMode>
    <IsGraph>n</IsGraph>
    <allowdetailview>n</allowdetailview>
  </column>
  <column>
    <id>2</id>
    <name>SupplierType</name>
    <headertext>Supplier Type</headertext>
    <width>40</width>
    <datatype>String</datatype>
    <columntype>String</columntype>
    <allowsorting>false</allowsorting>
    <allowpaging>false</allowpaging>
    <format>
    </format>
    <isvisible>y</isvisible>
    <mustshow>n</mustshow>
    <musthide>n</musthide>
    <maxlength>0</maxlength>
    <isallowsearch>n</isallowsearch>
    <isconditional>n</isconditional>
    <isallowlink>n</isallowlink>
    <islinkactionurl>
    </islinkactionurl>
    <islinkparamfield>
    </islinkparamfield>
    <ischeckbox>n</ischeckbox>
    <checkboxparamfield>
    </checkboxparamfield>
    <iscontrol>n</iscontrol>
    <controltype>
    </controltype>
    <controlparamfield>
    </controlparamfield>
    <displaytext>
    </displaytext>
    <editactionurl>
    </editactionurl>
    <editparamfield>
    </editparamfield>
    <deleteactionurl>
    </deleteactionurl>
    <deleteparamfield>
    </deleteparamfield>
    <viewactionurl>
    </viewactionurl>
    <viewparamfield>
    </viewparamfield>
    <imageactionurl>
    </imageactionurl>
    <imageparamfield>
    </imageparamfield>
    <manageactionurl>
    </manageactionurl>
    <manageparamfield>
    </manageparamfield>
    <copyactionurl>
    </copyactionurl>
    <copyparamfield>
    </copyparamfield>
    <xaxis>n</xaxis>
    <yaxis>n</yaxis>
    <isadvancesearch>y</isadvancesearch>
    <Class>
    </Class>
    <SearchControlType>--Select--</SearchControlType>
    <SearchControlParameters>
    </SearchControlParameters>
    <DbParamField>
    </DbParamField>
    <useMode>DataBase</useMode>
    <IsGraph>n</IsGraph>
    <allowdetailview>n</allowdetailview>
  </column>
  <column>
    <id>3</id>
    <name>Name</name>
    <headertext>Name</headertext>
    <width>40</width>
    <datatype>String</datatype>
    <columntype>String</columntype>
    <allowsorting>true</allowsorting>
    <allowpaging>false</allowpaging>
    <format>
    </format>
    <isvisible>y</isvisible>
    <mustshow>n</mustshow>
    <musthide>n</musthide>
    <maxlength>0</maxlength>
    <isallowsearch>y</isallowsearch>
    <isconditional>n</isconditional>
    <isallowlink>n</isallowlink>
    <islinkactionurl>
    </islinkactionurl>
    <islinkparamfield>
    </islinkparamfield>
    <ischeckbox>n</ischeckbox>
    <checkboxparamfield>
    </checkboxparamfield>
    <iscontrol>n</iscontrol>
    <controltype>
    </controltype>
    <controlparamfield>
    </controlparamfield>
    <displaytext>
    </displaytext>
    <editactionurl>
    </editactionurl>
    <editparamfield>
    </editparamfield>
    <deleteactionurl>
    </deleteactionurl>
    <deleteparamfield>
    </deleteparamfield>
    <viewactionurl>
    </viewactionurl>
    <viewparamfield>
    </viewparamfield>
    <imageactionurl>
    </imageactionurl>
    <imageparamfield>
    </imageparamfield>
    <manageactionurl>
    </manageactionurl>
    <manageparamfield>
    </manageparamfield>
    <copyactionurl>
    </copyactionurl>
    <copyparamfield>
    </copyparamfield>
    <xaxis>n</xaxis>
    <yaxis>n</yaxis>
    <isadvancesearch>y</isadvancesearch>
    <Class>
    </Class>
    <SearchControlType>--Select--</SearchControlType>
    <SearchControlParameters>
    </SearchControlParameters>
    <DbParamField>
    </DbParamField>
    <useMode>DataBase</useMode>
    <IsGraph>n</IsGraph>
    <allowdetailview>n</allowdetailview>
  </column>
  <column>
    <id>4</id>
    <name>IsActive</name>
    <headertext>IsActive</headertext>
    <width>40</width>
    <datatype>Boolean</datatype>
    <columntype>Boolean</columntype>
    <allowsorting>false</allowsorting>
    <allowpaging>false</allowpaging>
    <format>
    </format>
    <isvisible>y</isvisible>
    <mustshow>n</mustshow>
    <musthide>n</musthide>
    <maxlength>0</maxlength>
    <isallowsearch>n</isallowsearch>
    <isconditional>n</isconditional>
    <isallowlink>n</isallowlink>
    <islinkactionurl>
    </islinkactionurl>
    <islinkparamfield>
    </islinkparamfield>
    <ischeckbox>n</ischeckbox>
    <checkboxparamfield>
    </checkboxparamfield>
    <iscontrol>n</iscontrol>
    <controltype>
    </controltype>
    <controlparamfield>
    </controlparamfield>
    <displaytext>
    </displaytext>
    <editactionurl>
    </editactionurl>
    <editparamfield>
    </editparamfield>
    <deleteactionurl>
    </deleteactionurl>
    <deleteparamfield>
    </deleteparamfield>
    <viewactionurl>
    </viewactionurl>
    <viewparamfield>
    </viewparamfield>
    <imageactionurl>
    </imageactionurl>
    <imageparamfield>
    </imageparamfield>
    <manageactionurl>
    </manageactionurl>
    <manageparamfield>
    </manageparamfield>
    <copyactionurl>
    </copyactionurl>
    <copyparamfield>
    </copyparamfield>
    <xaxis>n</xaxis>
    <yaxis>n</yaxis>
    <isadvancesearch>y</isadvancesearch>
    <Class>
    </Class>
    <SearchControlType>--Select--</SearchControlType>
    <SearchControlParameters>
    </SearchControlParameters>
    <DbParamField>
    </DbParamField>
    <useMode>DataBase</useMode>
    <IsGraph>n</IsGraph>
    <allowdetailview>n</allowdetailview>
  </column>
  <column>
    <id>5</id>
    <name>Manage</name>
    <headertext>Manage</headertext>
    <width>40</width>
    <datatype>String</datatype>
    <columntype>String</columntype>
    <allowsorting>false</allowsorting>
    <allowpaging>false</allowpaging>
    <format>Edit|Delete</format>
    <isvisible>y</isvisible>
    <mustshow>n</mustshow>
    <musthide>n</musthide>
    <maxlength>0</maxlength>
    <isallowsearch>n</isallowsearch>
    <isconditional>n</isconditional>
    <isallowlink>n</isallowlink>
    <islinkactionurl>
    </islinkactionurl>
    <islinkparamfield>supplierd</islinkparamfield>
    <ischeckbox>n</ischeckbox>
    <checkboxparamfield>
    </checkboxparamfield>
    <iscontrol>n</iscontrol>
    <controltype>
    </controltype>
    <controlparamfield>
    </controlparamfield>
    <displaytext>Edit|Delete</displaytext>
    <editactionurl>
    </editactionurl>
    <editparamfield>
    </editparamfield>
    <deleteactionurl>
    </deleteactionurl>
    <deleteparamfield>
    </deleteparamfield>
    <viewactionurl>
    </viewactionurl>
    <viewparamfield>
    </viewparamfield>
    <imageactionurl>
    </imageactionurl>
    <imageparamfield>
    </imageparamfield>
    <manageactionurl>/Supplier/Edit|/Supplier/Delete</manageactionurl>
    <manageparamfield>supplierId|supplierId</manageparamfield>
    <copyactionurl>
    </copyactionurl>
    <copyparamfield>
    </copyparamfield>
    <xaxis>n</xaxis>
    <yaxis>n</yaxis>
    <isadvancesearch>y</isadvancesearch>
    <Class>
    </Class>
    <SearchControlType>--Select--</SearchControlType>
    <SearchControlParameters>
    </SearchControlParameters>
    <DbParamField>
    </DbParamField>
    <useMode>DataBase</useMode>
    <IsGraph>n</IsGraph>
    <allowdetailview>n</allowdetailview>
  </column>
</columns>', N'Supplier', N'Supplier', N'Supplier', 0, NULL, NULL, NULL, NULL, 0, CAST(N'2016-03-14 11:15:51.900' AS DateTime), 2, CAST(N'2016-04-19 12:11:51.117' AS DateTime))
INSERT [dbo].[ZnodeApplicationSetting] ([ApplicationSettingId], [GroupName], [ItemName], [Setting], [ViewOptions], [FrontPageName], [FrontObjectName], [IsCompressed], [OrderByFields], [ItemNameWithoutCurrency], [CreatedByName], [ModifiedByName], [CreatedBy], [CreatedDate], [ModifiedBy], [ModifiedDate]) VALUES (203, N'Table', N'ZnodeTaxClass', N'<?xml version="1.0" encoding="utf-16"?>
<columns>
  <column>
    <id>1</id>
    <name>TaxClassId</name>
    <headertext>Checkbox</headertext>
    <width>40</width>
    <datatype>Int32</datatype>
    <columntype>Int32</columntype>
    <allowsorting>true</allowsorting>
    <allowpaging>false</allowpaging>
    <format>
    </format>
    <isvisible>y</isvisible>
    <mustshow>n</mustshow>
    <musthide>n</musthide>
    <maxlength>0</maxlength>
    <isallowsearch>n</isallowsearch>
    <isconditional>n</isconditional>
    <isallowlink>n</isallowlink>
    <islinkactionurl>
    </islinkactionurl>
    <islinkparamfield>TaxClassId</islinkparamfield>
    <ischeckbox>y</ischeckbox>
    <checkboxparamfield>
    </checkboxparamfield>
    <iscontrol>n</iscontrol>
    <controltype>
    </controltype>
    <controlparamfield>
    </controlparamfield>
    <displaytext>TaxClassId</displaytext>
    <editactionurl>
    </editactionurl>
    <editparamfield>
    </editparamfield>
    <deleteactionurl>
    </deleteactionurl>
    <deleteparamfield>
    </deleteparamfield>
    <viewactionurl>
    </viewactionurl>
    <viewparamfield>
    </viewparamfield>
    <imageactionurl>
    </imageactionurl>
    <imageparamfield>
    </imageparamfield>
    <manageactionurl>
    </manageactionurl>
    <manageparamfield>
    </manageparamfield>
    <copyactionurl>
    </copyactionurl>
    <copyparamfield>
    </copyparamfield>
    <xaxis>n</xaxis>
    <yaxis>n</yaxis>
    <isadvancesearch>y</isadvancesearch>
    <Class>
    </Class>
    <SearchControlType>--Select--</SearchControlType>
    <SearchControlParameters>
    </SearchControlParameters>
    <DbParamField>
    </DbParamField>
    <useMode>DataBase</useMode>
    <IsGraph>n</IsGraph>
    <allowdetailview>n</allowdetailview>
  </column>
  <column>
    <id>2</id>
    <name>TaxClassName</name>
    <headertext>Name</headertext>
    <width>40</width>
    <datatype>String</datatype>
    <columntype>String</columntype>
    <allowsorting>true</allowsorting>
    <allowpaging>false</allowpaging>
    <format>
    </format>
    <isvisible>y</isvisible>
    <mustshow>n</mustshow>
    <musthide>n</musthide>
    <maxlength>0</maxlength>
    <isallowsearch>n</isallowsearch>
    <isconditional>n</isconditional>
    <isallowlink>n</isallowlink>
    <islinkactionurl>
    </islinkactionurl>
    <islinkparamfield>TaxClassId</islinkparamfield>
    <ischeckbox>n</ischeckbox>
    <checkboxparamfield>TaxClassId</checkboxparamfield>
    <iscontrol>n</iscontrol>
    <controltype>
    </controltype>
    <controlparamfield>
    </controlparamfield>
    <displaytext>TaxClassName</displaytext>
    <editactionurl>
    </editactionurl>
    <editparamfield>
    </editparamfield>
    <deleteactionurl>
    </deleteactionurl>
    <deleteparamfield>
    </deleteparamfield>
    <viewactionurl>
    </viewactionurl>
    <viewparamfield>
    </viewparamfield>
    <imageactionurl>
    </imageactionurl>
    <imageparamfield>
    </imageparamfield>
    <manageactionurl>
    </manageactionurl>
    <manageparamfield>
    </manageparamfield>
    <copyactionurl>
    </copyactionurl>
    <copyparamfield>
    </copyparamfield>
    <xaxis>n</xaxis>
    <yaxis>n</yaxis>
    <isadvancesearch>y</isadvancesearch>
    <Class>
    </Class>
    <SearchControlType>--Select--</SearchControlType>
    <SearchControlParameters>
    </SearchControlParameters>
    <DbParamField>
    </DbParamField>
    <useMode>DataBase</useMode>
    <IsGraph>n</IsGraph>
    <allowdetailview>n</allowdetailview>
  </column>
  <column>
    <id>3</id>
    <name>DisplayOrder</name>
    <headertext>DisplayOrder</headertext>
    <width>40</width>
    <datatype>Int32</datatype>
    <columntype>Int32</columntype>
    <allowsorting>true</allowsorting>
    <allowpaging>true</allowpaging>
    <format>
    </format>
    <isvisible>y</isvisible>
    <mustshow>n</mustshow>
    <musthide>n</musthide>
    <maxlength>0</maxlength>
    <isallowsearch>n</isallowsearch>
    <isconditional>n</isconditional>
    <isallowlink>n</isallowlink>
    <islinkactionurl>
    </islinkactionurl>
    <islinkparamfield>TaxClassId</islinkparamfield>
    <ischeckbox>n</ischeckbox>
    <checkboxparamfield>TaxClassId</checkboxparamfield>
    <iscontrol>n</iscontrol>
    <controltype>
    </controltype>
    <controlparamfield>
    </controlparamfield>
    <displaytext>DisplayOrder</displaytext>
    <editactionurl>
    </editactionurl>
    <editparamfield>
    </editparamfield>
    <deleteactionurl>
    </deleteactionurl>
    <deleteparamfield>
    </deleteparamfield>
    <viewactionurl>
    </viewactionurl>
    <viewparamfield>
    </viewparamfield>
    <imageactionurl>
    </imageactionurl>
    <imageparamfield>
    </imageparamfield>
    <manageactionurl>
    </manageactionurl>
    <manageparamfield>
    </manageparamfield>
    <copyactionurl>
    </copyactionurl>
    <copyparamfield>
    </copyparamfield>
    <xaxis>n</xaxis>
    <yaxis>n</yaxis>
    <isadvancesearch>y</isadvancesearch>
    <Class>
    </Class>
    <SearchControlType>--Select--</SearchControlType>
    <SearchControlParameters>
    </SearchControlParameters>
    <DbParamField>
    </DbParamField>
    <useMode>DataBase</useMode>
    <IsGraph>n</IsGraph>
    <allowdetailview>n</allowdetailview>
  </column>
  <column>
    <id>4</id>
    <name>IsActive</name>
    <headertext>IsActive</headertext>
    <width>40</width>
    <datatype>Boolean</datatype>
    <columntype>Boolean</columntype>
    <allowsorting>true</allowsorting>
    <allowpaging>true</allowpaging>
    <format>
    </format>
    <isvisible>y</isvisible>
    <mustshow>n</mustshow>
    <musthide>n</musthide>
    <maxlength>0</maxlength>
    <isallowsearch>y</isallowsearch>
    <isconditional>n</isconditional>
    <isallowlink>n</isallowlink>
    <islinkactionurl>
    </islinkactionurl>
    <islinkparamfield>IsActive</islinkparamfield>
    <ischeckbox>n</ischeckbox>
    <checkboxparamfield>IsActive</checkboxparamfield>
    <iscontrol>n</iscontrol>
    <controltype>
    </controltype>
    <controlparamfield>
    </controlparamfield>
    <displaytext>IsActive</displaytext>
    <editactionurl>
    </editactionurl>
    <editparamfield>
    </editparamfield>
    <deleteactionurl>
    </deleteactionurl>
    <deleteparamfield>
    </deleteparamfield>
    <viewactionurl>
    </viewactionurl>
    <viewparamfield>
    </viewparamfield>
    <imageactionurl>
    </imageactionurl>
    <imageparamfield>
    </imageparamfield>
    <manageactionurl>
    </manageactionurl>
    <manageparamfield>
    </manageparamfield>
    <copyactionurl>
    </copyactionurl>
    <copyparamfield>
    </copyparamfield>
    <xaxis>n</xaxis>
    <yaxis>n</yaxis>
    <isadvancesearch>y</isadvancesearch>
    <Class>
    </Class>
    <SearchControlType>--Select--</SearchControlType>
    <SearchControlParameters>
    </SearchControlParameters>
    <DbParamField>
    </DbParamField>
    <useMode>DataBase</useMode>
    <IsGraph>n</IsGraph>
    <allowdetailview>n</allowdetailview>
  </column>
  <column>
    <id>5</id>
    <name>Manage</name>
    <headertext>Action</headertext>
    <width>50</width>
    <datatype>String</datatype>
    <columntype>String</columntype>
    <allowsorting>false</allowsorting>
    <allowpaging>true</allowpaging>
    <format>Edit|Delete</format>
    <isvisible>y</isvisible>
    <mustshow>n</mustshow>
    <musthide>y</musthide>
    <maxlength>0</maxlength>
    <isallowsearch>n</isallowsearch>
    <isconditional>y</isconditional>
    <isallowlink>n</isallowlink>
    <islinkactionurl>
    </islinkactionurl>
    <islinkparamfield>TaxClassId|</islinkparamfield>
    <ischeckbox>n</ischeckbox>
    <checkboxparamfield>Id</checkboxparamfield>
    <iscontrol>n</iscontrol>
    <controltype>
    </controltype>
    <controlparamfield>
    </controlparamfield>
    <displaytext>Edit|Delete</displaytext>
    <editactionurl>
    </editactionurl>
    <editparamfield>TaxClassId</editparamfield>
    <deleteactionurl>TaxClassId</deleteactionurl>
    <deleteparamfield>
    </deleteparamfield>
    <viewactionurl>
    </viewactionurl>
    <viewparamfield>
    </viewparamfield>
    <imageactionurl>
    </imageactionurl>
    <imageparamfield>
    </imageparamfield>
    <manageactionurl>/TaxClass/Edit|/TaxClass/Delete</manageactionurl>
    <manageparamfield>TaxClassId|TaxClassId</manageparamfield>
    <copyactionurl>
    </copyactionurl>
    <copyparamfield>
    </copyparamfield>
    <xaxis>n</xaxis>
    <yaxis>n</yaxis>
    <isadvancesearch>y</isadvancesearch>
    <Class>
    </Class>
    <SearchControlType>--Select--</SearchControlType>
    <SearchControlParameters>
    </SearchControlParameters>
    <DbParamField>
    </DbParamField>
    <useMode>DataBase</useMode>
    <IsGraph>n</IsGraph>
    <allowdetailview>n</allowdetailview>
  </column>
</columns>', N'ZnodeTaxClass', N'ZnodeTaxClass', N'ZnodeTaxClass', 0, NULL, NULL, NULL, NULL, 2, CAST(N'2016-03-14 15:53:53.243' AS DateTime), 2, CAST(N'2016-03-31 06:19:55.840' AS DateTime))
INSERT [dbo].[ZnodeApplicationSetting] ([ApplicationSettingId], [GroupName], [ItemName], [Setting], [ViewOptions], [FrontPageName], [FrontObjectName], [IsCompressed], [OrderByFields], [ItemNameWithoutCurrency], [CreatedByName], [ModifiedByName], [CreatedBy], [CreatedDate], [ModifiedBy], [ModifiedDate]) VALUES (204, N'Table', N'ZnodeCurrency', N'<?xml version="1.0" encoding="utf-16"?>
<columns>
  <column>
    <id>1</id>
    <name>CurrencyId</name>
    <headertext>Checkbox</headertext>
    <width>0</width>
    <datatype>Int32</datatype>
    <columntype>Int32</columntype>
    <allowsorting>false</allowsorting>
    <allowpaging>true</allowpaging>
    <format>
    </format>
    <isvisible>y</isvisible>
    <mustshow>n</mustshow>
    <musthide>n</musthide>
    <maxlength>0</maxlength>
    <isallowsearch>y</isallowsearch>
    <isconditional>n</isconditional>
    <isallowlink>n</isallowlink>
    <islinkactionurl>
    </islinkactionurl>
    <islinkparamfield>
    </islinkparamfield>
    <ischeckbox>y</ischeckbox>
    <checkboxparamfield>
    </checkboxparamfield>
    <iscontrol>n</iscontrol>
    <controltype>
    </controltype>
    <controlparamfield>
    </controlparamfield>
    <displaytext>
    </displaytext>
    <editactionurl>
    </editactionurl>
    <editparamfield>
    </editparamfield>
    <deleteactionurl>
    </deleteactionurl>
    <deleteparamfield>
    </deleteparamfield>
    <viewactionurl>
    </viewactionurl>
    <viewparamfield>
    </viewparamfield>
    <imageactionurl>
    </imageactionurl>
    <imageparamfield>
    </imageparamfield>
    <manageactionurl>
    </manageactionurl>
    <manageparamfield>
    </manageparamfield>
    <copyactionurl>
    </copyactionurl>
    <copyparamfield>
    </copyparamfield>
    <xaxis>n</xaxis>
    <yaxis>n</yaxis>
    <isadvancesearch>n</isadvancesearch>
    <Class>
    </Class>
    <SearchControlType>--Select--</SearchControlType>
    <SearchControlParameters>
    </SearchControlParameters>
    <DbParamField>
    </DbParamField>
    <useMode>DataBase</useMode>
    <IsGraph>n</IsGraph>
    <allowdetailview>n</allowdetailview>
  </column>
  <column>
    <id>2</id>
    <name>CurrencyName</name>
    <headertext>Currency Name</headertext>
    <width>0</width>
    <datatype>String</datatype>
    <columntype>String</columntype>
    <allowsorting>true</allowsorting>
    <allowpaging>true</allowpaging>
    <format>
    </format>
    <isvisible>y</isvisible>
    <mustshow>n</mustshow>
    <musthide>n</musthide>
    <maxlength>0</maxlength>
    <isallowsearch>y</isallowsearch>
    <isconditional>n</isconditional>
    <isallowlink>n</isallowlink>
    <islinkactionurl>
    </islinkactionurl>
    <islinkparamfield>
    </islinkparamfield>
    <ischeckbox>n</ischeckbox>
    <checkboxparamfield>
    </checkboxparamfield>
    <iscontrol>n</iscontrol>
    <controltype>
    </controltype>
    <controlparamfield>
    </controlparamfield>
    <displaytext>
    </displaytext>
    <editactionurl>
    </editactionurl>
    <editparamfield>
    </editparamfield>
    <deleteactionurl>
    </deleteactionurl>
    <deleteparamfield>
    </deleteparamfield>
    <viewactionurl>
    </viewactionurl>
    <viewparamfield>
    </viewparamfield>
    <imageactionurl>
    </imageactionurl>
    <imageparamfield>
    </imageparamfield>
    <manageactionurl>
    </manageactionurl>
    <manageparamfield>
    </manageparamfield>
    <copyactionurl>
    </copyactionurl>
    <copyparamfield>
    </copyparamfield>
    <xaxis>n</xaxis>
    <yaxis>n</yaxis>
    <isadvancesearch>y</isadvancesearch>
    <Class>
    </Class>
    <SearchControlType>--Select--</SearchControlType>
    <SearchControlParameters>
    </SearchControlParameters>
    <DbParamField>
    </DbParamField>
    <useMode>DataBase</useMode>
    <IsGraph>n</IsGraph>
    <allowdetailview>n</allowdetailview>
  </column>
  <column>
    <id>3</id>
    <name>CreatedDate</name>
    <headertext>CreatedDate</headertext>
    <width>0</width>
    <datatype>String</datatype>
    <columntype>String</columntype>
    <allowsorting>false</allowsorting>
    <allowpaging>true</allowpaging>
    <format>
    </format>
    <isvisible>n</isvisible>
    <mustshow>n</mustshow>
    <musthide>n</musthide>
    <maxlength>0</maxlength>
    <isallowsearch>y</isallowsearch>
    <isconditional>n</isconditional>
    <isallowlink>n</isallowlink>
    <islinkactionurl>
    </islinkactionurl>
    <islinkparamfield>
    </islinkparamfield>
    <ischeckbox>n</ischeckbox>
    <checkboxparamfield>
    </checkboxparamfield>
    <iscontrol>n</iscontrol>
    <controltype>
    </controltype>
    <controlparamfield>
    </controlparamfield>
    <displaytext>
    </displaytext>
    <editactionurl>
    </editactionurl>
    <editparamfield>
    </editparamfield>
    <deleteactionurl>
    </deleteactionurl>
    <deleteparamfield>
    </deleteparamfield>
    <viewactionurl>
    </viewactionurl>
    <viewparamfield>
    </viewparamfield>
    <imageactionurl>
    </imageactionurl>
    <imageparamfield>
    </imageparamfield>
    <manageactionurl>
    </manageactionurl>
    <manageparamfield>
    </manageparamfield>
    <copyactionurl>
    </copyactionurl>
    <copyparamfield>
    </copyparamfield>
    <xaxis>n</xaxis>
    <yaxis>n</yaxis>
    <isadvancesearch>n</isadvancesearch>
    <Class>
    </Class>
    <SearchControlType>--Select--</SearchControlType>
    <SearchControlParameters>
    </SearchControlParameters>
    <DbParamField>
    </DbParamField>
    <useMode>DataBase</useMode>
    <IsGraph>n</IsGraph>
    <allowdetailview>n</allowdetailview>
  </column>
  <column>
    <id>4</id>
    <name>ModifiedDate</name>
    <headertext>ModifiedDate</headertext>
    <width>0</width>
    <datatype>String</datatype>
    <columntype>String</columntype>
    <allowsorting>false</allowsorting>
    <allowpaging>true</allowpaging>
    <format>
    </format>
    <isvisible>n</isvisible>
    <mustshow>n</mustshow>
    <musthide>n</musthide>
    <maxlength>0</maxlength>
    <isallowsearch>y</isallowsearch>
    <isconditional>n</isconditional>
    <isallowlink>n</isallowlink>
    <islinkactionurl>
    </islinkactionurl>
    <islinkparamfield>
    </islinkparamfield>
    <ischeckbox>n</ischeckbox>
    <checkboxparamfield>
    </checkboxparamfield>
    <iscontrol>n</iscontrol>
    <controltype>
    </controltype>
    <controlparamfield>
    </controlparamfield>
    <displaytext>
    </displaytext>
    <editactionurl>
    </editactionurl>
    <editparamfield>
    </editparamfield>
    <deleteactionurl>
    </deleteactionurl>
    <deleteparamfield>
    </deleteparamfield>
    <viewactionurl>
    </viewactionurl>
    <viewparamfield>
    </viewparamfield>
    <imageactionurl>
    </imageactionurl>
    <imageparamfield>
    </imageparamfield>
    <manageactionurl>
    </manageactionurl>
    <manageparamfield>
    </manageparamfield>
    <copyactionurl>
    </copyactionurl>
    <copyparamfield>
    </copyparamfield>
    <xaxis>n</xaxis>
    <yaxis>n</yaxis>
    <isadvancesearch>n</isadvancesearch>
    <Class>
    </Class>
    <SearchControlType>--Select--</SearchControlType>
    <SearchControlParameters>
    </SearchControlParameters>
    <DbParamField>
    </DbParamField>
    <useMode>DataBase</useMode>
    <IsGraph>n</IsGraph>
    <allowdetailview>n</allowdetailview>
  </column>
  <column>
    <id>5</id>
    <name>IsActive</name>
    <headertext>IsActive</headertext>
    <width>0</width>
    <datatype>Boolean</datatype>
    <columntype>Boolean</columntype>
    <allowsorting>false</allowsorting>
    <allowpaging>true</allowpaging>
    <format>
    </format>
    <isvisible>y</isvisible>
    <mustshow>n</mustshow>
    <musthide>n</musthide>
    <maxlength>0</maxlength>
    <isallowsearch>y</isallowsearch>
    <isconditional>n</isconditional>
    <isallowlink>n</isallowlink>
    <islinkactionurl>
    </islinkactionurl>
    <islinkparamfield>
    </islinkparamfield>
    <ischeckbox>n</ischeckbox>
    <checkboxparamfield>
    </checkboxparamfield>
    <iscontrol>n</iscontrol>
    <controltype>
    </controltype>
    <controlparamfield>
    </controlparamfield>
    <displaytext>
    </displaytext>
    <editactionurl>
    </editactionurl>
    <editparamfield>
    </editparamfield>
    <deleteactionurl>
    </deleteactionurl>
    <deleteparamfield>
    </deleteparamfield>
    <viewactionurl>
    </viewactionurl>
    <viewparamfield>
    </viewparamfield>
    <imageactionurl>
    </imageactionurl>
    <imageparamfield>
    </imageparamfield>
    <manageactionurl>
    </manageactionurl>
    <manageparamfield>
    </manageparamfield>
    <copyactionurl>
    </copyactionurl>
    <copyparamfield>
    </copyparamfield>
    <xaxis>n</xaxis>
    <yaxis>n</yaxis>
    <isadvancesearch>n</isadvancesearch>
    <Class>
    </Class>
    <SearchControlType>--Select--</SearchControlType>
    <SearchControlParameters>
    </SearchControlParameters>
    <DbParamField>
    </DbParamField>
    <useMode>DataBase</useMode>
    <IsGraph>n</IsGraph>
    <allowdetailview>n</allowdetailview>
  </column>
  <column>
    <id>6</id>
    <name>IsDefault</name>
    <headertext>IsDefault</headertext>
    <width>0</width>
    <datatype>Boolean</datatype>
    <columntype>Boolean</columntype>
    <allowsorting>false</allowsorting>
    <allowpaging>true</allowpaging>
    <format>
    </format>
    <isvisible>y</isvisible>
    <mustshow>n</mustshow>
    <musthide>n</musthide>
    <maxlength>0</maxlength>
    <isallowsearch>y</isallowsearch>
    <isconditional>n</isconditional>
    <isallowlink>n</isallowlink>
    <islinkactionurl>
    </islinkactionurl>
    <islinkparamfield>
    </islinkparamfield>
    <ischeckbox>n</ischeckbox>
    <checkboxparamfield>
    </checkboxparamfield>
    <iscontrol>n</iscontrol>
    <controltype>
    </controltype>
    <controlparamfield>
    </controlparamfield>
    <displaytext>
    </displaytext>
    <editactionurl>
    </editactionurl>
    <editparamfield>
    </editparamfield>
    <deleteactionurl>
    </deleteactionurl>
    <deleteparamfield>
    </deleteparamfield>
    <viewactionurl>
    </viewactionurl>
    <viewparamfield>
    </viewparamfield>
    <imageactionurl>
    </imageactionurl>
    <imageparamfield>
    </imageparamfield>
    <manageactionurl>
    </manageactionurl>
    <manageparamfield>
    </manageparamfield>
    <copyactionurl>
    </copyactionurl>
    <copyparamfield>
    </copyparamfield>
    <xaxis>n</xaxis>
    <yaxis>n</yaxis>
    <isadvancesearch>n</isadvancesearch>
    <Class>
    </Class>
    <SearchControlType>--Select--</SearchControlType>
    <SearchControlParameters>
    </SearchControlParameters>
    <DbParamField>
    </DbParamField>
    <useMode>DataBase</useMode>
    <IsGraph>n</IsGraph>
    <allowdetailview>n</allowdetailview>
  </column>
</columns>', N'ZnodeCurrency', N'ZnodeCurrency', N'ZnodeCurrency', 0, NULL, NULL, NULL, NULL, 2, CAST(N'2016-03-15 04:54:35.063' AS DateTime), 2, CAST(N'2016-05-02 12:14:05.253' AS DateTime))
INSERT [dbo].[ZnodeApplicationSetting] ([ApplicationSettingId], [GroupName], [ItemName], [Setting], [ViewOptions], [FrontPageName], [FrontObjectName], [IsCompressed], [OrderByFields], [ItemNameWithoutCurrency], [CreatedByName], [ModifiedByName], [CreatedBy], [CreatedDate], [ModifiedBy], [ModifiedDate]) VALUES (205, N'Table', N'ZnodeCountry', N'<?xml version="1.0" encoding="utf-16"?>
<columns>
  <column>
    <id>1</id>
    <name>CountryId</name>
    <headertext>Checkbox</headertext>
    <width>40</width>
    <datatype>Int32</datatype>
    <columntype>Int32</columntype>
    <allowsorting>false</allowsorting>
    <allowpaging>true</allowpaging>
    <format>
    </format>
    <isvisible>y</isvisible>
    <mustshow>n</mustshow>
    <musthide>n</musthide>
    <maxlength>0</maxlength>
    <isallowsearch>y</isallowsearch>
    <isconditional>n</isconditional>
    <isallowlink>n</isallowlink>
    <islinkactionurl>
    </islinkactionurl>
    <islinkparamfield>CountryId</islinkparamfield>
    <ischeckbox>y</ischeckbox>
    <checkboxparamfield>
    </checkboxparamfield>
    <iscontrol>n</iscontrol>
    <controltype>
    </controltype>
    <controlparamfield>
    </controlparamfield>
    <displaytext>
    </displaytext>
    <editactionurl>
    </editactionurl>
    <editparamfield>
    </editparamfield>
    <deleteactionurl>
    </deleteactionurl>
    <deleteparamfield>
    </deleteparamfield>
    <viewactionurl>
    </viewactionurl>
    <viewparamfield>
    </viewparamfield>
    <imageactionurl>
    </imageactionurl>
    <imageparamfield>
    </imageparamfield>
    <manageactionurl>
    </manageactionurl>
    <manageparamfield>
    </manageparamfield>
    <copyactionurl>
    </copyactionurl>
    <copyparamfield>
    </copyparamfield>
    <xaxis>n</xaxis>
    <yaxis>n</yaxis>
    <isadvancesearch>n</isadvancesearch>
    <Class>
    </Class>
    <SearchControlType>--Select--</SearchControlType>
    <SearchControlParameters>
    </SearchControlParameters>
    <DbParamField>
    </DbParamField>
    <useMode>DataBase</useMode>
    <IsGraph>n</IsGraph>
    <allowdetailview>n</allowdetailview>
  </column>
  <column>
    <id>2</id>
    <name>CountryName</name>
    <headertext>Countries Name</headertext>
    <width>40</width>
    <datatype>String</datatype>
    <columntype>String</columntype>
    <allowsorting>true</allowsorting>
    <allowpaging>true</allowpaging>
    <format>
    </format>
    <isvisible>y</isvisible>
    <mustshow>n</mustshow>
    <musthide>n</musthide>
    <maxlength>0</maxlength>
    <isallowsearch>y</isallowsearch>
    <isconditional>n</isconditional>
    <isallowlink>n</isallowlink>
    <islinkactionurl>
    </islinkactionurl>
    <islinkparamfield>CountryId</islinkparamfield>
    <ischeckbox>n</ischeckbox>
    <checkboxparamfield>
    </checkboxparamfield>
    <iscontrol>n</iscontrol>
    <controltype>
    </controltype>
    <controlparamfield>
    </controlparamfield>
    <displaytext>
    </displaytext>
    <editactionurl>
    </editactionurl>
    <editparamfield>
    </editparamfield>
    <deleteactionurl>
    </deleteactionurl>
    <deleteparamfield>
    </deleteparamfield>
    <viewactionurl>
    </viewactionurl>
    <viewparamfield>
    </viewparamfield>
    <imageactionurl>
    </imageactionurl>
    <imageparamfield>
    </imageparamfield>
    <manageactionurl>
    </manageactionurl>
    <manageparamfield>
    </manageparamfield>
    <copyactionurl>
    </copyactionurl>
    <copyparamfield>
    </copyparamfield>
    <xaxis>n</xaxis>
    <yaxis>n</yaxis>
    <isadvancesearch>y</isadvancesearch>
    <Class>
    </Class>
    <SearchControlType>--Select--</SearchControlType>
    <SearchControlParameters>
    </SearchControlParameters>
    <DbParamField>
    </DbParamField>
    <useMode>DataBase</useMode>
    <IsGraph>n</IsGraph>
    <allowdetailview>n</allowdetailview>
  </column>
  <column>
    <id>3</id>
    <name>CreatedDate</name>
    <headertext>Creation Date</headertext>
    <width>40</width>
    <datatype>String</datatype>
    <columntype>String</columntype>
    <allowsorting>false</allowsorting>
    <allowpaging>true</allowpaging>
    <format>
    </format>
    <isvisible>n</isvisible>
    <mustshow>n</mustshow>
    <musthide>n</musthide>
    <maxlength>0</maxlength>
    <isallowsearch>y</isallowsearch>
    <isconditional>n</isconditional>
    <isallowlink>n</isallowlink>
    <islinkactionurl>
    </islinkactionurl>
    <islinkparamfield>CountryId</islinkparamfield>
    <ischeckbox>n</ischeckbox>
    <checkboxparamfield>
    </checkboxparamfield>
    <iscontrol>n</iscontrol>
    <controltype>
    </controltype>
    <controlparamfield>
    </controlparamfield>
    <displaytext>
    </displaytext>
    <editactionurl>
    </editactionurl>
    <editparamfield>
    </editparamfield>
    <deleteactionurl>
    </deleteactionurl>
    <deleteparamfield>
    </deleteparamfield>
    <viewactionurl>
    </viewactionurl>
    <viewparamfield>
    </viewparamfield>
    <imageactionurl>
    </imageactionurl>
    <imageparamfield>
    </imageparamfield>
    <manageactionurl>
    </manageactionurl>
    <manageparamfield>
    </manageparamfield>
    <copyactionurl>
    </copyactionurl>
    <copyparamfield>
    </copyparamfield>
    <xaxis>n</xaxis>
    <yaxis>n</yaxis>
    <isadvancesearch>n</isadvancesearch>
    <Class>
    </Class>
    <SearchControlType>--Select--</SearchControlType>
    <SearchControlParameters>
    </SearchControlParameters>
    <DbParamField>
    </DbParamField>
    <useMode>DataBase</useMode>
    <IsGraph>n</IsGraph>
    <allowdetailview>n</allowdetailview>
  </column>
  <column>
    <id>4</id>
    <name>ModifiedDate</name>
    <headertext> Last Modified</headertext>
    <width>40</width>
    <datatype>String</datatype>
    <columntype>String</columntype>
    <allowsorting>false</allowsorting>
    <allowpaging>true</allowpaging>
    <format>
    </format>
    <isvisible>n</isvisible>
    <mustshow>n</mustshow>
    <musthide>n</musthide>
    <maxlength>0</maxlength>
    <isallowsearch>y</isallowsearch>
    <isconditional>n</isconditional>
    <isallowlink>n</isallowlink>
    <islinkactionurl>
    </islinkactionurl>
    <islinkparamfield>CountryId</islinkparamfield>
    <ischeckbox>n</ischeckbox>
    <checkboxparamfield>
    </checkboxparamfield>
    <iscontrol>n</iscontrol>
    <controltype>
    </controltype>
    <controlparamfield>
    </controlparamfield>
    <displaytext>
    </displaytext>
    <editactionurl>
    </editactionurl>
    <editparamfield>
    </editparamfield>
    <deleteactionurl>
    </deleteactionurl>
    <deleteparamfield>
    </deleteparamfield>
    <viewactionurl>
    </viewactionurl>
    <viewparamfield>
    </viewparamfield>
    <imageactionurl>
    </imageactionurl>
    <imageparamfield>
    </imageparamfield>
    <manageactionurl>
    </manageactionurl>
    <manageparamfield>
    </manageparamfield>
    <copyactionurl>
    </copyactionurl>
    <copyparamfield>
    </copyparamfield>
    <xaxis>n</xaxis>
    <yaxis>n</yaxis>
    <isadvancesearch>n</isadvancesearch>
    <Class>
    </Class>
    <SearchControlType>--Select--</SearchControlType>
    <SearchControlParameters>
    </SearchControlParameters>
    <DbParamField>
    </DbParamField>
    <useMode>DataBase</useMode>
    <IsGraph>n</IsGraph>
    <allowdetailview>n</allowdetailview>
  </column>
  <column>
    <id>5</id>
    <name>IsActive</name>
    <headertext>Is Active</headertext>
    <width>40</width>
    <datatype>Boolean</datatype>
    <columntype>Boolean</columntype>
    <allowsorting>false</allowsorting>
    <allowpaging>true</allowpaging>
    <format>
    </format>
    <isvisible>y</isvisible>
    <mustshow>n</mustshow>
    <musthide>n</musthide>
    <maxlength>0</maxlength>
    <isallowsearch>y</isallowsearch>
    <isconditional>n</isconditional>
    <isallowlink>n</isallowlink>
    <islinkactionurl>
    </islinkactionurl>
    <islinkparamfield>CountryId</islinkparamfield>
    <ischeckbox>n</ischeckbox>
    <checkboxparamfield>
    </checkboxparamfield>
    <iscontrol>n</iscontrol>
    <controltype>
    </controltype>
    <controlparamfield>
    </controlparamfield>
    <displaytext>
    </displaytext>
    <editactionurl>
    </editactionurl>
    <editparamfield>
    </editparamfield>
    <deleteactionurl>
    </deleteactionurl>
    <deleteparamfield>
    </deleteparamfield>
    <viewactionurl>
    </viewactionurl>
    <viewparamfield>
    </viewparamfield>
    <imageactionurl>
    </imageactionurl>
    <imageparamfield>
    </imageparamfield>
    <manageactionurl>
    </manageactionurl>
    <manageparamfield>
    </manageparamfield>
    <copyactionurl>
    </copyactionurl>
    <copyparamfield>
    </copyparamfield>
    <xaxis>n</xaxis>
    <yaxis>n</yaxis>
    <isadvancesearch>n</isadvancesearch>
    <Class>
    </Class>
    <SearchControlType>--Select--</SearchControlType>
    <SearchControlParameters>
    </SearchControlParameters>
    <DbParamField>
    </DbParamField>
    <useMode>DataBase</useMode>
    <IsGraph>n</IsGraph>
    <allowdetailview>n</allowdetailview>
  </column>
  <column>
    <id>6</id>
    <name>IsDefault</name>
    <headertext>Is Default</headertext>
    <width>40</width>
    <datatype>Boolean</datatype>
    <columntype>Boolean</columntype>
    <allowsorting>false</allowsorting>
    <allowpaging>true</allowpaging>
    <format>
    </format>
    <isvisible>y</isvisible>
    <mustshow>n</mustshow>
    <musthide>n</musthide>
    <maxlength>0</maxlength>
    <isallowsearch>y</isallowsearch>
    <isconditional>n</isconditional>
    <isallowlink>n</isallowlink>
    <islinkactionurl>
    </islinkactionurl>
    <islinkparamfield>CountryId</islinkparamfield>
    <ischeckbox>n</ischeckbox>
    <checkboxparamfield>
    </checkboxparamfield>
    <iscontrol>n</iscontrol>
    <controltype>
    </controltype>
    <controlparamfield>
    </controlparamfield>
    <displaytext>
    </displaytext>
    <editactionurl>
    </editactionurl>
    <editparamfield>
    </editparamfield>
    <deleteactionurl>
    </deleteactionurl>
    <deleteparamfield>
    </deleteparamfield>
    <viewactionurl>
    </viewactionurl>
    <viewparamfield>
    </viewparamfield>
    <imageactionurl>
    </imageactionurl>
    <imageparamfield>
    </imageparamfield>
    <manageactionurl>
    </manageactionurl>
    <manageparamfield>
    </manageparamfield>
    <copyactionurl>
    </copyactionurl>
    <copyparamfield>
    </copyparamfield>
    <xaxis>n</xaxis>
    <yaxis>n</yaxis>
    <isadvancesearch>n</isadvancesearch>
    <Class>
    </Class>
    <SearchControlType>--Select--</SearchControlType>
    <SearchControlParameters>
    </SearchControlParameters>
    <DbParamField>
    </DbParamField>
    <useMode>DataBase</useMode>
    <IsGraph>n</IsGraph>
    <allowdetailview>n</allowdetailview>
  </column>
</columns>', N'ZnodeCountry', N'ZnodeCountry', N'ZnodeCountry', 0, NULL, NULL, NULL, NULL, 2, CAST(N'2016-03-16 08:55:47.660' AS DateTime), 2, CAST(N'2016-05-02 12:14:20.380' AS DateTime))
INSERT [dbo].[ZnodeApplicationSetting] ([ApplicationSettingId], [GroupName], [ItemName], [Setting], [ViewOptions], [FrontPageName], [FrontObjectName], [IsCompressed], [OrderByFields], [ItemNameWithoutCurrency], [CreatedByName], [ModifiedByName], [CreatedBy], [CreatedDate], [ModifiedBy], [ModifiedDate]) VALUES (206, N'Table', N'ZnodePortalProfile', N'<?xml version="1.0" encoding="utf-16"?>
<columns>
  <column>
    <id>1</id>
    <name>PortalProfileID</name>
    <headertext>ID</headertext>
    <width>40</width>
    <datatype>Int32</datatype>
    <columntype>Int32</columntype>
    <allowsorting>true</allowsorting>
    <allowpaging>true</allowpaging>
    <format>
    </format>
    <isvisible>y</isvisible>
    <mustshow>n</mustshow>
    <musthide>n</musthide>
    <maxlength>0</maxlength>
    <isallowsearch>n</isallowsearch>
    <isconditional>n</isconditional>
    <isallowlink>n</isallowlink>
    <islinkactionurl>
    </islinkactionurl>
    <islinkparamfield>
    </islinkparamfield>
    <ischeckbox>n</ischeckbox>
    <checkboxparamfield>
    </checkboxparamfield>
    <iscontrol>n</iscontrol>
    <controltype>
    </controltype>
    <controlparamfield>
    </controlparamfield>
    <displaytext>
    </displaytext>
    <editactionurl>
    </editactionurl>
    <editparamfield>
    </editparamfield>
    <deleteactionurl>
    </deleteactionurl>
    <deleteparamfield>
    </deleteparamfield>
    <viewactionurl>
    </viewactionurl>
    <viewparamfield>
    </viewparamfield>
    <imageactionurl>
    </imageactionurl>
    <imageparamfield>
    </imageparamfield>
    <manageactionurl>
    </manageactionurl>
    <manageparamfield>
    </manageparamfield>
    <copyactionurl>
    </copyactionurl>
    <copyparamfield>
    </copyparamfield>
    <xaxis>n</xaxis>
    <yaxis>n</yaxis>
    <isadvancesearch>y</isadvancesearch>
    <Class>
    </Class>
    <SearchControlType>--Select--</SearchControlType>
    <SearchControlParameters>
    </SearchControlParameters>
    <DbParamField>
    </DbParamField>
    <useMode>DataBase</useMode>
    <IsGraph>n</IsGraph>
    <allowdetailview>n</allowdetailview>
  </column>
  <column>
    <id>2</id>
    <name>ProfileName</name>
    <headertext>ProfileName</headertext>
    <width>40</width>
    <datatype>String</datatype>
    <columntype>String</columntype>
    <allowsorting>true</allowsorting>
    <allowpaging>true</allowpaging>
    <format>
    </format>
    <isvisible>y</isvisible>
    <mustshow>n</mustshow>
    <musthide>n</musthide>
    <maxlength>0</maxlength>
    <isallowsearch>n</isallowsearch>
    <isconditional>n</isconditional>
    <isallowlink>n</isallowlink>
    <islinkactionurl>
    </islinkactionurl>
    <islinkparamfield>
    </islinkparamfield>
    <ischeckbox>n</ischeckbox>
    <checkboxparamfield>
    </checkboxparamfield>
    <iscontrol>n</iscontrol>
    <controltype>
    </controltype>
    <controlparamfield>
    </controlparamfield>
    <displaytext>
    </displaytext>
    <editactionurl>
    </editactionurl>
    <editparamfield>
    </editparamfield>
    <deleteactionurl>
    </deleteactionurl>
    <deleteparamfield>
    </deleteparamfield>
    <viewactionurl>
    </viewactionurl>
    <viewparamfield>
    </viewparamfield>
    <imageactionurl>
    </imageactionurl>
    <imageparamfield>
    </imageparamfield>
    <manageactionurl>
    </manageactionurl>
    <manageparamfield>
    </manageparamfield>
    <copyactionurl>
    </copyactionurl>
    <copyparamfield>
    </copyparamfield>
    <xaxis>n</xaxis>
    <yaxis>n</yaxis>
    <isadvancesearch>y</isadvancesearch>
    <Class>
    </Class>
    <SearchControlType>--Select--</SearchControlType>
    <SearchControlParameters>
    </SearchControlParameters>
    <DbParamField>
    </DbParamField>
    <useMode>DataBase</useMode>
    <IsGraph>n</IsGraph>
    <allowdetailview>n</allowdetailview>
  </column>
  <column>
    <id>3</id>
    <name>IsDefaultAnonymousProfile</name>
    <headertext>IsDefaultAnonymousProfile</headertext>
    <width>40</width>
    <datatype>Boolean</datatype>
    <columntype>Boolean</columntype>
    <allowsorting>true</allowsorting>
    <allowpaging>true</allowpaging>
    <format>
    </format>
    <isvisible>y</isvisible>
    <mustshow>n</mustshow>
    <musthide>n</musthide>
    <maxlength>0</maxlength>
    <isallowsearch>n</isallowsearch>
    <isconditional>n</isconditional>
    <isallowlink>n</isallowlink>
    <islinkactionurl>
    </islinkactionurl>
    <islinkparamfield>
    </islinkparamfield>
    <ischeckbox>n</ischeckbox>
    <checkboxparamfield>
    </checkboxparamfield>
    <iscontrol>n</iscontrol>
    <controltype>
    </controltype>
    <controlparamfield>
    </controlparamfield>
    <displaytext>
    </displaytext>
    <editactionurl>
    </editactionurl>
    <editparamfield>
    </editparamfield>
    <deleteactionurl>
    </deleteactionurl>
    <deleteparamfield>
    </deleteparamfield>
    <viewactionurl>
    </viewactionurl>
    <viewparamfield>
    </viewparamfield>
    <imageactionurl>
    </imageactionurl>
    <imageparamfield>
    </imageparamfield>
    <manageactionurl>
    </manageactionurl>
    <manageparamfield>
    </manageparamfield>
    <copyactionurl>
    </copyactionurl>
    <copyparamfield>
    </copyparamfield>
    <xaxis>n</xaxis>
    <yaxis>n</yaxis>
    <isadvancesearch>y</isadvancesearch>
    <Class>
    </Class>
    <SearchControlType>--Select--</SearchControlType>
    <SearchControlParameters>
    </SearchControlParameters>
    <DbParamField>
    </DbParamField>
    <useMode>DataBase</useMode>
    <IsGraph>n</IsGraph>
    <allowdetailview>n</allowdetailview>
  </column>
  <column>
    <id>4</id>
    <name>IsDefaultRegistedProfile</name>
    <headertext>IsDefaultRegisteredProfile</headertext>
    <width>40</width>
    <datatype>Boolean</datatype>
    <columntype>Boolean</columntype>
    <allowsorting>true</allowsorting>
    <allowpaging>true</allowpaging>
    <format>
    </format>
    <isvisible>y</isvisible>
    <mustshow>n</mustshow>
    <musthide>n</musthide>
    <maxlength>0</maxlength>
    <isallowsearch>n</isallowsearch>
    <isconditional>n</isconditional>
    <isallowlink>n</isallowlink>
    <islinkactionurl>
    </islinkactionurl>
    <islinkparamfield>
    </islinkparamfield>
    <ischeckbox>n</ischeckbox>
    <checkboxparamfield>
    </checkboxparamfield>
    <iscontrol>n</iscontrol>
    <controltype>
    </controltype>
    <controlparamfield>
    </controlparamfield>
    <displaytext>
    </displaytext>
    <editactionurl>
    </editactionurl>
    <editparamfield>
    </editparamfield>
    <deleteactionurl>
    </deleteactionurl>
    <deleteparamfield>
    </deleteparamfield>
    <viewactionurl>
    </viewactionurl>
    <viewparamfield>
    </viewparamfield>
    <imageactionurl>
    </imageactionurl>
    <imageparamfield>
    </imageparamfield>
    <manageactionurl>
    </manageactionurl>
    <manageparamfield>
    </manageparamfield>
    <copyactionurl>
    </copyactionurl>
    <copyparamfield>
    </copyparamfield>
    <xaxis>n</xaxis>
    <yaxis>n</yaxis>
    <isadvancesearch>y</isadvancesearch>
    <Class>
    </Class>
    <SearchControlType>--Select--</SearchControlType>
    <SearchControlParameters>
    </SearchControlParameters>
    <DbParamField>
    </DbParamField>
    <useMode>DataBase</useMode>
    <IsGraph>n</IsGraph>
    <allowdetailview>n</allowdetailview>
  </column>
  <column>
    <id>5</id>
    <name>Manage</name>
    <headertext>Action</headertext>
    <width>40</width>
    <datatype>String</datatype>
    <columntype>String</columntype>
    <allowsorting>false</allowsorting>
    <allowpaging>false</allowpaging>
    <format>Edit|Delete</format>
    <isvisible>y</isvisible>
    <mustshow>n</mustshow>
    <musthide>n</musthide>
    <maxlength>0</maxlength>
    <isallowsearch>n</isallowsearch>
    <isconditional>n</isconditional>
    <isallowlink>n</isallowlink>
    <islinkactionurl>
    </islinkactionurl>
    <islinkparamfield>PortalId</islinkparamfield>
    <ischeckbox>n</ischeckbox>
    <checkboxparamfield>
    </checkboxparamfield>
    <iscontrol>n</iscontrol>
    <controltype>
    </controltype>
    <controlparamfield>
    </controlparamfield>
    <displaytext>Edit|Delete</displaytext>
    <editactionurl>
    </editactionurl>
    <editparamfield>
    </editparamfield>
    <deleteactionurl>
    </deleteactionurl>
    <deleteparamfield>
    </deleteparamfield>
    <viewactionurl>
    </viewactionurl>
    <viewparamfield>
    </viewparamfield>
    <imageactionurl>
    </imageactionurl>
    <imageparamfield>
    </imageparamfield>
    <manageactionurl>/Store/EditPortalProfile|/Store/DeletePortalProfile</manageactionurl>
    <manageparamfield>portalId,portalProfileId|portalId,portalProfileId</manageparamfield>
    <copyactionurl>
    </copyactionurl>
    <copyparamfield>
    </copyparamfield>
    <xaxis>n</xaxis>
    <yaxis>n</yaxis>
    <isadvancesearch>y</isadvancesearch>
    <Class>
    </Class>
    <SearchControlType>--Select--</SearchControlType>
    <SearchControlParameters>
    </SearchControlParameters>
    <DbParamField>
    </DbParamField>
    <useMode>DataBase</useMode>
    <IsGraph>n</IsGraph>
    <allowdetailview>n</allowdetailview>
  </column>
</columns>', N'Store Profile', N'Store Profile', N'Store Profile', 0, NULL, NULL, NULL, NULL, 2, CAST(N'2016-03-17 09:40:47.310' AS DateTime), 2, CAST(N'2016-05-02 12:44:10.223' AS DateTime))
INSERT [dbo].[ZnodeApplicationSetting] ([ApplicationSettingId], [GroupName], [ItemName], [Setting], [ViewOptions], [FrontPageName], [FrontObjectName], [IsCompressed], [OrderByFields], [ItemNameWithoutCurrency], [CreatedByName], [ModifiedByName], [CreatedBy], [CreatedDate], [ModifiedBy], [ModifiedDate]) VALUES (207, N'Table', N'ZnodeShipping', N'<?xml version="1.0" encoding="utf-16"?>
<columns>
  <column>
    <id>1</id>
    <name>ShippingId</name>
    <headertext>Checkbox</headertext>
    <width>30</width>
    <datatype>String</datatype>
    <columntype>String</columntype>
    <allowsorting>false</allowsorting>
    <allowpaging>false</allowpaging>
    <format>
    </format>
    <isvisible>y</isvisible>
    <mustshow>n</mustshow>
    <musthide>n</musthide>
    <maxlength>0</maxlength>
    <isallowsearch>n</isallowsearch>
    <isconditional>n</isconditional>
    <isallowlink>n</isallowlink>
    <islinkactionurl>
    </islinkactionurl>
    <islinkparamfield>
    </islinkparamfield>
    <ischeckbox>y</ischeckbox>
    <checkboxparamfield>
    </checkboxparamfield>
    <iscontrol>n</iscontrol>
    <controltype>
    </controltype>
    <controlparamfield>
    </controlparamfield>
    <displaytext>
    </displaytext>
    <editactionurl>
    </editactionurl>
    <editparamfield>
    </editparamfield>
    <deleteactionurl>
    </deleteactionurl>
    <deleteparamfield>
    </deleteparamfield>
    <viewactionurl>
    </viewactionurl>
    <viewparamfield>
    </viewparamfield>
    <imageactionurl>
    </imageactionurl>
    <imageparamfield>
    </imageparamfield>
    <manageactionurl>
    </manageactionurl>
    <manageparamfield>
    </manageparamfield>
    <copyactionurl>
    </copyactionurl>
    <copyparamfield>
    </copyparamfield>
    <xaxis>n</xaxis>
    <yaxis>n</yaxis>
    <isadvancesearch>y</isadvancesearch>
    <Class>
    </Class>
    <SearchControlType>--Select--</SearchControlType>
    <SearchControlParameters>
    </SearchControlParameters>
    <DbParamField>
    </DbParamField>
    <useMode>DataBase</useMode>
    <IsGraph>n</IsGraph>
    <allowdetailview>n</allowdetailview>
  </column>
  <column>
    <id>2</id>
    <name>ShippingType</name>
    <headertext>Shipping Type</headertext>
    <width>40</width>
    <datatype>String</datatype>
    <columntype>String</columntype>
    <allowsorting>false</allowsorting>
    <allowpaging>false</allowpaging>
    <format>
    </format>
    <isvisible>y</isvisible>
    <mustshow>n</mustshow>
    <musthide>n</musthide>
    <maxlength>0</maxlength>
    <isallowsearch>n</isallowsearch>
    <isconditional>n</isconditional>
    <isallowlink>n</isallowlink>
    <islinkactionurl>
    </islinkactionurl>
    <islinkparamfield>
    </islinkparamfield>
    <ischeckbox>n</ischeckbox>
    <checkboxparamfield>
    </checkboxparamfield>
    <iscontrol>n</iscontrol>
    <controltype>
    </controltype>
    <controlparamfield>
    </controlparamfield>
    <displaytext>
    </displaytext>
    <editactionurl>
    </editactionurl>
    <editparamfield>
    </editparamfield>
    <deleteactionurl>
    </deleteactionurl>
    <deleteparamfield>
    </deleteparamfield>
    <viewactionurl>
    </viewactionurl>
    <viewparamfield>
    </viewparamfield>
    <imageactionurl>
    </imageactionurl>
    <imageparamfield>
    </imageparamfield>
    <manageactionurl>
    </manageactionurl>
    <manageparamfield>
    </manageparamfield>
    <copyactionurl>
    </copyactionurl>
    <copyparamfield>
    </copyparamfield>
    <xaxis>n</xaxis>
    <yaxis>n</yaxis>
    <isadvancesearch>y</isadvancesearch>
    <Class>
    </Class>
    <SearchControlType>--Select--</SearchControlType>
    <SearchControlParameters>
    </SearchControlParameters>
    <DbParamField>
    </DbParamField>
    <useMode>DataBase</useMode>
    <IsGraph>n</IsGraph>
    <allowdetailview>n</allowdetailview>
  </column>
  <column>
    <id>3</id>
    <name>ShippingCode</name>
    <headertext>Shipping Code</headertext>
    <width>40</width>
    <datatype>String</datatype>
    <columntype>String</columntype>
    <allowsorting>false</allowsorting>
    <allowpaging>false</allowpaging>
    <format>
    </format>
    <isvisible>y</isvisible>
    <mustshow>n</mustshow>
    <musthide>n</musthide>
    <maxlength>0</maxlength>
    <isallowsearch>y</isallowsearch>
    <isconditional>n</isconditional>
    <isallowlink>n</isallowlink>
    <islinkactionurl>
    </islinkactionurl>
    <islinkparamfield>
    </islinkparamfield>
    <ischeckbox>n</ischeckbox>
    <checkboxparamfield>
    </checkboxparamfield>
    <iscontrol>n</iscontrol>
    <controltype>
    </controltype>
    <controlparamfield>
    </controlparamfield>
    <displaytext>
    </displaytext>
    <editactionurl>
    </editactionurl>
    <editparamfield>
    </editparamfield>
    <deleteactionurl>
    </deleteactionurl>
    <deleteparamfield>
    </deleteparamfield>
    <viewactionurl>
    </viewactionurl>
    <viewparamfield>
    </viewparamfield>
    <imageactionurl>
    </imageactionurl>
    <imageparamfield>
    </imageparamfield>
    <manageactionurl>
    </manageactionurl>
    <manageparamfield>
    </manageparamfield>
    <copyactionurl>
    </copyactionurl>
    <copyparamfield>
    </copyparamfield>
    <xaxis>n</xaxis>
    <yaxis>n</yaxis>
    <isadvancesearch>y</isadvancesearch>
    <Class>
    </Class>
    <SearchControlType>--Select--</SearchControlType>
    <SearchControlParameters>
    </SearchControlParameters>
    <DbParamField>
    </DbParamField>
    <useMode>DataBase</useMode>
    <IsGraph>n</IsGraph>
    <allowdetailview>n</allowdetailview>
  </column>
  <column>
    <id>4</id>
    <name>ProfileName</name>
    <headertext>Profile</headertext>
    <width>40</width>
    <datatype>String</datatype>
    <columntype>String</columntype>
    <allowsorting>false</allowsorting>
    <allowpaging>false</allowpaging>
    <format>
    </format>
    <isvisible>y</isvisible>
    <mustshow>n</mustshow>
    <musthide>n</musthide>
    <maxlength>0</maxlength>
    <isallowsearch>n</isallowsearch>
    <isconditional>n</isconditional>
    <isallowlink>n</isallowlink>
    <islinkactionurl>
    </islinkactionurl>
    <islinkparamfield>
    </islinkparamfield>
    <ischeckbox>n</ischeckbox>
    <checkboxparamfield>
    </checkboxparamfield>
    <iscontrol>n</iscontrol>
    <controltype>
    </controltype>
    <controlparamfield>
    </controlparamfield>
    <displaytext>
    </displaytext>
    <editactionurl>
    </editactionurl>
    <editparamfield>
    </editparamfield>
    <deleteactionurl>
    </deleteactionurl>
    <deleteparamfield>
    </deleteparamfield>
    <viewactionurl>
    </viewactionurl>
    <viewparamfield>
    </viewparamfield>
    <imageactionurl>
    </imageactionurl>
    <imageparamfield>
    </imageparamfield>
    <manageactionurl>
    </manageactionurl>
    <manageparamfield>
    </manageparamfield>
    <copyactionurl>
    </copyactionurl>
    <copyparamfield>
    </copyparamfield>
    <xaxis>n</xaxis>
    <yaxis>n</yaxis>
    <isadvancesearch>y</isadvancesearch>
    <Class>
    </Class>
    <SearchControlType>--Select--</SearchControlType>
    <SearchControlParameters>
    </SearchControlParameters>
    <DbParamField>
    </DbParamField>
    <useMode>DataBase</useMode>
    <IsGraph>n</IsGraph>
    <allowdetailview>n</allowdetailview>
  </column>
  <column>
    <id>5</id>
    <name>Description</name>
    <headertext>Description</headertext>
    <width>40</width>
    <datatype>String</datatype>
    <columntype>String</columntype>
    <allowsorting>false</allowsorting>
    <allowpaging>false</allowpaging>
    <format>
    </format>
    <isvisible>y</isvisible>
    <mustshow>n</mustshow>
    <musthide>n</musthide>
    <maxlength>0</maxlength>
    <isallowsearch>n</isallowsearch>
    <isconditional>n</isconditional>
    <isallowlink>n</isallowlink>
    <islinkactionurl>
    </islinkactionurl>
    <islinkparamfield>
    </islinkparamfield>
    <ischeckbox>n</ischeckbox>
    <checkboxparamfield>
    </checkboxparamfield>
    <iscontrol>n</iscontrol>
    <controltype>
    </controltype>
    <controlparamfield>
    </controlparamfield>
    <displaytext>
    </displaytext>
    <editactionurl>
    </editactionurl>
    <editparamfield>
    </editparamfield>
    <deleteactionurl>
    </deleteactionurl>
    <deleteparamfield>
    </deleteparamfield>
    <viewactionurl>
    </viewactionurl>
    <viewparamfield>
    </viewparamfield>
    <imageactionurl>
    </imageactionurl>
    <imageparamfield>
    </imageparamfield>
    <manageactionurl>
    </manageactionurl>
    <manageparamfield>
    </manageparamfield>
    <copyactionurl>
    </copyactionurl>
    <copyparamfield>
    </copyparamfield>
    <xaxis>n</xaxis>
    <yaxis>n</yaxis>
    <isadvancesearch>y</isadvancesearch>
    <Class>
    </Class>
    <SearchControlType>--Select--</SearchControlType>
    <SearchControlParameters>
    </SearchControlParameters>
    <DbParamField>
    </DbParamField>
    <useMode>DataBase</useMode>
    <IsGraph>n</IsGraph>
    <allowdetailview>n</allowdetailview>
  </column>
  <column>
    <id>6</id>
    <name>CountryCode</name>
    <headertext>Country Code</headertext>
    <width>40</width>
    <datatype>String</datatype>
    <columntype>String</columntype>
    <allowsorting>false</allowsorting>
    <allowpaging>false</allowpaging>
    <format>
    </format>
    <isvisible>y</isvisible>
    <mustshow>n</mustshow>
    <musthide>n</musthide>
    <maxlength>0</maxlength>
    <isallowsearch>n</isallowsearch>
    <isconditional>n</isconditional>
    <isallowlink>n</isallowlink>
    <islinkactionurl>
    </islinkactionurl>
    <islinkparamfield>
    </islinkparamfield>
    <ischeckbox>n</ischeckbox>
    <checkboxparamfield>
    </checkboxparamfield>
    <iscontrol>n</iscontrol>
    <controltype>
    </controltype>
    <controlparamfield>
    </controlparamfield>
    <displaytext>
    </displaytext>
    <editactionurl>
    </editactionurl>
    <editparamfield>
    </editparamfield>
    <deleteactionurl>
    </deleteactionurl>
    <deleteparamfield>
    </deleteparamfield>
    <viewactionurl>
    </viewactionurl>
    <viewparamfield>
    </viewparamfield>
    <imageactionurl>
    </imageactionurl>
    <imageparamfield>
    </imageparamfield>
    <manageactionurl>
    </manageactionurl>
    <manageparamfield>
    </manageparamfield>
    <copyactionurl>
    </copyactionurl>
    <copyparamfield>
    </copyparamfield>
    <xaxis>n</xaxis>
    <yaxis>n</yaxis>
    <isadvancesearch>y</isadvancesearch>
    <Class>
    </Class>
    <SearchControlType>--Select--</SearchControlType>
    <SearchControlParameters>
    </SearchControlParameters>
    <DbParamField>
    </DbParamField>
    <useMode>DataBase</useMode>
    <IsGraph>n</IsGraph>
    <allowdetailview>n</allowdetailview>
  </column>
  <column>
    <id>7</id>
    <name>HandlingCharge</name>
    <headertext>Handling Charge</headertext>
    <width>40</width>
    <datatype>String</datatype>
    <columntype>String</columntype>
    <allowsorting>false</allowsorting>
    <allowpaging>false</allowpaging>
    <format>
    </format>
    <isvisible>y</isvisible>
    <mustshow>n</mustshow>
    <musthide>n</musthide>
    <maxlength>0</maxlength>
    <isallowsearch>n</isallowsearch>
    <isconditional>n</isconditional>
    <isallowlink>n</isallowlink>
    <islinkactionurl>
    </islinkactionurl>
    <islinkparamfield>
    </islinkparamfield>
    <ischeckbox>n</ischeckbox>
    <checkboxparamfield>
    </checkboxparamfield>
    <iscontrol>n</iscontrol>
    <controltype>
    </controltype>
    <controlparamfield>
    </controlparamfield>
    <displaytext>
    </displaytext>
    <editactionurl>
    </editactionurl>
    <editparamfield>
    </editparamfield>
    <deleteactionurl>
    </deleteactionurl>
    <deleteparamfield>
    </deleteparamfield>
    <viewactionurl>
    </viewactionurl>
    <viewparamfield>
    </viewparamfield>
    <imageactionurl>
    </imageactionurl>
    <imageparamfield>
    </imageparamfield>
    <manageactionurl>
    </manageactionurl>
    <manageparamfield>
    </manageparamfield>
    <copyactionurl>
    </copyactionurl>
    <copyparamfield>
    </copyparamfield>
    <xaxis>n</xaxis>
    <yaxis>n</yaxis>
    <isadvancesearch>y</isadvancesearch>
    <Class>
    </Class>
    <SearchControlType>--Select--</SearchControlType>
    <SearchControlParameters>
    </SearchControlParameters>
    <DbParamField>
    </DbParamField>
    <useMode>DataBase</useMode>
    <IsGraph>n</IsGraph>
    <allowdetailview>n</allowdetailview>
  </column>
  <column>
    <id>8</id>
    <name>DisplayOrder</name>
    <headertext>Display Order</headertext>
    <width>40</width>
    <datatype>String</datatype>
    <columntype>String</columntype>
    <allowsorting>false</allowsorting>
    <allowpaging>false</allowpaging>
    <format>
    </format>
    <isvisible>y</isvisible>
    <mustshow>n</mustshow>
    <musthide>n</musthide>
    <maxlength>0</maxlength>
    <isallowsearch>n</isallowsearch>
    <isconditional>n</isconditional>
    <isallowlink>n</isallowlink>
    <islinkactionurl>
    </islinkactionurl>
    <islinkparamfield>
    </islinkparamfield>
    <ischeckbox>n</ischeckbox>
    <checkboxparamfield>
    </checkboxparamfield>
    <iscontrol>n</iscontrol>
    <controltype>
    </controltype>
    <controlparamfield>
    </controlparamfield>
    <displaytext>
    </displaytext>
    <editactionurl>
    </editactionurl>
    <editparamfield>
    </editparamfield>
    <deleteactionurl>
    </deleteactionurl>
    <deleteparamfield>
    </deleteparamfield>
    <viewactionurl>
    </viewactionurl>
    <viewparamfield>
    </viewparamfield>
    <imageactionurl>
    </imageactionurl>
    <imageparamfield>
    </imageparamfield>
    <manageactionurl>
    </manageactionurl>
    <manageparamfield>
    </manageparamfield>
    <copyactionurl>
    </copyactionurl>
    <copyparamfield>
    </copyparamfield>
    <xaxis>n</xaxis>
    <yaxis>n</yaxis>
    <isadvancesearch>y</isadvancesearch>
    <Class>
    </Class>
    <SearchControlType>--Select--</SearchControlType>
    <SearchControlParameters>
    </SearchControlParameters>
    <DbParamField>
    </DbParamField>
    <useMode>DataBase</useMode>
    <IsGraph>n</IsGraph>
    <allowdetailview>n</allowdetailview>
  </column>
  <column>
    <id>9</id>
    <name>IsActive</name>
    <headertext>Enable</headertext>
    <width>40</width>
    <datatype>Boolean</datatype>
    <columntype>String</columntype>
    <allowsorting>false</allowsorting>
    <allowpaging>false</allowpaging>
    <format>
    </format>
    <isvisible>y</isvisible>
    <mustshow>n</mustshow>
    <musthide>n</musthide>
    <maxlength>0</maxlength>
    <isallowsearch>n</isallowsearch>
    <isconditional>n</isconditional>
    <isallowlink>n</isallowlink>
    <islinkactionurl>
    </islinkactionurl>
    <islinkparamfield>
    </islinkparamfield>
    <ischeckbox>n</ischeckbox>
    <checkboxparamfield>
    </checkboxparamfield>
    <iscontrol>n</iscontrol>
    <controltype>
    </controltype>
    <controlparamfield>
    </controlparamfield>
    <displaytext>
    </displaytext>
    <editactionurl>
    </editactionurl>
    <editparamfield>
    </editparamfield>
    <deleteactionurl>
    </deleteactionurl>
    <deleteparamfield>
    </deleteparamfield>
    <viewactionurl>
    </viewactionurl>
    <viewparamfield>
    </viewparamfield>
    <imageactionurl>
    </imageactionurl>
    <imageparamfield>
    </imageparamfield>
    <manageactionurl>
    </manageactionurl>
    <manageparamfield>
    </manageparamfield>
    <copyactionurl>
    </copyactionurl>
    <copyparamfield>
    </copyparamfield>
    <xaxis>n</xaxis>
    <yaxis>n</yaxis>
    <isadvancesearch>y</isadvancesearch>
    <Class>
    </Class>
    <SearchControlType>--Select--</SearchControlType>
    <SearchControlParameters>
    </SearchControlParameters>
    <DbParamField>
    </DbParamField>
    <useMode>DataBase</useMode>
    <IsGraph>n</IsGraph>
    <allowdetailview>n</allowdetailview>
  </column>
  <column>
    <id>10</id>
    <name>Manage</name>
    <headertext>Action</headertext>
    <width>40</width>
    <datatype>String</datatype>
    <columntype>String</columntype>
    <allowsorting>false</allowsorting>
    <allowpaging>false</allowpaging>
    <format>Edit|Delete|View</format>
    <isvisible>y</isvisible>
    <mustshow>n</mustshow>
    <musthide>n</musthide>
    <maxlength>0</maxlength>
    <isallowsearch>n</isallowsearch>
    <isconditional>n</isconditional>
    <isallowlink>n</isallowlink>
    <islinkactionurl>
    </islinkactionurl>
    <islinkparamfield>shippingId</islinkparamfield>
    <ischeckbox>n</ischeckbox>
    <checkboxparamfield>
    </checkboxparamfield>
    <iscontrol>n</iscontrol>
    <controltype>
    </controltype>
    <controlparamfield>
    </controlparamfield>
    <displaytext>Edit|Delete|View</displaytext>
    <editactionurl>
    </editactionurl>
    <editparamfield>
    </editparamfield>
    <deleteactionurl>
    </deleteactionurl>
    <deleteparamfield>
    </deleteparamfield>
    <viewactionurl>
    </viewactionurl>
    <viewparamfield>
    </viewparamfield>
    <imageactionurl>
    </imageactionurl>
    <imageparamfield>
    </imageparamfield>
    <manageactionurl>/Shippings/Edit|/Shippings/Delete|/Shippings/ViewShipping</manageactionurl>
    <manageparamfield>shippingId|shippingId|shippingId</manageparamfield>
    <copyactionurl>
    </copyactionurl>
    <copyparamfield>
    </copyparamfield>
    <xaxis>n</xaxis>
    <yaxis>n</yaxis>
    <isadvancesearch>y</isadvancesearch>
    <Class>grid-action</Class>
    <SearchControlType>--Select--</SearchControlType>
    <SearchControlParameters>
    </SearchControlParameters>
    <DbParamField>
    </DbParamField>
    <useMode>DataBase</useMode>
    <IsGraph>n</IsGraph>
    <allowdetailview>n</allowdetailview>
  </column>
</columns>', N'ZnodeShipping', N'ZnodeShipping', N'ZnodeShipping', 0, NULL, NULL, NULL, NULL, 0, CAST(N'2016-03-17 12:42:55.073' AS DateTime), 2, CAST(N'2016-03-31 05:51:04.697' AS DateTime))
INSERT [dbo].[ZnodeApplicationSetting] ([ApplicationSettingId], [GroupName], [ItemName], [Setting], [ViewOptions], [FrontPageName], [FrontObjectName], [IsCompressed], [OrderByFields], [ItemNameWithoutCurrency], [CreatedByName], [ModifiedByName], [CreatedBy], [CreatedDate], [ModifiedBy], [ModifiedDate]) VALUES (208, N'Table', N'ZnodeStore', N'<?xml version="1.0" encoding="utf-16"?>
<columns>
  <column>
    <id>1</id>
    <name>StoreId</name>
    <headertext>Checkbox</headertext>
    <width>40</width>
    <datatype>Int32</datatype>
    <columntype>Int32</columntype>
    <allowsorting>true</allowsorting>
    <allowpaging>false</allowpaging>
    <format>
    </format>
    <isvisible>y</isvisible>
    <mustshow>n</mustshow>
    <musthide>n</musthide>
    <maxlength>0</maxlength>
    <isallowsearch>n</isallowsearch>
    <isconditional>n</isconditional>
    <isallowlink>n</isallowlink>
    <islinkactionurl>
    </islinkactionurl>
    <islinkparamfield>PortalId</islinkparamfield>
    <ischeckbox>y</ischeckbox>
    <checkboxparamfield>
    </checkboxparamfield>
    <iscontrol>n</iscontrol>
    <controltype>
    </controltype>
    <controlparamfield>
    </controlparamfield>
    <displaytext>ID</displaytext>
    <editactionurl>
    </editactionurl>
    <editparamfield>
    </editparamfield>
    <deleteactionurl>
    </deleteactionurl>
    <deleteparamfield>
    </deleteparamfield>
    <viewactionurl>
    </viewactionurl>
    <viewparamfield>
    </viewparamfield>
    <imageactionurl>
    </imageactionurl>
    <imageparamfield>
    </imageparamfield>
    <manageactionurl>
    </manageactionurl>
    <manageparamfield>
    </manageparamfield>
    <copyactionurl>
    </copyactionurl>
    <copyparamfield>
    </copyparamfield>
    <xaxis>n</xaxis>
    <yaxis>n</yaxis>
    <isadvancesearch>y</isadvancesearch>
    <Class>
    </Class>
    <SearchControlType>--Select--</SearchControlType>
    <SearchControlParameters>
    </SearchControlParameters>
    <DbParamField>
    </DbParamField>
    <useMode>DataBase</useMode>
    <IsGraph>n</IsGraph>
    <allowdetailview>n</allowdetailview>
  </column>
  <column>
    <id>2</id>
    <name>StoreName</name>
    <headertext>Store Name</headertext>
    <width>40</width>
    <datatype>String</datatype>
    <columntype>String</columntype>
    <allowsorting>true</allowsorting>
    <allowpaging>false</allowpaging>
    <format>
    </format>
    <isvisible>y</isvisible>
    <mustshow>n</mustshow>
    <musthide>n</musthide>
    <maxlength>0</maxlength>
    <isallowsearch>n</isallowsearch>
    <isconditional>n</isconditional>
    <isallowlink>n</isallowlink>
    <islinkactionurl>
    </islinkactionurl>
    <islinkparamfield>PortalId</islinkparamfield>
    <ischeckbox>n</ischeckbox>
    <checkboxparamfield>PortalId</checkboxparamfield>
    <iscontrol>n</iscontrol>
    <controltype>
    </controltype>
    <controlparamfield>
    </controlparamfield>
    <displaytext>ClassName</displaytext>
    <editactionurl>
    </editactionurl>
    <editparamfield>
    </editparamfield>
    <deleteactionurl>
    </deleteactionurl>
    <deleteparamfield>
    </deleteparamfield>
    <viewactionurl>
    </viewactionurl>
    <viewparamfield>
    </viewparamfield>
    <imageactionurl>
    </imageactionurl>
    <imageparamfield>
    </imageparamfield>
    <manageactionurl>
    </manageactionurl>
    <manageparamfield>
    </manageparamfield>
    <copyactionurl>
    </copyactionurl>
    <copyparamfield>
    </copyparamfield>
    <xaxis>n</xaxis>
    <yaxis>n</yaxis>
    <isadvancesearch>y</isadvancesearch>
    <Class>
    </Class>
    <SearchControlType>--Select--</SearchControlType>
    <SearchControlParameters>
    </SearchControlParameters>
    <DbParamField>
    </DbParamField>
    <useMode>DataBase</useMode>
    <IsGraph>n</IsGraph>
    <allowdetailview>n</allowdetailview>
  </column>
  <column>
    <id>3</id>
    <name>CompanyName</name>
    <headertext>Brand</headertext>
    <width>40</width>
    <datatype>String</datatype>
    <columntype>String</columntype>
    <allowsorting>true</allowsorting>
    <allowpaging>true</allowpaging>
    <format>
    </format>
    <isvisible>y</isvisible>
    <mustshow>n</mustshow>
    <musthide>n</musthide>
    <maxlength>0</maxlength>
    <isallowsearch>n</isallowsearch>
    <isconditional>n</isconditional>
    <isallowlink>n</isallowlink>
    <islinkactionurl>
    </islinkactionurl>
    <islinkparamfield>PortalId</islinkparamfield>
    <ischeckbox>n</ischeckbox>
    <checkboxparamfield>PortalId</checkboxparamfield>
    <iscontrol>n</iscontrol>
    <controltype>
    </controltype>
    <controlparamfield>
    </controlparamfield>
    <displaytext>Brand</displaytext>
    <editactionurl>
    </editactionurl>
    <editparamfield>
    </editparamfield>
    <deleteactionurl>
    </deleteactionurl>
    <deleteparamfield>
    </deleteparamfield>
    <viewactionurl>
    </viewactionurl>
    <viewparamfield>
    </viewparamfield>
    <imageactionurl>
    </imageactionurl>
    <imageparamfield>
    </imageparamfield>
    <manageactionurl>
    </manageactionurl>
    <manageparamfield>
    </manageparamfield>
    <copyactionurl>
    </copyactionurl>
    <copyparamfield>
    </copyparamfield>
    <xaxis>n</xaxis>
    <yaxis>n</yaxis>
    <isadvancesearch>y</isadvancesearch>
    <Class>
    </Class>
    <SearchControlType>--Select--</SearchControlType>
    <SearchControlParameters>
    </SearchControlParameters>
    <DbParamField>
    </DbParamField>
    <useMode>DataBase</useMode>
    <IsGraph>n</IsGraph>
    <allowdetailview>n</allowdetailview>
  </column>
  <column>
    <id>4</id>
    <name>DomainUrl</name>
    <headertext>Preview</headertext>
    <width>50</width>
    <datatype>String</datatype>
    <columntype>String</columntype>
    <allowsorting>false</allowsorting>
    <allowpaging>true</allowpaging>
    <format>
    </format>
    <isvisible>y</isvisible>
    <mustshow>n</mustshow>
    <musthide>n</musthide>
    <maxlength>0</maxlength>
    <isallowsearch>n</isallowsearch>
    <isconditional>y</isconditional>
    <isallowlink>n</isallowlink>
    <islinkactionurl>
    </islinkactionurl>
    <islinkparamfield>PortalId</islinkparamfield>
    <ischeckbox>n</ischeckbox>
    <checkboxparamfield>PortalId</checkboxparamfield>
    <iscontrol>n</iscontrol>
    <controltype>
    </controltype>
    <controlparamfield>
    </controlparamfield>
    <displaytext>Preview</displaytext>
    <editactionurl>
    </editactionurl>
    <editparamfield>
    </editparamfield>
    <deleteactionurl>
    </deleteactionurl>
    <deleteparamfield>
    </deleteparamfield>
    <viewactionurl>http:/</viewactionurl>
    <viewparamfield>DomainUrl</viewparamfield>
    <imageactionurl>
    </imageactionurl>
    <imageparamfield>
    </imageparamfield>
    <manageactionurl>
    </manageactionurl>
    <manageparamfield>
    </manageparamfield>
    <copyactionurl>
    </copyactionurl>
    <copyparamfield>
    </copyparamfield>
    <xaxis>n</xaxis>
    <yaxis>n</yaxis>
    <isadvancesearch>y</isadvancesearch>
    <Class>
    </Class>
    <SearchControlType>--Select--</SearchControlType>
    <SearchControlParameters>
    </SearchControlParameters>
    <DbParamField>DomainName</DbParamField>
    <useMode>DataBase</useMode>
    <IsGraph>n</IsGraph>
    <allowdetailview>n</allowdetailview>
  </column>
  <column>
    <id>5</id>
    <name>Manage</name>
    <headertext>Action</headertext>
    <width>50</width>
    <datatype>String</datatype>
    <columntype>String</columntype>
    <allowsorting>false</allowsorting>
    <allowpaging>true</allowpaging>
    <format>Manage|Delete</format>
    <isvisible>y</isvisible>
    <mustshow>n</mustshow>
    <musthide>y</musthide>
    <maxlength>0</maxlength>
    <isallowsearch>n</isallowsearch>
    <isconditional>y</isconditional>
    <isallowlink>n</isallowlink>
    <islinkactionurl>
    </islinkactionurl>
    <islinkparamfield>PortalId</islinkparamfield>
    <ischeckbox>n</ischeckbox>
    <checkboxparamfield>Id</checkboxparamfield>
    <iscontrol>n</iscontrol>
    <controltype>
    </controltype>
    <controlparamfield>
    </controlparamfield>
    <displaytext>Manage|Delete</displaytext>
    <editactionurl>
    </editactionurl>
    <editparamfield>
    </editparamfield>
    <deleteactionurl>
    </deleteactionurl>
    <deleteparamfield>
    </deleteparamfield>
    <viewactionurl>
    </viewactionurl>
    <viewparamfield>
    </viewparamfield>
    <imageactionurl>
    </imageactionurl>
    <imageparamfield>
    </imageparamfield>
    <manageactionurl>/Store/ManageStore|/Store/DeleteStore</manageactionurl>
    <manageparamfield>PortalId|PortalId</manageparamfield>
    <copyactionurl>
    </copyactionurl>
    <copyparamfield>
    </copyparamfield>
    <xaxis>n</xaxis>
    <yaxis>n</yaxis>
    <isadvancesearch>y</isadvancesearch>
    <Class>
    </Class>
    <SearchControlType>--Select--</SearchControlType>
    <SearchControlParameters>
    </SearchControlParameters>
    <DbParamField>
    </DbParamField>
    <useMode>DataBase</useMode>
    <IsGraph>n</IsGraph>
    <allowdetailview>n</allowdetailview>
  </column>
</columns>', N'ZnodeStore', N'ZnodeStore', N'ZnodeStore', 0, NULL, NULL, NULL, NULL, 2, CAST(N'1905-06-16 00:00:00.000' AS DateTime), 2, CAST(N'2016-04-28 09:30:17.770' AS DateTime))
INSERT [dbo].[ZnodeApplicationSetting] ([ApplicationSettingId], [GroupName], [ItemName], [Setting], [ViewOptions], [FrontPageName], [FrontObjectName], [IsCompressed], [OrderByFields], [ItemNameWithoutCurrency], [CreatedByName], [ModifiedByName], [CreatedBy], [CreatedDate], [ModifiedBy], [ModifiedDate]) VALUES (209, N'Table', N'ZnodeEmailTemplate', N'<?xml version="1.0" encoding="utf-16"?>
<columns>
  <column>
    <id>1</id>
    <name>EmailTemplateId</name>
    <headertext>Checkbox</headertext>
    <width>0</width>
    <datatype>Int32</datatype>
    <columntype>Int32</columntype>
    <allowsorting>false</allowsorting>
    <allowpaging>false</allowpaging>
    <format>
    </format>
    <isvisible>y</isvisible>
    <mustshow>n</mustshow>
    <musthide>n</musthide>
    <maxlength>0</maxlength>
    <isallowsearch>n</isallowsearch>
    <isconditional>n</isconditional>
    <isallowlink>n</isallowlink>
    <islinkactionurl>
    </islinkactionurl>
    <islinkparamfield>EmailTemplateId</islinkparamfield>
    <ischeckbox>y</ischeckbox>
    <checkboxparamfield>
    </checkboxparamfield>
    <iscontrol>n</iscontrol>
    <controltype>
    </controltype>
    <controlparamfield>
    </controlparamfield>
    <displaytext>
    </displaytext>
    <editactionurl>
    </editactionurl>
    <editparamfield>
    </editparamfield>
    <deleteactionurl>
    </deleteactionurl>
    <deleteparamfield>
    </deleteparamfield>
    <viewactionurl>
    </viewactionurl>
    <viewparamfield>
    </viewparamfield>
    <imageactionurl>
    </imageactionurl>
    <imageparamfield>
    </imageparamfield>
    <manageactionurl>
    </manageactionurl>
    <manageparamfield>
    </manageparamfield>
    <copyactionurl>
    </copyactionurl>
    <copyparamfield>
    </copyparamfield>
    <xaxis>n</xaxis>
    <yaxis>n</yaxis>
    <isadvancesearch>y</isadvancesearch>
    <Class>
    </Class>
    <SearchControlType>--Select--</SearchControlType>
    <SearchControlParameters>
    </SearchControlParameters>
    <DbParamField>
    </DbParamField>
    <useMode>DataBase</useMode>
    <IsGraph>n</IsGraph>
    <allowdetailview>n</allowdetailview>
  </column>
  <column>
    <id>2</id>
    <name>TemplateName</name>
    <headertext>Template Name</headertext>
    <width>0</width>
    <datatype>String</datatype>
    <columntype>String</columntype>
    <allowsorting>true</allowsorting>
    <allowpaging>true</allowpaging>
    <format>
    </format>
    <isvisible>y</isvisible>
    <mustshow>n</mustshow>
    <musthide>n</musthide>
    <maxlength>0</maxlength>
    <isallowsearch>y</isallowsearch>
    <isconditional>n</isconditional>
    <isallowlink>n</isallowlink>
    <islinkactionurl>
    </islinkactionurl>
    <islinkparamfield>
    </islinkparamfield>
    <ischeckbox>n</ischeckbox>
    <checkboxparamfield>
    </checkboxparamfield>
    <iscontrol>n</iscontrol>
    <controltype>
    </controltype>
    <controlparamfield>
    </controlparamfield>
    <displaytext>
    </displaytext>
    <editactionurl>
    </editactionurl>
    <editparamfield>
    </editparamfield>
    <deleteactionurl>
    </deleteactionurl>
    <deleteparamfield>
    </deleteparamfield>
    <viewactionurl>
    </viewactionurl>
    <viewparamfield>
    </viewparamfield>
    <imageactionurl>
    </imageactionurl>
    <imageparamfield>
    </imageparamfield>
    <manageactionurl>
    </manageactionurl>
    <manageparamfield>
    </manageparamfield>
    <copyactionurl>
    </copyactionurl>
    <copyparamfield>
    </copyparamfield>
    <xaxis>n</xaxis>
    <yaxis>n</yaxis>
    <isadvancesearch>y</isadvancesearch>
    <Class>
    </Class>
    <SearchControlType>--Select--</SearchControlType>
    <SearchControlParameters>
    </SearchControlParameters>
    <DbParamField>
    </DbParamField>
    <useMode>DataBase</useMode>
    <IsGraph>n</IsGraph>
    <allowdetailview>n</allowdetailview>
  </column>
  <column>
    <id>3</id>
    <name>Descriptions</name>
    <headertext>Description</headertext>
    <width>0</width>
    <datatype>String</datatype>
    <columntype>String</columntype>
    <allowsorting>false</allowsorting>
    <allowpaging>true</allowpaging>
    <format>
    </format>
    <isvisible>y</isvisible>
    <mustshow>n</mustshow>
    <musthide>n</musthide>
    <maxlength>0</maxlength>
    <isallowsearch>y</isallowsearch>
    <isconditional>n</isconditional>
    <isallowlink>n</isallowlink>
    <islinkactionurl>
    </islinkactionurl>
    <islinkparamfield>
    </islinkparamfield>
    <ischeckbox>n</ischeckbox>
    <checkboxparamfield>
    </checkboxparamfield>
    <iscontrol>n</iscontrol>
    <controltype>
    </controltype>
    <controlparamfield>
    </controlparamfield>
    <displaytext>
    </displaytext>
    <editactionurl>
    </editactionurl>
    <editparamfield>
    </editparamfield>
    <deleteactionurl>
    </deleteactionurl>
    <deleteparamfield>
    </deleteparamfield>
    <viewactionurl>
    </viewactionurl>
    <viewparamfield>
    </viewparamfield>
    <imageactionurl>
    </imageactionurl>
    <imageparamfield>
    </imageparamfield>
    <manageactionurl>
    </manageactionurl>
    <manageparamfield>
    </manageparamfield>
    <copyactionurl>
    </copyactionurl>
    <copyparamfield>
    </copyparamfield>
    <xaxis>n</xaxis>
    <yaxis>n</yaxis>
    <isadvancesearch>y</isadvancesearch>
    <Class>
    </Class>
    <SearchControlType>--Select--</SearchControlType>
    <SearchControlParameters>
    </SearchControlParameters>
    <DbParamField>
    </DbParamField>
    <useMode>DataBase</useMode>
    <IsGraph>n</IsGraph>
    <allowdetailview>n</allowdetailview>
  </column>
  <column>
    <id>4</id>
    <name>IsActive</name>
    <headertext>Is Active</headertext>
    <width>0</width>
    <datatype>Boolean</datatype>
    <columntype>Boolean</columntype>
    <allowsorting>false</allowsorting>
    <allowpaging>true</allowpaging>
    <format>
    </format>
    <isvisible>y</isvisible>
    <mustshow>n</mustshow>
    <musthide>n</musthide>
    <maxlength>0</maxlength>
    <isallowsearch>y</isallowsearch>
    <isconditional>n</isconditional>
    <isallowlink>n</isallowlink>
    <islinkactionurl>
    </islinkactionurl>
    <islinkparamfield>
    </islinkparamfield>
    <ischeckbox>n</ischeckbox>
    <checkboxparamfield>
    </checkboxparamfield>
    <iscontrol>n</iscontrol>
    <controltype>
    </controltype>
    <controlparamfield>
    </controlparamfield>
    <displaytext>
    </displaytext>
    <editactionurl>
    </editactionurl>
    <editparamfield>
    </editparamfield>
    <deleteactionurl>
    </deleteactionurl>
    <deleteparamfield>
    </deleteparamfield>
    <viewactionurl>
    </viewactionurl>
    <viewparamfield>
    </viewparamfield>
    <imageactionurl>
    </imageactionurl>
    <imageparamfield>
    </imageparamfield>
    <manageactionurl>
    </manageactionurl>
    <manageparamfield>
    </manageparamfield>
    <copyactionurl>
    </copyactionurl>
    <copyparamfield>
    </copyparamfield>
    <xaxis>n</xaxis>
    <yaxis>n</yaxis>
    <isadvancesearch>y</isadvancesearch>
    <Class>
    </Class>
    <SearchControlType>--Select--</SearchControlType>
    <SearchControlParameters>
    </SearchControlParameters>
    <DbParamField>
    </DbParamField>
    <useMode>DataBase</useMode>
    <IsGraph>n</IsGraph>
    <allowdetailview>n</allowdetailview>
  </column>
  <column>
    <id>5</id>
    <name>CreatedDate</name>
    <headertext>Created Date</headertext>
    <width>0</width>
    <datatype>String</datatype>
    <columntype>String</columntype>
    <allowsorting>false</allowsorting>
    <allowpaging>true</allowpaging>
    <format>
    </format>
    <isvisible>y</isvisible>
    <mustshow>n</mustshow>
    <musthide>n</musthide>
    <maxlength>0</maxlength>
    <isallowsearch>y</isallowsearch>
    <isconditional>n</isconditional>
    <isallowlink>n</isallowlink>
    <islinkactionurl>
    </islinkactionurl>
    <islinkparamfield>
    </islinkparamfield>
    <ischeckbox>n</ischeckbox>
    <checkboxparamfield>
    </checkboxparamfield>
    <iscontrol>n</iscontrol>
    <controltype>
    </controltype>
    <controlparamfield>
    </controlparamfield>
    <displaytext>
    </displaytext>
    <editactionurl>
    </editactionurl>
    <editparamfield>
    </editparamfield>
    <deleteactionurl>
    </deleteactionurl>
    <deleteparamfield>
    </deleteparamfield>
    <viewactionurl>
    </viewactionurl>
    <viewparamfield>
    </viewparamfield>
    <imageactionurl>
    </imageactionurl>
    <imageparamfield>
    </imageparamfield>
    <manageactionurl>
    </manageactionurl>
    <manageparamfield>
    </manageparamfield>
    <copyactionurl>
    </copyactionurl>
    <copyparamfield>
    </copyparamfield>
    <xaxis>n</xaxis>
    <yaxis>n</yaxis>
    <isadvancesearch>y</isadvancesearch>
    <Class>
    </Class>
    <SearchControlType>--Select--</SearchControlType>
    <SearchControlParameters>
    </SearchControlParameters>
    <DbParamField>
    </DbParamField>
    <useMode>DataBase</useMode>
    <IsGraph>n</IsGraph>
    <allowdetailview>n</allowdetailview>
  </column>
  <column>
    <id>6</id>
    <name>Manage</name>
    <headertext>Manage</headertext>
    <width>0</width>
    <datatype>String</datatype>
    <columntype>String</columntype>
    <allowsorting>false</allowsorting>
    <allowpaging>false</allowpaging>
    <format>Edit|Delete</format>
    <isvisible>y</isvisible>
    <mustshow>n</mustshow>
    <musthide>n</musthide>
    <maxlength>0</maxlength>
    <isallowsearch>n</isallowsearch>
    <isconditional>n</isconditional>
    <isallowlink>n</isallowlink>
    <islinkactionurl>
    </islinkactionurl>
    <islinkparamfield>EmailTemplateId|TemplateName</islinkparamfield>
    <ischeckbox>n</ischeckbox>
    <checkboxparamfield>
    </checkboxparamfield>
    <iscontrol>n</iscontrol>
    <controltype>
    </controltype>
    <controlparamfield>
    </controlparamfield>
    <displaytext>Edit|Delete</displaytext>
    <editactionurl>
    </editactionurl>
    <editparamfield>
    </editparamfield>
    <deleteactionurl>
    </deleteactionurl>
    <deleteparamfield>
    </deleteparamfield>
    <viewactionurl>
    </viewactionurl>
    <viewparamfield>
    </viewparamfield>
    <imageactionurl>
    </imageactionurl>
    <imageparamfield>
    </imageparamfield>
    <manageactionurl>/EmailTemplate/Edit|/EmailTemplate/Delete</manageactionurl>
    <manageparamfield>EmailTemplateId|TemplateName</manageparamfield>
    <copyactionurl>
    </copyactionurl>
    <copyparamfield>
    </copyparamfield>
    <xaxis>n</xaxis>
    <yaxis>n</yaxis>
    <isadvancesearch>y</isadvancesearch>
    <Class>
    </Class>
    <SearchControlType>--Select--</SearchControlType>
    <SearchControlParameters>
    </SearchControlParameters>
    <DbParamField>
    </DbParamField>
    <useMode>DataBase</useMode>
    <IsGraph>n</IsGraph>
    <allowdetailview>n</allowdetailview>
  </column>
</columns>', N'ZnodeEmailTemplate', N'ZnodeEmailTemplate', N'ZnodeEmailTemplate', 0, NULL, NULL, NULL, NULL, 2, CAST(N'2016-03-22 04:47:30.907' AS DateTime), 2, CAST(N'2016-03-31 06:01:10.627' AS DateTime))
INSERT [dbo].[ZnodeApplicationSetting] ([ApplicationSettingId], [GroupName], [ItemName], [Setting], [ViewOptions], [FrontPageName], [FrontObjectName], [IsCompressed], [OrderByFields], [ItemNameWithoutCurrency], [CreatedByName], [ModifiedByName], [CreatedBy], [CreatedDate], [ModifiedBy], [ModifiedDate]) VALUES (210, N'Table', N'ZnodePimAttribute', N'<?xml version="1.0" encoding="utf-16"?>
<columns>
  <column>
    <id>1</id>
    <name>PimAttributeId</name>
    <headertext>Checkbox</headertext>
    <width>20</width>
    <datatype>String</datatype>
    <columntype>Int32</columntype>
    <allowsorting>true</allowsorting>
    <allowpaging>true</allowpaging>
    <format>
    </format>
    <isvisible>y</isvisible>
    <mustshow>y</mustshow>
    <musthide>n</musthide>
    <maxlength>0</maxlength>
    <isallowsearch>n</isallowsearch>
    <isconditional>n</isconditional>
    <isallowlink>n</isallowlink>
    <islinkactionurl>
    </islinkactionurl>
    <islinkparamfield>
    </islinkparamfield>
    <ischeckbox>y</ischeckbox>
    <checkboxparamfield>
    </checkboxparamfield>
    <iscontrol>n</iscontrol>
    <controltype>
    </controltype>
    <controlparamfield>
    </controlparamfield>
    <displaytext>
    </displaytext>
    <editactionurl>
    </editactionurl>
    <editparamfield>
    </editparamfield>
    <deleteactionurl>
    </deleteactionurl>
    <deleteparamfield>
    </deleteparamfield>
    <viewactionurl>
    </viewactionurl>
    <viewparamfield>
    </viewparamfield>
    <imageactionurl>
    </imageactionurl>
    <imageparamfield>
    </imageparamfield>
    <manageactionurl>
    </manageactionurl>
    <manageparamfield>
    </manageparamfield>
    <copyactionurl>
    </copyactionurl>
    <copyparamfield>
    </copyparamfield>
    <xaxis>n</xaxis>
    <yaxis>n</yaxis>
    <isadvancesearch>y</isadvancesearch>
    <Class>
    </Class>
    <SearchControlType>--Select--</SearchControlType>
    <SearchControlParameters>
    </SearchControlParameters>
    <DbParamField>
    </DbParamField>
    <useMode>DataBase</useMode>
    <IsGraph>n</IsGraph>
    <allowdetailview>n</allowdetailview>
  </column>
  <column>
    <id>2</id>
    <name>AttributeCode</name>
    <headertext>AttributeCode</headertext>
    <width>40</width>
    <datatype>String</datatype>
    <columntype>String</columntype>
    <allowsorting>true</allowsorting>
    <allowpaging>true</allowpaging>
    <format>
    </format>
    <isvisible>y</isvisible>
    <mustshow>y</mustshow>
    <musthide>n</musthide>
    <maxlength>0</maxlength>
    <isallowsearch>y</isallowsearch>
    <isconditional>n</isconditional>
    <isallowlink>n</isallowlink>
    <islinkactionurl>/PIM/Attribute/Edit</islinkactionurl>
    <islinkparamfield>PimAttributeId</islinkparamfield>
    <ischeckbox>n</ischeckbox>
    <checkboxparamfield>
    </checkboxparamfield>
    <iscontrol>n</iscontrol>
    <controltype>
    </controltype>
    <controlparamfield>
    </controlparamfield>
    <displaytext>
    </displaytext>
    <editactionurl>
    </editactionurl>
    <editparamfield>
    </editparamfield>
    <deleteactionurl>
    </deleteactionurl>
    <deleteparamfield>
    </deleteparamfield>
    <viewactionurl>
    </viewactionurl>
    <viewparamfield>
    </viewparamfield>
    <imageactionurl>
    </imageactionurl>
    <imageparamfield>
    </imageparamfield>
    <manageactionurl>
    </manageactionurl>
    <manageparamfield>
    </manageparamfield>
    <copyactionurl>
    </copyactionurl>
    <copyparamfield>
    </copyparamfield>
    <xaxis>n</xaxis>
    <yaxis>n</yaxis>
    <isadvancesearch>y</isadvancesearch>
    <Class>
    </Class>
    <SearchControlType>--Select--</SearchControlType>
    <SearchControlParameters>
    </SearchControlParameters>
    <DbParamField>
    </DbParamField>
    <useMode>DataBase</useMode>
    <IsGraph>n</IsGraph>
    <allowdetailview>n</allowdetailview>
  </column>
  <column>
    <id>3</id>
    <name>AttributeType</name>
    <headertext>Attribute Type</headertext>
    <width>40</width>
    <datatype>String</datatype>
    <columntype>String</columntype>
    <allowsorting>false</allowsorting>
    <allowpaging>true</allowpaging>
    <format>
    </format>
    <isvisible>y</isvisible>
    <mustshow>y</mustshow>
    <musthide>n</musthide>
    <maxlength>0</maxlength>
    <isallowsearch>y</isallowsearch>
    <isconditional>n</isconditional>
    <isallowlink>n</isallowlink>
    <islinkactionurl>/PIM/ProductAttribute/Edit</islinkactionurl>
    <islinkparamfield>PimAttributeId</islinkparamfield>
    <ischeckbox>n</ischeckbox>
    <checkboxparamfield>
    </checkboxparamfield>
    <iscontrol>n</iscontrol>
    <controltype>
    </controltype>
    <controlparamfield>
    </controlparamfield>
    <displaytext>
    </displaytext>
    <editactionurl>
    </editactionurl>
    <editparamfield>
    </editparamfield>
    <deleteactionurl>
    </deleteactionurl>
    <deleteparamfield>
    </deleteparamfield>
    <viewactionurl>
    </viewactionurl>
    <viewparamfield>
    </viewparamfield>
    <imageactionurl>
    </imageactionurl>
    <imageparamfield>
    </imageparamfield>
    <manageactionurl>
    </manageactionurl>
    <manageparamfield>
    </manageparamfield>
    <copyactionurl>
    </copyactionurl>
    <copyparamfield>
    </copyparamfield>
    <xaxis>n</xaxis>
    <yaxis>n</yaxis>
    <isadvancesearch>n</isadvancesearch>
    <Class>
    </Class>
    <SearchControlType>--Select--</SearchControlType>
    <SearchControlParameters>
    </SearchControlParameters>
    <DbParamField>
    </DbParamField>
    <useMode>DataBase</useMode>
    <IsGraph>n</IsGraph>
    <allowdetailview>y</allowdetailview>
  </column>
  <column>
    <id>4</id>
    <name>IsRequired</name>
    <headertext>IsRequired</headertext>
    <width>10</width>
    <datatype>Boolean</datatype>
    <columntype>String</columntype>
    <allowsorting>true</allowsorting>
    <allowpaging>true</allowpaging>
    <format>
    </format>
    <isvisible>y</isvisible>
    <mustshow>n</mustshow>
    <musthide>n</musthide>
    <maxlength>0</maxlength>
    <isallowsearch>y</isallowsearch>
    <isconditional>n</isconditional>
    <isallowlink>n</isallowlink>
    <islinkactionurl>
    </islinkactionurl>
    <islinkparamfield>
    </islinkparamfield>
    <ischeckbox>n</ischeckbox>
    <checkboxparamfield>
    </checkboxparamfield>
    <iscontrol>n</iscontrol>
    <controltype>
    </controltype>
    <controlparamfield>
    </controlparamfield>
    <displaytext>
    </displaytext>
    <editactionurl>
    </editactionurl>
    <editparamfield>
    </editparamfield>
    <deleteactionurl>
    </deleteactionurl>
    <deleteparamfield>
    </deleteparamfield>
    <viewactionurl>
    </viewactionurl>
    <viewparamfield>
    </viewparamfield>
    <imageactionurl>
    </imageactionurl>
    <imageparamfield>
    </imageparamfield>
    <manageactionurl>
    </manageactionurl>
    <manageparamfield>
    </manageparamfield>
    <copyactionurl>
    </copyactionurl>
    <copyparamfield>
    </copyparamfield>
    <xaxis>n</xaxis>
    <yaxis>n</yaxis>
    <isadvancesearch>n</isadvancesearch>
    <Class>
    </Class>
    <SearchControlType>--Select--</SearchControlType>
    <SearchControlParameters>
    </SearchControlParameters>
    <DbParamField>
    </DbParamField>
    <useMode>DataBase</useMode>
    <IsGraph>n</IsGraph>
    <allowdetailview>n</allowdetailview>
  </column>
  <column>
    <id>5</id>
    <name>IsLocalizable</name>
    <headertext>IsLocalizable</headertext>
    <width>10</width>
    <datatype>Boolean</datatype>
    <columntype>String</columntype>
    <allowsorting>true</allowsorting>
    <allowpaging>true</allowpaging>
    <format>
    </format>
    <isvisible>y</isvisible>
    <mustshow>n</mustshow>
    <musthide>n</musthide>
    <maxlength>0</maxlength>
    <isallowsearch>y</isallowsearch>
    <isconditional>n</isconditional>
    <isallowlink>n</isallowlink>
    <islinkactionurl>
    </islinkactionurl>
    <islinkparamfield>
    </islinkparamfield>
    <ischeckbox>n</ischeckbox>
    <checkboxparamfield>
    </checkboxparamfield>
    <iscontrol>n</iscontrol>
    <controltype>
    </controltype>
    <controlparamfield>
    </controlparamfield>
    <displaytext>
    </displaytext>
    <editactionurl>
    </editactionurl>
    <editparamfield>
    </editparamfield>
    <deleteactionurl>
    </deleteactionurl>
    <deleteparamfield>
    </deleteparamfield>
    <viewactionurl>
    </viewactionurl>
    <viewparamfield>
    </viewparamfield>
    <imageactionurl>
    </imageactionurl>
    <imageparamfield>
    </imageparamfield>
    <manageactionurl>
    </manageactionurl>
    <manageparamfield>
    </manageparamfield>
    <copyactionurl>
    </copyactionurl>
    <copyparamfield>
    </copyparamfield>
    <xaxis>n</xaxis>
    <yaxis>n</yaxis>
    <isadvancesearch>n</isadvancesearch>
    <Class>
    </Class>
    <SearchControlType>--Select--</SearchControlType>
    <SearchControlParameters>
    </SearchControlParameters>
    <DbParamField>
    </DbParamField>
    <useMode>DataBase</useMode>
    <IsGraph>n</IsGraph>
    <allowdetailview>n</allowdetailview>
  </column>
  <column>
    <id>6</id>
    <name>IsSystemDefined</name>
    <headertext>IsSystemDefined</headertext>
    <width>10</width>
    <datatype>Boolean</datatype>
    <columntype>String</columntype>
    <allowsorting>true</allowsorting>
    <allowpaging>true</allowpaging>
    <format>
    </format>
    <isvisible>y</isvisible>
    <mustshow>n</mustshow>
    <musthide>n</musthide>
    <maxlength>0</maxlength>
    <isallowsearch>y</isallowsearch>
    <isconditional>n</isconditional>
    <isallowlink>n</isallowlink>
    <islinkactionurl>
    </islinkactionurl>
    <islinkparamfield>
    </islinkparamfield>
    <ischeckbox>n</ischeckbox>
    <checkboxparamfield>
    </checkboxparamfield>
    <iscontrol>n</iscontrol>
    <controltype>
    </controltype>
    <controlparamfield>
    </controlparamfield>
    <displaytext>
    </displaytext>
    <editactionurl>
    </editactionurl>
    <editparamfield>
    </editparamfield>
    <deleteactionurl>
    </deleteactionurl>
    <deleteparamfield>
    </deleteparamfield>
    <viewactionurl>
    </viewactionurl>
    <viewparamfield>
    </viewparamfield>
    <imageactionurl>
    </imageactionurl>
    <imageparamfield>
    </imageparamfield>
    <manageactionurl>
    </manageactionurl>
    <manageparamfield>
    </manageparamfield>
    <copyactionurl>
    </copyactionurl>
    <copyparamfield>
    </copyparamfield>
    <xaxis>n</xaxis>
    <yaxis>n</yaxis>
    <isadvancesearch>n</isadvancesearch>
    <Class>
    </Class>
    <SearchControlType>--Select--</SearchControlType>
    <SearchControlParameters>
    </SearchControlParameters>
    <DbParamField>
    </DbParamField>
    <useMode>DataBase</useMode>
    <IsGraph>n</IsGraph>
    <allowdetailview>n</allowdetailview>
  </column>
  <column>
    <id>7</id>
    <name>Manage</name>
    <headertext>Manage</headertext>
    <width>30</width>
    <datatype>String</datatype>
    <columntype>String</columntype>
    <allowsorting>false</allowsorting>
    <allowpaging>true</allowpaging>
    <format>Edit|Delete</format>
    <isvisible>y</isvisible>
    <mustshow>y</mustshow>
    <musthide>n</musthide>
    <maxlength>0</maxlength>
    <isallowsearch>n</isallowsearch>
    <isconditional>n</isconditional>
    <isallowlink>n</isallowlink>
    <islinkactionurl>
    </islinkactionurl>
    <islinkparamfield>
    </islinkparamfield>
    <ischeckbox>n</ischeckbox>
    <checkboxparamfield>
    </checkboxparamfield>
    <iscontrol>n</iscontrol>
    <controltype>
    </controltype>
    <controlparamfield>
    </controlparamfield>
    <displaytext>Edit|Delete</displaytext>
    <editactionurl>
    </editactionurl>
    <editparamfield>
    </editparamfield>
    <deleteactionurl>
    </deleteactionurl>
    <deleteparamfield>
    </deleteparamfield>
    <viewactionurl>
    </viewactionurl>
    <viewparamfield>
    </viewparamfield>
    <imageactionurl>
    </imageactionurl>
    <imageparamfield>
    </imageparamfield>
    <manageactionurl>/PIM/ProductAttribute/Edit|/PIM/ProductAttribute/Delete</manageactionurl>
    <manageparamfield>PimAttributeId|pimAttributeId</manageparamfield>
    <copyactionurl>
    </copyactionurl>
    <copyparamfield>
    </copyparamfield>
    <xaxis>n</xaxis>
    <yaxis>n</yaxis>
    <isadvancesearch>y</isadvancesearch>
    <Class>
    </Class>
    <SearchControlType>--Select--</SearchControlType>
    <SearchControlParameters>
    </SearchControlParameters>
    <DbParamField>
    </DbParamField>
    <useMode>DataBase</useMode>
    <IsGraph>n</IsGraph>
    <allowdetailview>n</allowdetailview>
  </column>
</columns>', N'ZnodePimAttribute', N'ZnodePimAttribute', N'ZnodePimAttribute', 0, NULL, NULL, NULL, NULL, 0, CAST(N'2016-03-28 06:33:23.360' AS DateTime), 2, CAST(N'2016-05-11 10:02:40.900' AS DateTime))
INSERT [dbo].[ZnodeApplicationSetting] ([ApplicationSettingId], [GroupName], [ItemName], [Setting], [ViewOptions], [FrontPageName], [FrontObjectName], [IsCompressed], [OrderByFields], [ItemNameWithoutCurrency], [CreatedByName], [ModifiedByName], [CreatedBy], [CreatedDate], [ModifiedBy], [ModifiedDate]) VALUES (211, N'Table', N'ZnodePimAttributeFamily', N'<?xml version="1.0" encoding="utf-16"?>
<columns>
  <column>
    <id>1</id>
    <name>PimAttributeFamilyId</name>
    <headertext>Checkbox</headertext>
    <width>40</width>
    <datatype>String</datatype>
    <columntype>Int32</columntype>
    <allowsorting>true</allowsorting>
    <allowpaging>false</allowpaging>
    <format>
    </format>
    <isvisible>y</isvisible>
    <mustshow>y</mustshow>
    <musthide>n</musthide>
    <maxlength>0</maxlength>
    <isallowsearch>n</isallowsearch>
    <isconditional>n</isconditional>
    <isallowlink>n</isallowlink>
    <islinkactionurl>
    </islinkactionurl>
    <islinkparamfield>
    </islinkparamfield>
    <ischeckbox>y</ischeckbox>
    <checkboxparamfield>
    </checkboxparamfield>
    <iscontrol>n</iscontrol>
    <controltype>
    </controltype>
    <controlparamfield>
    </controlparamfield>
    <displaytext>
    </displaytext>
    <editactionurl>
    </editactionurl>
    <editparamfield>
    </editparamfield>
    <deleteactionurl>
    </deleteactionurl>
    <deleteparamfield>
    </deleteparamfield>
    <viewactionurl>
    </viewactionurl>
    <viewparamfield>
    </viewparamfield>
    <imageactionurl>
    </imageactionurl>
    <imageparamfield>
    </imageparamfield>
    <manageactionurl>
    </manageactionurl>
    <manageparamfield>
    </manageparamfield>
    <copyactionurl>
    </copyactionurl>
    <copyparamfield>
    </copyparamfield>
    <xaxis>n</xaxis>
    <yaxis>n</yaxis>
    <isadvancesearch>n</isadvancesearch>
    <Class>
    </Class>
    <SearchControlType>--Select--</SearchControlType>
    <SearchControlParameters>
    </SearchControlParameters>
    <DbParamField>
    </DbParamField>
    <useMode>DataBase</useMode>
    <IsGraph>n</IsGraph>
    <allowdetailview>n</allowdetailview>
  </column>
  <column>
    <id>2</id>
    <name>FamilyCode</name>
    <headertext>Family Code</headertext>
    <width>60</width>
    <datatype>String</datatype>
    <columntype>String</columntype>
    <allowsorting>true</allowsorting>
    <allowpaging>false</allowpaging>
    <format>
    </format>
    <isvisible>y</isvisible>
    <mustshow>y</mustshow>
    <musthide>n</musthide>
    <maxlength>0</maxlength>
    <isallowsearch>y</isallowsearch>
    <isconditional>n</isconditional>
    <isallowlink>n</isallowlink>
    <islinkactionurl>
    </islinkactionurl>
    <islinkparamfield>
    </islinkparamfield>
    <ischeckbox>n</ischeckbox>
    <checkboxparamfield>
    </checkboxparamfield>
    <iscontrol>n</iscontrol>
    <controltype>
    </controltype>
    <controlparamfield>
    </controlparamfield>
    <displaytext>
    </displaytext>
    <editactionurl>
    </editactionurl>
    <editparamfield>
    </editparamfield>
    <deleteactionurl>
    </deleteactionurl>
    <deleteparamfield>
    </deleteparamfield>
    <viewactionurl>
    </viewactionurl>
    <viewparamfield>
    </viewparamfield>
    <imageactionurl>
    </imageactionurl>
    <imageparamfield>
    </imageparamfield>
    <manageactionurl>
    </manageactionurl>
    <manageparamfield>
    </manageparamfield>
    <copyactionurl>
    </copyactionurl>
    <copyparamfield>
    </copyparamfield>
    <xaxis>n</xaxis>
    <yaxis>n</yaxis>
    <isadvancesearch>y</isadvancesearch>
    <Class>
    </Class>
    <SearchControlType>--Select--</SearchControlType>
    <SearchControlParameters>
    </SearchControlParameters>
    <DbParamField>
    </DbParamField>
    <useMode>DataBase</useMode>
    <IsGraph>n</IsGraph>
    <allowdetailview>n</allowdetailview>
  </column>
  <column>
    <id>3</id>
    <name>IsSystemDefined</name>
    <headertext>IsSystem Defined</headertext>
    <width>30</width>
    <datatype>Boolean</datatype>
    <columntype>Boolean</columntype>
    <allowsorting>true</allowsorting>
    <allowpaging>false</allowpaging>
    <format>
    </format>
    <isvisible>y</isvisible>
    <mustshow>n</mustshow>
    <musthide>n</musthide>
    <maxlength>0</maxlength>
    <isallowsearch>y</isallowsearch>
    <isconditional>n</isconditional>
    <isallowlink>n</isallowlink>
    <islinkactionurl>
    </islinkactionurl>
    <islinkparamfield>
    </islinkparamfield>
    <ischeckbox>n</ischeckbox>
    <checkboxparamfield>
    </checkboxparamfield>
    <iscontrol>n</iscontrol>
    <controltype>
    </controltype>
    <controlparamfield>
    </controlparamfield>
    <displaytext>
    </displaytext>
    <editactionurl>
    </editactionurl>
    <editparamfield>
    </editparamfield>
    <deleteactionurl>
    </deleteactionurl>
    <deleteparamfield>
    </deleteparamfield>
    <viewactionurl>
    </viewactionurl>
    <viewparamfield>
    </viewparamfield>
    <imageactionurl>
    </imageactionurl>
    <imageparamfield>
    </imageparamfield>
    <manageactionurl>
    </manageactionurl>
    <manageparamfield>
    </manageparamfield>
    <copyactionurl>
    </copyactionurl>
    <copyparamfield>
    </copyparamfield>
    <xaxis>n</xaxis>
    <yaxis>n</yaxis>
    <isadvancesearch>n</isadvancesearch>
    <Class>
    </Class>
    <SearchControlType>--Select--</SearchControlType>
    <SearchControlParameters>
    </SearchControlParameters>
    <DbParamField>
    </DbParamField>
    <useMode>DataBase</useMode>
    <IsGraph>n</IsGraph>
    <allowdetailview>n</allowdetailview>
  </column>
  <column>
    <id>4</id>
    <name>IsDefaultFamily</name>
    <headertext>IsDefault Family</headertext>
    <width>30</width>
    <datatype>Boolean</datatype>
    <columntype>Boolean</columntype>
    <allowsorting>true</allowsorting>
    <allowpaging>false</allowpaging>
    <format>
    </format>
    <isvisible>n</isvisible>
    <mustshow>n</mustshow>
    <musthide>n</musthide>
    <maxlength>0</maxlength>
    <isallowsearch>y</isallowsearch>
    <isconditional>n</isconditional>
    <isallowlink>n</isallowlink>
    <islinkactionurl>
    </islinkactionurl>
    <islinkparamfield>
    </islinkparamfield>
    <ischeckbox>n</ischeckbox>
    <checkboxparamfield>
    </checkboxparamfield>
    <iscontrol>n</iscontrol>
    <controltype>
    </controltype>
    <controlparamfield>
    </controlparamfield>
    <displaytext>
    </displaytext>
    <editactionurl>
    </editactionurl>
    <editparamfield>
    </editparamfield>
    <deleteactionurl>
    </deleteactionurl>
    <deleteparamfield>
    </deleteparamfield>
    <viewactionurl>
    </viewactionurl>
    <viewparamfield>
    </viewparamfield>
    <imageactionurl>
    </imageactionurl>
    <imageparamfield>
    </imageparamfield>
    <manageactionurl>
    </manageactionurl>
    <manageparamfield>
    </manageparamfield>
    <copyactionurl>
    </copyactionurl>
    <copyparamfield>
    </copyparamfield>
    <xaxis>n</xaxis>
    <yaxis>n</yaxis>
    <isadvancesearch>n</isadvancesearch>
    <Class>
    </Class>
    <SearchControlType>--Select--</SearchControlType>
    <SearchControlParameters>
    </SearchControlParameters>
    <DbParamField>
    </DbParamField>
    <useMode>DataBase</useMode>
    <IsGraph>n</IsGraph>
    <allowdetailview>n</allowdetailview>
  </column>
  <column>
    <id>5</id>
    <name>ModifiedDate</name>
    <headertext>Modified</headertext>
    <width>30</width>
    <datatype>String</datatype>
    <columntype>DateTime</columntype>
    <allowsorting>true</allowsorting>
    <allowpaging>false</allowpaging>
    <format>
    </format>
    <isvisible>y</isvisible>
    <mustshow>n</mustshow>
    <musthide>n</musthide>
    <maxlength>0</maxlength>
    <isallowsearch>y</isallowsearch>
    <isconditional>n</isconditional>
    <isallowlink>n</isallowlink>
    <islinkactionurl>
    </islinkactionurl>
    <islinkparamfield>
    </islinkparamfield>
    <ischeckbox>n</ischeckbox>
    <checkboxparamfield>
    </checkboxparamfield>
    <iscontrol>n</iscontrol>
    <controltype>
    </controltype>
    <controlparamfield>
    </controlparamfield>
    <displaytext>
    </displaytext>
    <editactionurl>
    </editactionurl>
    <editparamfield>
    </editparamfield>
    <deleteactionurl>
    </deleteactionurl>
    <deleteparamfield>
    </deleteparamfield>
    <viewactionurl>
    </viewactionurl>
    <viewparamfield>
    </viewparamfield>
    <imageactionurl>
    </imageactionurl>
    <imageparamfield>
    </imageparamfield>
    <manageactionurl>
    </manageactionurl>
    <manageparamfield>
    </manageparamfield>
    <copyactionurl>
    </copyactionurl>
    <copyparamfield>
    </copyparamfield>
    <xaxis>n</xaxis>
    <yaxis>n</yaxis>
    <isadvancesearch>n</isadvancesearch>
    <Class>
    </Class>
    <SearchControlType>--Select--</SearchControlType>
    <SearchControlParameters>
    </SearchControlParameters>
    <DbParamField>
    </DbParamField>
    <useMode>DataBase</useMode>
    <IsGraph>n</IsGraph>
    <allowdetailview>n</allowdetailview>
  </column>
  <column>
    <id>6</id>
    <name>CreatedDate</name>
    <headertext>Created</headertext>
    <width>30</width>
    <datatype>String</datatype>
    <columntype>DateTime</columntype>
    <allowsorting>true</allowsorting>
    <allowpaging>false</allowpaging>
    <format>
    </format>
    <isvisible>y</isvisible>
    <mustshow>n</mustshow>
    <musthide>n</musthide>
    <maxlength>0</maxlength>
    <isallowsearch>y</isallowsearch>
    <isconditional>n</isconditional>
    <isallowlink>n</isallowlink>
    <islinkactionurl>
    </islinkactionurl>
    <islinkparamfield>
    </islinkparamfield>
    <ischeckbox>n</ischeckbox>
    <checkboxparamfield>
    </checkboxparamfield>
    <iscontrol>n</iscontrol>
    <controltype>
    </controltype>
    <controlparamfield>
    </controlparamfield>
    <displaytext>
    </displaytext>
    <editactionurl>
    </editactionurl>
    <editparamfield>
    </editparamfield>
    <deleteactionurl>
    </deleteactionurl>
    <deleteparamfield>
    </deleteparamfield>
    <viewactionurl>
    </viewactionurl>
    <viewparamfield>
    </viewparamfield>
    <imageactionurl>
    </imageactionurl>
    <imageparamfield>
    </imageparamfield>
    <manageactionurl>
    </manageactionurl>
    <manageparamfield>
    </manageparamfield>
    <copyactionurl>
    </copyactionurl>
    <copyparamfield>
    </copyparamfield>
    <xaxis>n</xaxis>
    <yaxis>n</yaxis>
    <isadvancesearch>n</isadvancesearch>
    <Class>
    </Class>
    <SearchControlType>--Select--</SearchControlType>
    <SearchControlParameters>
    </SearchControlParameters>
    <DbParamField>
    </DbParamField>
    <useMode>DataBase</useMode>
    <IsGraph>n</IsGraph>
    <allowdetailview>n</allowdetailview>
  </column>
  <column>
    <id>7</id>
    <name>Manage</name>
    <headertext>Action</headertext>
    <width>30</width>
    <datatype>String</datatype>
    <columntype>String</columntype>
    <allowsorting>false</allowsorting>
    <allowpaging>false</allowpaging>
    <format>Edit|Delete</format>
    <isvisible>y</isvisible>
    <mustshow>y</mustshow>
    <musthide>n</musthide>
    <maxlength>0</maxlength>
    <isallowsearch>n</isallowsearch>
    <isconditional>n</isconditional>
    <isallowlink>n</isallowlink>
    <islinkactionurl>
    </islinkactionurl>
    <islinkparamfield>
    </islinkparamfield>
    <ischeckbox>n</ischeckbox>
    <checkboxparamfield>
    </checkboxparamfield>
    <iscontrol>n</iscontrol>
    <controltype>
    </controltype>
    <controlparamfield>
    </controlparamfield>
    <displaytext>Edit|Delete</displaytext>
    <editactionurl>
    </editactionurl>
    <editparamfield>
    </editparamfield>
    <deleteactionurl>
    </deleteactionurl>
    <deleteparamfield>
    </deleteparamfield>
    <viewactionurl>
    </viewactionurl>
    <viewparamfield>
    </viewparamfield>
    <imageactionurl>
    </imageactionurl>
    <imageparamfield>
    </imageparamfield>
    <manageactionurl>/PIM/ProductAttributeFamily/Edit|/PIM/ProductAttributeFamily/Delete</manageactionurl>
    <manageparamfield>pimAttributeFamilyId|pimAttributeFamilyId</manageparamfield>
    <copyactionurl>
    </copyactionurl>
    <copyparamfield>
    </copyparamfield>
    <xaxis>n</xaxis>
    <yaxis>n</yaxis>
    <isadvancesearch>n</isadvancesearch>
    <Class>
    </Class>
    <SearchControlType>--Select--</SearchControlType>
    <SearchControlParameters>
    </SearchControlParameters>
    <DbParamField>
    </DbParamField>
    <useMode>DataBase</useMode>
    <IsGraph>n</IsGraph>
    <allowdetailview>n</allowdetailview>
  </column>
</columns>', N'ZnodePimAttributeFamily', N'ZnodePimAttributeFamily', N'ZnodePimAttributeFamily', 0, NULL, NULL, NULL, NULL, 0, CAST(N'2016-03-31 12:39:04.753' AS DateTime), 2, CAST(N'2016-05-11 10:02:29.573' AS DateTime))
INSERT [dbo].[ZnodeApplicationSetting] ([ApplicationSettingId], [GroupName], [ItemName], [Setting], [ViewOptions], [FrontPageName], [FrontObjectName], [IsCompressed], [OrderByFields], [ItemNameWithoutCurrency], [CreatedByName], [ModifiedByName], [CreatedBy], [CreatedDate], [ModifiedBy], [ModifiedDate]) VALUES (212, N'Table', N'ZnodePimAttributeGroup', N'<?xml version="1.0" encoding="utf-16"?>
<columns>
  <column>
    <id>1</id>
    <name>PimAttributeGroupId</name>
    <headertext>Checkbox</headertext>
    <width>40</width>
    <datatype>String</datatype>
    <columntype>Int32</columntype>
    <allowsorting>false</allowsorting>
    <allowpaging>false</allowpaging>
    <format>
    </format>
    <isvisible>y</isvisible>
    <mustshow>n</mustshow>
    <musthide>n</musthide>
    <maxlength>0</maxlength>
    <isallowsearch>n</isallowsearch>
    <isconditional>n</isconditional>
    <isallowlink>n</isallowlink>
    <islinkactionurl>
    </islinkactionurl>
    <islinkparamfield>
    </islinkparamfield>
    <ischeckbox>y</ischeckbox>
    <checkboxparamfield>
    </checkboxparamfield>
    <iscontrol>n</iscontrol>
    <controltype>
    </controltype>
    <controlparamfield>
    </controlparamfield>
    <displaytext>
    </displaytext>
    <editactionurl>
    </editactionurl>
    <editparamfield>
    </editparamfield>
    <deleteactionurl>
    </deleteactionurl>
    <deleteparamfield>
    </deleteparamfield>
    <viewactionurl>
    </viewactionurl>
    <viewparamfield>
    </viewparamfield>
    <imageactionurl>
    </imageactionurl>
    <imageparamfield>
    </imageparamfield>
    <manageactionurl>
    </manageactionurl>
    <manageparamfield>
    </manageparamfield>
    <copyactionurl>
    </copyactionurl>
    <copyparamfield>
    </copyparamfield>
    <xaxis>n</xaxis>
    <yaxis>n</yaxis>
    <isadvancesearch>y</isadvancesearch>
    <Class>
    </Class>
    <SearchControlType>--Select--</SearchControlType>
    <SearchControlParameters>
    </SearchControlParameters>
    <DbParamField>
    </DbParamField>
    <useMode>DataBase</useMode>
    <IsGraph>n</IsGraph>
    <allowdetailview>n</allowdetailview>
  </column>
  <column>
    <id>2</id>
    <name>GroupCode</name>
    <headertext>Group Code</headertext>
    <width>40</width>
    <datatype>String</datatype>
    <columntype>String</columntype>
    <allowsorting>true</allowsorting>
    <allowpaging>false</allowpaging>
    <format>
    </format>
    <isvisible>y</isvisible>
    <mustshow>y</mustshow>
    <musthide>n</musthide>
    <maxlength>0</maxlength>
    <isallowsearch>y</isallowsearch>
    <isconditional>n</isconditional>
    <isallowlink>n</isallowlink>
    <islinkactionurl>
    </islinkactionurl>
    <islinkparamfield>
    </islinkparamfield>
    <ischeckbox>n</ischeckbox>
    <checkboxparamfield>
    </checkboxparamfield>
    <iscontrol>n</iscontrol>
    <controltype>
    </controltype>
    <controlparamfield>
    </controlparamfield>
    <displaytext>
    </displaytext>
    <editactionurl>
    </editactionurl>
    <editparamfield>
    </editparamfield>
    <deleteactionurl>
    </deleteactionurl>
    <deleteparamfield>
    </deleteparamfield>
    <viewactionurl>
    </viewactionurl>
    <viewparamfield>
    </viewparamfield>
    <imageactionurl>
    </imageactionurl>
    <imageparamfield>
    </imageparamfield>
    <manageactionurl>
    </manageactionurl>
    <manageparamfield>
    </manageparamfield>
    <copyactionurl>
    </copyactionurl>
    <copyparamfield>
    </copyparamfield>
    <xaxis>n</xaxis>
    <yaxis>n</yaxis>
    <isadvancesearch>y</isadvancesearch>
    <Class>
    </Class>
    <SearchControlType>--Select--</SearchControlType>
    <SearchControlParameters>
    </SearchControlParameters>
    <DbParamField>
    </DbParamField>
    <useMode>DataBase</useMode>
    <IsGraph>n</IsGraph>
    <allowdetailview>n</allowdetailview>
  </column>
  <column>
    <id>3</id>
    <name>IsSystemDefined</name>
    <headertext>IsSystem Defined</headertext>
    <width>40</width>
    <datatype>Boolean</datatype>
    <columntype>Boolean</columntype>
    <allowsorting>true</allowsorting>
    <allowpaging>false</allowpaging>
    <format>
    </format>
    <isvisible>y</isvisible>
    <mustshow>n</mustshow>
    <musthide>n</musthide>
    <maxlength>0</maxlength>
    <isallowsearch>y</isallowsearch>
    <isconditional>n</isconditional>
    <isallowlink>n</isallowlink>
    <islinkactionurl>
    </islinkactionurl>
    <islinkparamfield>
    </islinkparamfield>
    <ischeckbox>n</ischeckbox>
    <checkboxparamfield>
    </checkboxparamfield>
    <iscontrol>n</iscontrol>
    <controltype>
    </controltype>
    <controlparamfield>
    </controlparamfield>
    <displaytext>
    </displaytext>
    <editactionurl>
    </editactionurl>
    <editparamfield>
    </editparamfield>
    <deleteactionurl>
    </deleteactionurl>
    <deleteparamfield>
    </deleteparamfield>
    <viewactionurl>
    </viewactionurl>
    <viewparamfield>
    </viewparamfield>
    <imageactionurl>
    </imageactionurl>
    <imageparamfield>
    </imageparamfield>
    <manageactionurl>
    </manageactionurl>
    <manageparamfield>
    </manageparamfield>
    <copyactionurl>
    </copyactionurl>
    <copyparamfield>
    </copyparamfield>
    <xaxis>n</xaxis>
    <yaxis>n</yaxis>
    <isadvancesearch>n</isadvancesearch>
    <Class>
    </Class>
    <SearchControlType>--Select--</SearchControlType>
    <SearchControlParameters>
    </SearchControlParameters>
    <DbParamField>
    </DbParamField>
    <useMode>DataBase</useMode>
    <IsGraph>n</IsGraph>
    <allowdetailview>n</allowdetailview>
  </column>
  <column>
    <id>4</id>
    <name>CreatedDate</name>
    <headertext>Created Date</headertext>
    <width>0</width>
    <datatype>String</datatype>
    <columntype>DateTime</columntype>
    <allowsorting>false</allowsorting>
    <allowpaging>false</allowpaging>
    <format>
    </format>
    <isvisible>y</isvisible>
    <mustshow>n</mustshow>
    <musthide>n</musthide>
    <maxlength>0</maxlength>
    <isallowsearch>y</isallowsearch>
    <isconditional>n</isconditional>
    <isallowlink>n</isallowlink>
    <islinkactionurl>
    </islinkactionurl>
    <islinkparamfield>
    </islinkparamfield>
    <ischeckbox>n</ischeckbox>
    <checkboxparamfield>
    </checkboxparamfield>
    <iscontrol>n</iscontrol>
    <controltype>
    </controltype>
    <controlparamfield>
    </controlparamfield>
    <displaytext>
    </displaytext>
    <editactionurl>
    </editactionurl>
    <editparamfield>
    </editparamfield>
    <deleteactionurl>
    </deleteactionurl>
    <deleteparamfield>
    </deleteparamfield>
    <viewactionurl>
    </viewactionurl>
    <viewparamfield>
    </viewparamfield>
    <imageactionurl>
    </imageactionurl>
    <imageparamfield>
    </imageparamfield>
    <manageactionurl>
    </manageactionurl>
    <manageparamfield>
    </manageparamfield>
    <copyactionurl>
    </copyactionurl>
    <copyparamfield>
    </copyparamfield>
    <xaxis>n</xaxis>
    <yaxis>n</yaxis>
    <isadvancesearch>n</isadvancesearch>
    <Class>
    </Class>
    <SearchControlType>--Select--</SearchControlType>
    <SearchControlParameters>
    </SearchControlParameters>
    <DbParamField>
    </DbParamField>
    <useMode>DataBase</useMode>
    <IsGraph>n</IsGraph>
    <allowdetailview>n</allowdetailview>
  </column>
  <column>
    <id>5</id>
    <name>ModifiedDate</name>
    <headertext>Modified Date</headertext>
    <width>0</width>
    <datatype>String</datatype>
    <columntype>DateTime</columntype>
    <allowsorting>false</allowsorting>
    <allowpaging>false</allowpaging>
    <format>
    </format>
    <isvisible>y</isvisible>
    <mustshow>n</mustshow>
    <musthide>n</musthide>
    <maxlength>0</maxlength>
    <isallowsearch>y</isallowsearch>
    <isconditional>n</isconditional>
    <isallowlink>n</isallowlink>
    <islinkactionurl>
    </islinkactionurl>
    <islinkparamfield>
    </islinkparamfield>
    <ischeckbox>n</ischeckbox>
    <checkboxparamfield>
    </checkboxparamfield>
    <iscontrol>n</iscontrol>
    <controltype>
    </controltype>
    <controlparamfield>
    </controlparamfield>
    <displaytext>
    </displaytext>
    <editactionurl>
    </editactionurl>
    <editparamfield>
    </editparamfield>
    <deleteactionurl>
    </deleteactionurl>
    <deleteparamfield>
    </deleteparamfield>
    <viewactionurl>
    </viewactionurl>
    <viewparamfield>
    </viewparamfield>
    <imageactionurl>
    </imageactionurl>
    <imageparamfield>
    </imageparamfield>
    <manageactionurl>
    </manageactionurl>
    <manageparamfield>
    </manageparamfield>
    <copyactionurl>
    </copyactionurl>
    <copyparamfield>
    </copyparamfield>
    <xaxis>n</xaxis>
    <yaxis>n</yaxis>
    <isadvancesearch>n</isadvancesearch>
    <Class>
    </Class>
    <SearchControlType>--Select--</SearchControlType>
    <SearchControlParameters>
    </SearchControlParameters>
    <DbParamField>
    </DbParamField>
    <useMode>DataBase</useMode>
    <IsGraph>n</IsGraph>
    <allowdetailview>n</allowdetailview>
  </column>
  <column>
    <id>6</id>
    <name>Manage</name>
    <headertext>Action</headertext>
    <width>40</width>
    <datatype>String</datatype>
    <columntype>String</columntype>
    <allowsorting>false</allowsorting>
    <allowpaging>false</allowpaging>
    <format>Edit|Delete</format>
    <isvisible>y</isvisible>
    <mustshow>y</mustshow>
    <musthide>n</musthide>
    <maxlength>0</maxlength>
    <isallowsearch>n</isallowsearch>
    <isconditional>n</isconditional>
    <isallowlink>n</isallowlink>
    <islinkactionurl>
    </islinkactionurl>
    <islinkparamfield>
    </islinkparamfield>
    <ischeckbox>n</ischeckbox>
    <checkboxparamfield>
    </checkboxparamfield>
    <iscontrol>n</iscontrol>
    <controltype>
    </controltype>
    <controlparamfield>
    </controlparamfield>
    <displaytext>Edit|Delete</displaytext>
    <editactionurl>
    </editactionurl>
    <editparamfield>
    </editparamfield>
    <deleteactionurl>
    </deleteactionurl>
    <deleteparamfield>
    </deleteparamfield>
    <viewactionurl>
    </viewactionurl>
    <viewparamfield>
    </viewparamfield>
    <imageactionurl>
    </imageactionurl>
    <imageparamfield>
    </imageparamfield>
    <manageactionurl>/PIM/ProductAttributeGroup/Edit|/PIM/ProductAttributeGroup/Delete</manageactionurl>
    <manageparamfield>pimAttributeGroupId|pimAttributeGroupId</manageparamfield>
    <copyactionurl>
    </copyactionurl>
    <copyparamfield>
    </copyparamfield>
    <xaxis>n</xaxis>
    <yaxis>n</yaxis>
    <isadvancesearch>n</isadvancesearch>
    <Class>
    </Class>
    <SearchControlType>--Select--</SearchControlType>
    <SearchControlParameters>
    </SearchControlParameters>
    <DbParamField>
    </DbParamField>
    <useMode>DataBase</useMode>
    <IsGraph>n</IsGraph>
    <allowdetailview>n</allowdetailview>
  </column>
</columns>', N'ZnodePimAttributeGroup', N'ZnodePimAttributeGroup', N'ZnodePimAttributeGroup', 0, NULL, NULL, NULL, NULL, 2, CAST(N'2016-04-01 09:39:45.043' AS DateTime), 2, CAST(N'2016-05-12 10:04:58.703' AS DateTime))
INSERT [dbo].[ZnodeApplicationSetting] ([ApplicationSettingId], [GroupName], [ItemName], [Setting], [ViewOptions], [FrontPageName], [FrontObjectName], [IsCompressed], [OrderByFields], [ItemNameWithoutCurrency], [CreatedByName], [ModifiedByName], [CreatedBy], [CreatedDate], [ModifiedBy], [ModifiedDate]) VALUES (213, N'Table', N'ZnodePimAssignedAttributes', N'<?xml version="1.0" encoding="utf-16"?>
<columns>
  <column>
    <id>1</id>
    <name>PimAttributeId</name>
    <headertext>Checkbox</headertext>
    <width>0</width>
    <datatype>String</datatype>
    <columntype>Int32</columntype>
    <allowsorting>false</allowsorting>
    <allowpaging>false</allowpaging>
    <format>
    </format>
    <isvisible>y</isvisible>
    <mustshow>n</mustshow>
    <musthide>n</musthide>
    <maxlength>0</maxlength>
    <isallowsearch>n</isallowsearch>
    <isconditional>n</isconditional>
    <isallowlink>n</isallowlink>
    <islinkactionurl>
    </islinkactionurl>
    <islinkparamfield>
    </islinkparamfield>
    <ischeckbox>y</ischeckbox>
    <checkboxparamfield>
    </checkboxparamfield>
    <iscontrol>n</iscontrol>
    <controltype>
    </controltype>
    <controlparamfield>
    </controlparamfield>
    <displaytext>
    </displaytext>
    <editactionurl>
    </editactionurl>
    <editparamfield>
    </editparamfield>
    <deleteactionurl>
    </deleteactionurl>
    <deleteparamfield>
    </deleteparamfield>
    <viewactionurl>
    </viewactionurl>
    <viewparamfield>
    </viewparamfield>
    <imageactionurl>
    </imageactionurl>
    <imageparamfield>
    </imageparamfield>
    <manageactionurl>
    </manageactionurl>
    <manageparamfield>
    </manageparamfield>
    <copyactionurl>
    </copyactionurl>
    <copyparamfield>
    </copyparamfield>
    <xaxis>n</xaxis>
    <yaxis>n</yaxis>
    <isadvancesearch>y</isadvancesearch>
    <Class>
    </Class>
    <SearchControlType>--Select--</SearchControlType>
    <SearchControlParameters>
    </SearchControlParameters>
    <DbParamField>
    </DbParamField>
    <useMode>DataBase</useMode>
    <IsGraph>n</IsGraph>
    <allowdetailview>n</allowdetailview>
  </column>
  <column>
    <id>2</id>
    <name>PimAttributeGroupId</name>
    <headertext>PimAttributeGroupId</headertext>
    <width>0</width>
    <datatype>String</datatype>
    <columntype>String</columntype>
    <allowsorting>false</allowsorting>
    <allowpaging>false</allowpaging>
    <format>
    </format>
    <isvisible>n</isvisible>
    <mustshow>n</mustshow>
    <musthide>n</musthide>
    <maxlength>0</maxlength>
    <isallowsearch>n</isallowsearch>
    <isconditional>n</isconditional>
    <isallowlink>n</isallowlink>
    <islinkactionurl>
    </islinkactionurl>
    <islinkparamfield>
    </islinkparamfield>
    <ischeckbox>n</ischeckbox>
    <checkboxparamfield>
    </checkboxparamfield>
    <iscontrol>n</iscontrol>
    <controltype>
    </controltype>
    <controlparamfield>
    </controlparamfield>
    <displaytext>
    </displaytext>
    <editactionurl>
    </editactionurl>
    <editparamfield>
    </editparamfield>
    <deleteactionurl>
    </deleteactionurl>
    <deleteparamfield>
    </deleteparamfield>
    <viewactionurl>
    </viewactionurl>
    <viewparamfield>
    </viewparamfield>
    <imageactionurl>
    </imageactionurl>
    <imageparamfield>
    </imageparamfield>
    <manageactionurl>
    </manageactionurl>
    <manageparamfield>
    </manageparamfield>
    <copyactionurl>
    </copyactionurl>
    <copyparamfield>
    </copyparamfield>
    <xaxis>n</xaxis>
    <yaxis>n</yaxis>
    <isadvancesearch>n</isadvancesearch>
    <Class>
    </Class>
    <SearchControlType>--Select--</SearchControlType>
    <SearchControlParameters>
    </SearchControlParameters>
    <DbParamField>
    </DbParamField>
    <useMode>DataBase</useMode>
    <IsGraph>n</IsGraph>
    <allowdetailview>n</allowdetailview>
  </column>
  <column>
    <id>3</id>
    <name>AttributeType</name>
    <headertext>Attribute Type</headertext>
    <width>0</width>
    <datatype>String</datatype>
    <columntype>String</columntype>
    <allowsorting>false</allowsorting>
    <allowpaging>false</allowpaging>
    <format>
    </format>
    <isvisible>y</isvisible>
    <mustshow>n</mustshow>
    <musthide>n</musthide>
    <maxlength>0</maxlength>
    <isallowsearch>n</isallowsearch>
    <isconditional>n</isconditional>
    <isallowlink>n</isallowlink>
    <islinkactionurl>
    </islinkactionurl>
    <islinkparamfield>
    </islinkparamfield>
    <ischeckbox>n</ischeckbox>
    <checkboxparamfield>
    </checkboxparamfield>
    <iscontrol>n</iscontrol>
    <controltype>
    </controltype>
    <controlparamfield>
    </controlparamfield>
    <displaytext>
    </displaytext>
    <editactionurl>
    </editactionurl>
    <editparamfield>
    </editparamfield>
    <deleteactionurl>
    </deleteactionurl>
    <deleteparamfield>
    </deleteparamfield>
    <viewactionurl>
    </viewactionurl>
    <viewparamfield>
    </viewparamfield>
    <imageactionurl>
    </imageactionurl>
    <imageparamfield>
    </imageparamfield>
    <manageactionurl>
    </manageactionurl>
    <manageparamfield>
    </manageparamfield>
    <copyactionurl>
    </copyactionurl>
    <copyparamfield>
    </copyparamfield>
    <xaxis>n</xaxis>
    <yaxis>n</yaxis>
    <isadvancesearch>y</isadvancesearch>
    <Class>
    </Class>
    <SearchControlType>--Select--</SearchControlType>
    <SearchControlParameters>
    </SearchControlParameters>
    <DbParamField>
    </DbParamField>
    <useMode>DataBase</useMode>
    <IsGraph>n</IsGraph>
    <allowdetailview>n</allowdetailview>
  </column>
  <column>
    <id>4</id>
    <name>AttributeCode</name>
    <headertext>Attribute Code</headertext>
    <width>0</width>
    <datatype>String</datatype>
    <columntype>String</columntype>
    <allowsorting>false</allowsorting>
    <allowpaging>false</allowpaging>
    <format>
    </format>
    <isvisible>y</isvisible>
    <mustshow>n</mustshow>
    <musthide>n</musthide>
    <maxlength>0</maxlength>
    <isallowsearch>y</isallowsearch>
    <isconditional>n</isconditional>
    <isallowlink>n</isallowlink>
    <islinkactionurl>
    </islinkactionurl>
    <islinkparamfield>
    </islinkparamfield>
    <ischeckbox>n</ischeckbox>
    <checkboxparamfield>
    </checkboxparamfield>
    <iscontrol>n</iscontrol>
    <controltype>
    </controltype>
    <controlparamfield>
    </controlparamfield>
    <displaytext>
    </displaytext>
    <editactionurl>
    </editactionurl>
    <editparamfield>
    </editparamfield>
    <deleteactionurl>
    </deleteactionurl>
    <deleteparamfield>
    </deleteparamfield>
    <viewactionurl>
    </viewactionurl>
    <viewparamfield>
    </viewparamfield>
    <imageactionurl>
    </imageactionurl>
    <imageparamfield>
    </imageparamfield>
    <manageactionurl>
    </manageactionurl>
    <manageparamfield>
    </manageparamfield>
    <copyactionurl>
    </copyactionurl>
    <copyparamfield>
    </copyparamfield>
    <xaxis>n</xaxis>
    <yaxis>n</yaxis>
    <isadvancesearch>y</isadvancesearch>
    <Class>
    </Class>
    <SearchControlType>--Select--</SearchControlType>
    <SearchControlParameters>
    </SearchControlParameters>
    <DbParamField>
    </DbParamField>
    <useMode>DataBase</useMode>
    <IsGraph>n</IsGraph>
    <allowdetailview>n</allowdetailview>
  </column>
  <column>
    <id>5</id>
    <name>IsRequired</name>
    <headertext>Is Required</headertext>
    <width>0</width>
    <datatype>Boolean</datatype>
    <columntype>Boolean</columntype>
    <allowsorting>false</allowsorting>
    <allowpaging>false</allowpaging>
    <format>
    </format>
    <isvisible>y</isvisible>
    <mustshow>n</mustshow>
    <musthide>n</musthide>
    <maxlength>0</maxlength>
    <isallowsearch>n</isallowsearch>
    <isconditional>n</isconditional>
    <isallowlink>n</isallowlink>
    <islinkactionurl>
    </islinkactionurl>
    <islinkparamfield>
    </islinkparamfield>
    <ischeckbox>n</ischeckbox>
    <checkboxparamfield>
    </checkboxparamfield>
    <iscontrol>n</iscontrol>
    <controltype>
    </controltype>
    <controlparamfield>
    </controlparamfield>
    <displaytext>
    </displaytext>
    <editactionurl>
    </editactionurl>
    <editparamfield>
    </editparamfield>
    <deleteactionurl>
    </deleteactionurl>
    <deleteparamfield>
    </deleteparamfield>
    <viewactionurl>
    </viewactionurl>
    <viewparamfield>
    </viewparamfield>
    <imageactionurl>
    </imageactionurl>
    <imageparamfield>
    </imageparamfield>
    <manageactionurl>
    </manageactionurl>
    <manageparamfield>
    </manageparamfield>
    <copyactionurl>
    </copyactionurl>
    <copyparamfield>
    </copyparamfield>
    <xaxis>n</xaxis>
    <yaxis>n</yaxis>
    <isadvancesearch>y</isadvancesearch>
    <Class>
    </Class>
    <SearchControlType>--Select--</SearchControlType>
    <SearchControlParameters>
    </SearchControlParameters>
    <DbParamField>
    </DbParamField>
    <useMode>DataBase</useMode>
    <IsGraph>n</IsGraph>
    <allowdetailview>n</allowdetailview>
  </column>
  <column>
    <id>6</id>
    <name>IsSystemDefined</name>
    <headertext>Is System Defined</headertext>
    <width>0</width>
    <datatype>Boolean</datatype>
    <columntype>String</columntype>
    <allowsorting>false</allowsorting>
    <allowpaging>false</allowpaging>
    <format>
    </format>
    <isvisible>y</isvisible>
    <mustshow>n</mustshow>
    <musthide>n</musthide>
    <maxlength>0</maxlength>
    <isallowsearch>n</isallowsearch>
    <isconditional>n</isconditional>
    <isallowlink>n</isallowlink>
    <islinkactionurl>
    </islinkactionurl>
    <islinkparamfield>
    </islinkparamfield>
    <ischeckbox>n</ischeckbox>
    <checkboxparamfield>
    </checkboxparamfield>
    <iscontrol>n</iscontrol>
    <controltype>
    </controltype>
    <controlparamfield>
    </controlparamfield>
    <displaytext>
    </displaytext>
    <editactionurl>
    </editactionurl>
    <editparamfield>
    </editparamfield>
    <deleteactionurl>
    </deleteactionurl>
    <deleteparamfield>
    </deleteparamfield>
    <viewactionurl>
    </viewactionurl>
    <viewparamfield>
    </viewparamfield>
    <imageactionurl>
    </imageactionurl>
    <imageparamfield>
    </imageparamfield>
    <manageactionurl>
    </manageactionurl>
    <manageparamfield>
    </manageparamfield>
    <copyactionurl>
    </copyactionurl>
    <copyparamfield>
    </copyparamfield>
    <xaxis>n</xaxis>
    <yaxis>n</yaxis>
    <isadvancesearch>y</isadvancesearch>
    <Class>
    </Class>
    <SearchControlType>--Select--</SearchControlType>
    <SearchControlParameters>
    </SearchControlParameters>
    <DbParamField>
    </DbParamField>
    <useMode>DataBase</useMode>
    <IsGraph>n</IsGraph>
    <allowdetailview>n</allowdetailview>
  </column>
  <column>
    <id>7</id>
    <name>IsLocalizable</name>
    <headertext>Is Localizable</headertext>
    <width>0</width>
    <datatype>Boolean</datatype>
    <columntype>String</columntype>
    <allowsorting>false</allowsorting>
    <allowpaging>false</allowpaging>
    <format>
    </format>
    <isvisible>y</isvisible>
    <mustshow>n</mustshow>
    <musthide>n</musthide>
    <maxlength>0</maxlength>
    <isallowsearch>n</isallowsearch>
    <isconditional>n</isconditional>
    <isallowlink>n</isallowlink>
    <islinkactionurl>
    </islinkactionurl>
    <islinkparamfield>
    </islinkparamfield>
    <ischeckbox>n</ischeckbox>
    <checkboxparamfield>
    </checkboxparamfield>
    <iscontrol>n</iscontrol>
    <controltype>
    </controltype>
    <controlparamfield>
    </controlparamfield>
    <displaytext>
    </displaytext>
    <editactionurl>
    </editactionurl>
    <editparamfield>
    </editparamfield>
    <deleteactionurl>
    </deleteactionurl>
    <deleteparamfield>
    </deleteparamfield>
    <viewactionurl>
    </viewactionurl>
    <viewparamfield>
    </viewparamfield>
    <imageactionurl>
    </imageactionurl>
    <imageparamfield>
    </imageparamfield>
    <manageactionurl>
    </manageactionurl>
    <manageparamfield>
    </manageparamfield>
    <copyactionurl>
    </copyactionurl>
    <copyparamfield>
    </copyparamfield>
    <xaxis>n</xaxis>
    <yaxis>n</yaxis>
    <isadvancesearch>y</isadvancesearch>
    <Class>
    </Class>
    <SearchControlType>--Select--</SearchControlType>
    <SearchControlParameters>
    </SearchControlParameters>
    <DbParamField>
    </DbParamField>
    <useMode>DataBase</useMode>
    <IsGraph>n</IsGraph>
    <allowdetailview>n</allowdetailview>
  </column>
  <column>
    <id>8</id>
    <name>Manage</name>
    <headertext>Action</headertext>
    <width>0</width>
    <datatype>String</datatype>
    <columntype>String</columntype>
    <allowsorting>false</allowsorting>
    <allowpaging>false</allowpaging>
    <format>Delete</format>
    <isvisible>y</isvisible>
    <mustshow>n</mustshow>
    <musthide>n</musthide>
    <maxlength>0</maxlength>
    <isallowsearch>n</isallowsearch>
    <isconditional>n</isconditional>
    <isallowlink>n</isallowlink>
    <islinkactionurl>
    </islinkactionurl>
    <islinkparamfield>
    </islinkparamfield>
    <ischeckbox>n</ischeckbox>
    <checkboxparamfield>
    </checkboxparamfield>
    <iscontrol>n</iscontrol>
    <controltype>
    </controltype>
    <controlparamfield>
    </controlparamfield>
    <displaytext>Delete</displaytext>
    <editactionurl>
    </editactionurl>
    <editparamfield>
    </editparamfield>
    <deleteactionurl>
    </deleteactionurl>
    <deleteparamfield>
    </deleteparamfield>
    <viewactionurl>
    </viewactionurl>
    <viewparamfield>
    </viewparamfield>
    <imageactionurl>
    </imageactionurl>
    <imageparamfield>
    </imageparamfield>
    <manageactionurl>/PIM/ProductAttributeGroup/RemoveAssociatedAttribute</manageactionurl>
    <manageparamfield>PimAttributeId,PimAttributeGroupId,IsSystemDefined</manageparamfield>
    <copyactionurl>
    </copyactionurl>
    <copyparamfield>
    </copyparamfield>
    <xaxis>n</xaxis>
    <yaxis>n</yaxis>
    <isadvancesearch>y</isadvancesearch>
    <Class>grid-action</Class>
    <SearchControlType>--Select--</SearchControlType>
    <SearchControlParameters>
    </SearchControlParameters>
    <DbParamField>
    </DbParamField>
    <useMode>DataBase</useMode>
    <IsGraph>n</IsGraph>
    <allowdetailview>n</allowdetailview>
  </column>
</columns>', N'PimGroupAttribute', N'PimGroupAttribute', N'PimGroupAttribute', 0, NULL, NULL, NULL, NULL, 2, CAST(N'2016-04-04 12:44:48.450' AS DateTime), 2, CAST(N'2016-05-10 09:44:02.197' AS DateTime))
INSERT [dbo].[ZnodeApplicationSetting] ([ApplicationSettingId], [GroupName], [ItemName], [Setting], [ViewOptions], [FrontPageName], [FrontObjectName], [IsCompressed], [OrderByFields], [ItemNameWithoutCurrency], [CreatedByName], [ModifiedByName], [CreatedBy], [CreatedDate], [ModifiedBy], [ModifiedDate]) VALUES (214, N'View', N'View_ManageProductList', N'<?xml version="1.0" encoding="utf-16"?>
<columns>
  <column>
    <id>1</id>
    <name>Productid</name>
    <headertext>ID</headertext>
    <width>40</width>
    <datatype>Int32</datatype>
    <columntype>Int32</columntype>
    <allowsorting>false</allowsorting>
    <allowpaging>true</allowpaging>
    <format>
    </format>
    <isvisible>y</isvisible>
    <mustshow>n</mustshow>
    <musthide>n</musthide>
    <maxlength>0</maxlength>
    <isallowsearch>n</isallowsearch>
    <isconditional>n</isconditional>
    <isallowlink>n</isallowlink>
    <islinkactionurl>
    </islinkactionurl>
    <islinkparamfield>
    </islinkparamfield>
    <ischeckbox>y</ischeckbox>
    <checkboxparamfield>ProductId</checkboxparamfield>
    <iscontrol>n</iscontrol>
    <controltype>
    </controltype>
    <controlparamfield>
    </controlparamfield>
    <displaytext>
    </displaytext>
    <editactionurl>
    </editactionurl>
    <editparamfield>
    </editparamfield>
    <deleteactionurl>
    </deleteactionurl>
    <deleteparamfield>
    </deleteparamfield>
    <viewactionurl>
    </viewactionurl>
    <viewparamfield>
    </viewparamfield>
    <imageactionurl>
    </imageactionurl>
    <imageparamfield>
    </imageparamfield>
    <manageactionurl>
    </manageactionurl>
    <manageparamfield>
    </manageparamfield>
    <copyactionurl>
    </copyactionurl>
    <copyparamfield>
    </copyparamfield>
    <xaxis>n</xaxis>
    <yaxis>n</yaxis>
    <isadvancesearch>y</isadvancesearch>
    <Class>
    </Class>
    <SearchControlType>--Select--</SearchControlType>
    <SearchControlParameters>
    </SearchControlParameters>
    <DbParamField>
    </DbParamField>
    <useMode>DataBase</useMode>
    <IsGraph>n</IsGraph>
    <allowdetailview>n</allowdetailview>
  </column>
  <column>
    <id>2</id>
    <name>ProductName</name>
    <headertext>Product Name</headertext>
    <width>60</width>
    <datatype>String</datatype>
    <columntype>String</columntype>
    <allowsorting>true</allowsorting>
    <allowpaging>true</allowpaging>
    <format>
    </format>
    <isvisible>y</isvisible>
    <mustshow>n</mustshow>
    <musthide>n</musthide>
    <maxlength>0</maxlength>
    <isallowsearch>y</isallowsearch>
    <isconditional>n</isconditional>
    <isallowlink>n</isallowlink>
    <islinkactionurl>
    </islinkactionurl>
    <islinkparamfield>
    </islinkparamfield>
    <ischeckbox>n</ischeckbox>
    <checkboxparamfield>
    </checkboxparamfield>
    <iscontrol>n</iscontrol>
    <controltype>
    </controltype>
    <controlparamfield>
    </controlparamfield>
    <displaytext>
    </displaytext>
    <editactionurl>
    </editactionurl>
    <editparamfield>
    </editparamfield>
    <deleteactionurl>
    </deleteactionurl>
    <deleteparamfield>
    </deleteparamfield>
    <viewactionurl>
    </viewactionurl>
    <viewparamfield>
    </viewparamfield>
    <imageactionurl>
    </imageactionurl>
    <imageparamfield>
    </imageparamfield>
    <manageactionurl>
    </manageactionurl>
    <manageparamfield>
    </manageparamfield>
    <copyactionurl>
    </copyactionurl>
    <copyparamfield>
    </copyparamfield>
    <xaxis>n</xaxis>
    <yaxis>n</yaxis>
    <isadvancesearch>y</isadvancesearch>
    <Class>
    </Class>
    <SearchControlType>--Select--</SearchControlType>
    <SearchControlParameters>
    </SearchControlParameters>
    <DbParamField>
    </DbParamField>
    <useMode>DataBase</useMode>
    <IsGraph>n</IsGraph>
    <allowdetailview>n</allowdetailview>
  </column>
  <column>
    <id>3</id>
    <name>ProductType</name>
    <headertext>Product Type</headertext>
    <width>30</width>
    <datatype>String</datatype>
    <columntype>String</columntype>
    <allowsorting>true</allowsorting>
    <allowpaging>true</allowpaging>
    <format>
    </format>
    <isvisible>y</isvisible>
    <mustshow>n</mustshow>
    <musthide>n</musthide>
    <maxlength>0</maxlength>
    <isallowsearch>n</isallowsearch>
    <isconditional>n</isconditional>
    <isallowlink>n</isallowlink>
    <islinkactionurl>
    </islinkactionurl>
    <islinkparamfield>
    </islinkparamfield>
    <ischeckbox>n</ischeckbox>
    <checkboxparamfield>
    </checkboxparamfield>
    <iscontrol>n</iscontrol>
    <controltype>
    </controltype>
    <controlparamfield>
    </controlparamfield>
    <displaytext>
    </displaytext>
    <editactionurl>
    </editactionurl>
    <editparamfield>
    </editparamfield>
    <deleteactionurl>
    </deleteactionurl>
    <deleteparamfield>
    </deleteparamfield>
    <viewactionurl>
    </viewactionurl>
    <viewparamfield>
    </viewparamfield>
    <imageactionurl>
    </imageactionurl>
    <imageparamfield>
    </imageparamfield>
    <manageactionurl>
    </manageactionurl>
    <manageparamfield>
    </manageparamfield>
    <copyactionurl>
    </copyactionurl>
    <copyparamfield>
    </copyparamfield>
    <xaxis>n</xaxis>
    <yaxis>n</yaxis>
    <isadvancesearch>y</isadvancesearch>
    <Class>
    </Class>
    <SearchControlType>--Select--</SearchControlType>
    <SearchControlParameters>
    </SearchControlParameters>
    <DbParamField>
    </DbParamField>
    <useMode>DataBase</useMode>
    <IsGraph>n</IsGraph>
    <allowdetailview>n</allowdetailview>
  </column>
  <column>
    <id>4</id>
    <name>AttributeFamily</name>
    <headertext>Attribute Family</headertext>
    <width>30</width>
    <datatype>String</datatype>
    <columntype>String</columntype>
    <allowsorting>true</allowsorting>
    <allowpaging>true</allowpaging>
    <format>
    </format>
    <isvisible>y</isvisible>
    <mustshow>n</mustshow>
    <musthide>n</musthide>
    <maxlength>0</maxlength>
    <isallowsearch>n</isallowsearch>
    <isconditional>n</isconditional>
    <isallowlink>n</isallowlink>
    <islinkactionurl>
    </islinkactionurl>
    <islinkparamfield>
    </islinkparamfield>
    <ischeckbox>n</ischeckbox>
    <checkboxparamfield>
    </checkboxparamfield>
    <iscontrol>n</iscontrol>
    <controltype>
    </controltype>
    <controlparamfield>
    </controlparamfield>
    <displaytext>
    </displaytext>
    <editactionurl>
    </editactionurl>
    <editparamfield>
    </editparamfield>
    <deleteactionurl>
    </deleteactionurl>
    <deleteparamfield>
    </deleteparamfield>
    <viewactionurl>
    </viewactionurl>
    <viewparamfield>
    </viewparamfield>
    <imageactionurl>
    </imageactionurl>
    <imageparamfield>
    </imageparamfield>
    <manageactionurl>
    </manageactionurl>
    <manageparamfield>
    </manageparamfield>
    <copyactionurl>
    </copyactionurl>
    <copyparamfield>
    </copyparamfield>
    <xaxis>n</xaxis>
    <yaxis>n</yaxis>
    <isadvancesearch>y</isadvancesearch>
    <Class>
    </Class>
    <SearchControlType>--Select--</SearchControlType>
    <SearchControlParameters>
    </SearchControlParameters>
    <DbParamField>
    </DbParamField>
    <useMode>DataBase</useMode>
    <IsGraph>n</IsGraph>
    <allowdetailview>n</allowdetailview>
  </column>
  <column>
    <id>5</id>
    <name>SKU</name>
    <headertext>SKU</headertext>
    <width>30</width>
    <datatype>String</datatype>
    <columntype>String</columntype>
    <allowsorting>true</allowsorting>
    <allowpaging>true</allowpaging>
    <format>
    </format>
    <isvisible>y</isvisible>
    <mustshow>n</mustshow>
    <musthide>n</musthide>
    <maxlength>0</maxlength>
    <isallowsearch>n</isallowsearch>
    <isconditional>n</isconditional>
    <isallowlink>n</isallowlink>
    <islinkactionurl>
    </islinkactionurl>
    <islinkparamfield>
    </islinkparamfield>
    <ischeckbox>n</ischeckbox>
    <checkboxparamfield>
    </checkboxparamfield>
    <iscontrol>n</iscontrol>
    <controltype>
    </controltype>
    <controlparamfield>
    </controlparamfield>
    <displaytext>SKU</displaytext>
    <editactionurl>
    </editactionurl>
    <editparamfield>
    </editparamfield>
    <deleteactionurl>
    </deleteactionurl>
    <deleteparamfield>
    </deleteparamfield>
    <viewactionurl>
    </viewactionurl>
    <viewparamfield>
    </viewparamfield>
    <imageactionurl>
    </imageactionurl>
    <imageparamfield>
    </imageparamfield>
    <manageactionurl>
    </manageactionurl>
    <manageparamfield>
    </manageparamfield>
    <copyactionurl>
    </copyactionurl>
    <copyparamfield>
    </copyparamfield>
    <xaxis>n</xaxis>
    <yaxis>n</yaxis>
    <isadvancesearch>y</isadvancesearch>
    <Class>
    </Class>
    <SearchControlType>--Select--</SearchControlType>
    <SearchControlParameters>
    </SearchControlParameters>
    <DbParamField>
    </DbParamField>
    <useMode>DataBase</useMode>
    <IsGraph>n</IsGraph>
    <allowdetailview>n</allowdetailview>
  </column>
  <column>
    <id>6</id>
    <name>Price</name>
    <headertext>Price</headertext>
    <width>30</width>
    <datatype>String</datatype>
    <columntype>String</columntype>
    <allowsorting>true</allowsorting>
    <allowpaging>true</allowpaging>
    <format>
    </format>
    <isvisible>y</isvisible>
    <mustshow>n</mustshow>
    <musthide>n</musthide>
    <maxlength>0</maxlength>
    <isallowsearch>n</isallowsearch>
    <isconditional>n</isconditional>
    <isallowlink>n</isallowlink>
    <islinkactionurl>
    </islinkactionurl>
    <islinkparamfield>
    </islinkparamfield>
    <ischeckbox>n</ischeckbox>
    <checkboxparamfield>
    </checkboxparamfield>
    <iscontrol>n</iscontrol>
    <controltype>
    </controltype>
    <controlparamfield>
    </controlparamfield>
    <displaytext>
    </displaytext>
    <editactionurl>
    </editactionurl>
    <editparamfield>
    </editparamfield>
    <deleteactionurl>
    </deleteactionurl>
    <deleteparamfield>
    </deleteparamfield>
    <viewactionurl>
    </viewactionurl>
    <viewparamfield>
    </viewparamfield>
    <imageactionurl>
    </imageactionurl>
    <imageparamfield>
    </imageparamfield>
    <manageactionurl>
    </manageactionurl>
    <manageparamfield>
    </manageparamfield>
    <copyactionurl>
    </copyactionurl>
    <copyparamfield>
    </copyparamfield>
    <xaxis>n</xaxis>
    <yaxis>n</yaxis>
    <isadvancesearch>y</isadvancesearch>
    <Class>
    </Class>
    <SearchControlType>--Select--</SearchControlType>
    <SearchControlParameters>
    </SearchControlParameters>
    <DbParamField>
    </DbParamField>
    <useMode>DataBase</useMode>
    <IsGraph>n</IsGraph>
    <allowdetailview>n</allowdetailview>
  </column>
  <column>
    <id>7</id>
    <name>Qty</name>
    <headertext>Qty</headertext>
    <width>30</width>
    <datatype>String</datatype>
    <columntype>String</columntype>
    <allowsorting>true</allowsorting>
    <allowpaging>true</allowpaging>
    <format>
    </format>
    <isvisible>y</isvisible>
    <mustshow>n</mustshow>
    <musthide>n</musthide>
    <maxlength>0</maxlength>
    <isallowsearch>n</isallowsearch>
    <isconditional>n</isconditional>
    <isallowlink>n</isallowlink>
    <islinkactionurl>
    </islinkactionurl>
    <islinkparamfield>
    </islinkparamfield>
    <ischeckbox>n</ischeckbox>
    <checkboxparamfield>
    </checkboxparamfield>
    <iscontrol>n</iscontrol>
    <controltype>
    </controltype>
    <controlparamfield>
    </controlparamfield>
    <displaytext>
    </displaytext>
    <editactionurl>
    </editactionurl>
    <editparamfield>
    </editparamfield>
    <deleteactionurl>
    </deleteactionurl>
    <deleteparamfield>
    </deleteparamfield>
    <viewactionurl>
    </viewactionurl>
    <viewparamfield>
    </viewparamfield>
    <imageactionurl>
    </imageactionurl>
    <imageparamfield>
    </imageparamfield>
    <manageactionurl>
    </manageactionurl>
    <manageparamfield>
    </manageparamfield>
    <copyactionurl>
    </copyactionurl>
    <copyparamfield>
    </copyparamfield>
    <xaxis>n</xaxis>
    <yaxis>n</yaxis>
    <isadvancesearch>y</isadvancesearch>
    <Class>
    </Class>
    <SearchControlType>--Select--</SearchControlType>
    <SearchControlParameters>
    </SearchControlParameters>
    <DbParamField>
    </DbParamField>
    <useMode>DataBase</useMode>
    <IsGraph>n</IsGraph>
    <allowdetailview>n</allowdetailview>
  </column>
  <column>
    <id>8</id>
    <name>Status</name>
    <headertext>Status</headertext>
    <width>30</width>
    <datatype>String</datatype>
    <columntype>String</columntype>
    <allowsorting>true</allowsorting>
    <allowpaging>true</allowpaging>
    <format>
    </format>
    <isvisible>y</isvisible>
    <mustshow>n</mustshow>
    <musthide>n</musthide>
    <maxlength>0</maxlength>
    <isallowsearch>n</isallowsearch>
    <isconditional>n</isconditional>
    <isallowlink>n</isallowlink>
    <islinkactionurl>
    </islinkactionurl>
    <islinkparamfield>
    </islinkparamfield>
    <ischeckbox>n</ischeckbox>
    <checkboxparamfield>
    </checkboxparamfield>
    <iscontrol>n</iscontrol>
    <controltype>
    </controltype>
    <controlparamfield>
    </controlparamfield>
    <displaytext>Status</displaytext>
    <editactionurl>
    </editactionurl>
    <editparamfield>
    </editparamfield>
    <deleteactionurl>
    </deleteactionurl>
    <deleteparamfield>
    </deleteparamfield>
    <viewactionurl>
    </viewactionurl>
    <viewparamfield>
    </viewparamfield>
    <imageactionurl>
    </imageactionurl>
    <imageparamfield>
    </imageparamfield>
    <manageactionurl>
    </manageactionurl>
    <manageparamfield>
    </manageparamfield>
    <copyactionurl>
    </copyactionurl>
    <copyparamfield>
    </copyparamfield>
    <xaxis>n</xaxis>
    <yaxis>n</yaxis>
    <isadvancesearch>y</isadvancesearch>
    <Class>
    </Class>
    <SearchControlType>--Select--</SearchControlType>
    <SearchControlParameters>
    </SearchControlParameters>
    <DbParamField>
    </DbParamField>
    <useMode>DataBase</useMode>
    <IsGraph>n</IsGraph>
    <allowdetailview>n</allowdetailview>
  </column>
  <column>
    <id>9</id>
    <name>Manage</name>
    <headertext>Action</headertext>
    <width>30</width>
    <datatype>String</datatype>
    <columntype>String</columntype>
    <allowsorting>false</allowsorting>
    <allowpaging>true</allowpaging>
    <format>Edit|Delete</format>
    <isvisible>y</isvisible>
    <mustshow>n</mustshow>
    <musthide>n</musthide>
    <maxlength>0</maxlength>
    <isallowsearch>n</isallowsearch>
    <isconditional>n</isconditional>
    <isallowlink>n</isallowlink>
    <islinkactionurl>
    </islinkactionurl>
    <islinkparamfield>
    </islinkparamfield>
    <ischeckbox>n</ischeckbox>
    <checkboxparamfield>
    </checkboxparamfield>
    <iscontrol>n</iscontrol>
    <controltype>
    </controltype>
    <controlparamfield>
    </controlparamfield>
    <displaytext>Edit|Delete</displaytext>
    <editactionurl>
    </editactionurl>
    <editparamfield>
    </editparamfield>
    <deleteactionurl>
    </deleteactionurl>
    <deleteparamfield>
    </deleteparamfield>
    <viewactionurl>
    </viewactionurl>
    <viewparamfield>
    </viewparamfield>
    <imageactionurl>
    </imageactionurl>
    <imageparamfield>
    </imageparamfield>
    <manageactionurl>/PIM/Products/Edit|/PIM/Products/Delete</manageactionurl>
    <manageparamfield>ProductId|ProductId</manageparamfield>
    <copyactionurl>
    </copyactionurl>
    <copyparamfield>
    </copyparamfield>
    <xaxis>n</xaxis>
    <yaxis>n</yaxis>
    <isadvancesearch>y</isadvancesearch>
    <Class>
    </Class>
    <SearchControlType>--Select--</SearchControlType>
    <SearchControlParameters>
    </SearchControlParameters>
    <DbParamField>
    </DbParamField>
    <useMode>DataBase</useMode>
    <IsGraph>n</IsGraph>
    <allowdetailview>n</allowdetailview>
  </column>
</columns>', N'View_ManageProductList', N'View_ManageProductList', N'View_ManageProductList', 0, NULL, NULL, NULL, NULL, 2, CAST(N'2016-04-14 06:53:23.180' AS DateTime), 2, CAST(N'2016-05-12 09:24:22.060' AS DateTime))
INSERT [dbo].[ZnodeApplicationSetting] ([ApplicationSettingId], [GroupName], [ItemName], [Setting], [ViewOptions], [FrontPageName], [FrontObjectName], [IsCompressed], [OrderByFields], [ItemNameWithoutCurrency], [CreatedByName], [ModifiedByName], [CreatedBy], [CreatedDate], [ModifiedBy], [ModifiedDate]) VALUES (215, N'Table', N'TestZnodeTaxRule', N'<?xml version="1.0" encoding="utf-16"?>
<columns>
  <column>
    <id>1</id>
    <name>TaxRuleId</name>
    <headertext>TaxRuleId</headertext>
    <width>0</width>
    <datatype>String</datatype>
    <columntype>String</columntype>
    <allowsorting>false</allowsorting>
    <allowpaging>true</allowpaging>
    <format>
    </format>
    <isvisible>y</isvisible>
    <mustshow>n</mustshow>
    <musthide>n</musthide>
    <maxlength>0</maxlength>
    <isallowsearch>n</isallowsearch>
    <isconditional>n</isconditional>
    <isallowlink>n</isallowlink>
    <islinkactionurl>
    </islinkactionurl>
    <islinkparamfield>
    </islinkparamfield>
    <ischeckbox>n</ischeckbox>
    <checkboxparamfield>
    </checkboxparamfield>
    <iscontrol>n</iscontrol>
    <controltype>
    </controltype>
    <controlparamfield>
    </controlparamfield>
    <displaytext>
    </displaytext>
    <editactionurl>
    </editactionurl>
    <editparamfield>
    </editparamfield>
    <deleteactionurl>
    </deleteactionurl>
    <deleteparamfield>
    </deleteparamfield>
    <viewactionurl>
    </viewactionurl>
    <viewparamfield>
    </viewparamfield>
    <imageactionurl>
    </imageactionurl>
    <imageparamfield>
    </imageparamfield>
    <manageactionurl>
    </manageactionurl>
    <manageparamfield>
    </manageparamfield>
    <copyactionurl>
    </copyactionurl>
    <copyparamfield>
    </copyparamfield>
    <xaxis>n</xaxis>
    <yaxis>n</yaxis>
    <isadvancesearch>y</isadvancesearch>
    <Class>
    </Class>
    <SearchControlType>--Select--</SearchControlType>
    <SearchControlParameters>
    </SearchControlParameters>
    <DbParamField>
    </DbParamField>
    <useMode>DataBase</useMode>
    <IsGraph>n</IsGraph>
    <allowdetailview>n</allowdetailview>
  </column>
  <column>
    <id>2</id>
    <name>TaxRuleTypeId</name>
    <headertext>TaxRuleTypeId</headertext>
    <width>0</width>
    <datatype>String</datatype>
    <columntype>String</columntype>
    <allowsorting>true</allowsorting>
    <allowpaging>true</allowpaging>
    <format>
    </format>
    <isvisible>y</isvisible>
    <mustshow>n</mustshow>
    <musthide>n</musthide>
    <maxlength>0</maxlength>
    <isallowsearch>n</isallowsearch>
    <isconditional>n</isconditional>
    <isallowlink>n</isallowlink>
    <islinkactionurl>
    </islinkactionurl>
    <islinkparamfield>
    </islinkparamfield>
    <ischeckbox>n</ischeckbox>
    <checkboxparamfield>
    </checkboxparamfield>
    <iscontrol>n</iscontrol>
    <controltype>
    </controltype>
    <controlparamfield>
    </controlparamfield>
    <displaytext>
    </displaytext>
    <editactionurl>
    </editactionurl>
    <editparamfield>
    </editparamfield>
    <deleteactionurl>
    </deleteactionurl>
    <deleteparamfield>
    </deleteparamfield>
    <viewactionurl>
    </viewactionurl>
    <viewparamfield>
    </viewparamfield>
    <imageactionurl>
    </imageactionurl>
    <imageparamfield>
    </imageparamfield>
    <manageactionurl>
    </manageactionurl>
    <manageparamfield>
    </manageparamfield>
    <copyactionurl>
    </copyactionurl>
    <copyparamfield>
    </copyparamfield>
    <xaxis>n</xaxis>
    <yaxis>n</yaxis>
    <isadvancesearch>y</isadvancesearch>
    <Class>
    </Class>
    <SearchControlType>--Select--</SearchControlType>
    <SearchControlParameters>
    </SearchControlParameters>
    <DbParamField>
    </DbParamField>
    <useMode>DataBase</useMode>
    <IsGraph>n</IsGraph>
    <allowdetailview>n</allowdetailview>
  </column>
  <column>
    <id>3</id>
    <name>PortalId</name>
    <headertext>PortalId</headertext>
    <width>0</width>
    <datatype>String</datatype>
    <columntype>String</columntype>
    <allowsorting>false</allowsorting>
    <allowpaging>false</allowpaging>
    <format>
    </format>
    <isvisible>y</isvisible>
    <mustshow>n</mustshow>
    <musthide>n</musthide>
    <maxlength>0</maxlength>
    <isallowsearch>n</isallowsearch>
    <isconditional>n</isconditional>
    <isallowlink>n</isallowlink>
    <islinkactionurl>
    </islinkactionurl>
    <islinkparamfield>
    </islinkparamfield>
    <ischeckbox>n</ischeckbox>
    <checkboxparamfield>
    </checkboxparamfield>
    <iscontrol>n</iscontrol>
    <controltype>
    </controltype>
    <controlparamfield>
    </controlparamfield>
    <displaytext>
    </displaytext>
    <editactionurl>
    </editactionurl>
    <editparamfield>
    </editparamfield>
    <deleteactionurl>
    </deleteactionurl>
    <deleteparamfield>
    </deleteparamfield>
    <viewactionurl>
    </viewactionurl>
    <viewparamfield>
    </viewparamfield>
    <imageactionurl>
    </imageactionurl>
    <imageparamfield>
    </imageparamfield>
    <manageactionurl>
    </manageactionurl>
    <manageparamfield>
    </manageparamfield>
    <copyactionurl>
    </copyactionurl>
    <copyparamfield>
    </copyparamfield>
    <xaxis>n</xaxis>
    <yaxis>n</yaxis>
    <isadvancesearch>y</isadvancesearch>
    <Class>
    </Class>
    <SearchControlType>--Select--</SearchControlType>
    <SearchControlParameters>
    </SearchControlParameters>
    <DbParamField>
    </DbParamField>
    <useMode>DataBase</useMode>
    <IsGraph>n</IsGraph>
    <allowdetailview>n</allowdetailview>
  </column>
  <column>
    <id>4</id>
    <name>TaxClassId</name>
    <headertext>TaxClassId</headertext>
    <width>0</width>
    <datatype>String</datatype>
    <columntype>String</columntype>
    <allowsorting>false</allowsorting>
    <allowpaging>false</allowpaging>
    <format>
    </format>
    <isvisible>y</isvisible>
    <mustshow>n</mustshow>
    <musthide>n</musthide>
    <maxlength>0</maxlength>
    <isallowsearch>n</isallowsearch>
    <isconditional>n</isconditional>
    <isallowlink>n</isallowlink>
    <islinkactionurl>
    </islinkactionurl>
    <islinkparamfield>
    </islinkparamfield>
    <ischeckbox>n</ischeckbox>
    <checkboxparamfield>
    </checkboxparamfield>
    <iscontrol>n</iscontrol>
    <controltype>
    </controltype>
    <controlparamfield>
    </controlparamfield>
    <displaytext>
    </displaytext>
    <editactionurl>
    </editactionurl>
    <editparamfield>
    </editparamfield>
    <deleteactionurl>
    </deleteactionurl>
    <deleteparamfield>
    </deleteparamfield>
    <viewactionurl>
    </viewactionurl>
    <viewparamfield>
    </viewparamfield>
    <imageactionurl>
    </imageactionurl>
    <imageparamfield>
    </imageparamfield>
    <manageactionurl>
    </manageactionurl>
    <manageparamfield>
    </manageparamfield>
    <copyactionurl>
    </copyactionurl>
    <copyparamfield>
    </copyparamfield>
    <xaxis>n</xaxis>
    <yaxis>n</yaxis>
    <isadvancesearch>y</isadvancesearch>
    <Class>
    </Class>
    <SearchControlType>--Select--</SearchControlType>
    <SearchControlParameters>
    </SearchControlParameters>
    <DbParamField>
    </DbParamField>
    <useMode>DataBase</useMode>
    <IsGraph>n</IsGraph>
    <allowdetailview>n</allowdetailview>
  </column>
  <column>
    <id>5</id>
    <name>DestinationCountryCode</name>
    <headertext>DestinationCountryCode</headertext>
    <width>0</width>
    <datatype>String</datatype>
    <columntype>String</columntype>
    <allowsorting>false</allowsorting>
    <allowpaging>false</allowpaging>
    <format>
    </format>
    <isvisible>y</isvisible>
    <mustshow>n</mustshow>
    <musthide>n</musthide>
    <maxlength>0</maxlength>
    <isallowsearch>n</isallowsearch>
    <isconditional>n</isconditional>
    <isallowlink>n</isallowlink>
    <islinkactionurl>
    </islinkactionurl>
    <islinkparamfield>
    </islinkparamfield>
    <ischeckbox>n</ischeckbox>
    <checkboxparamfield>
    </checkboxparamfield>
    <iscontrol>n</iscontrol>
    <controltype>
    </controltype>
    <controlparamfield>
    </controlparamfield>
    <displaytext>
    </displaytext>
    <editactionurl>
    </editactionurl>
    <editparamfield>
    </editparamfield>
    <deleteactionurl>
    </deleteactionurl>
    <deleteparamfield>
    </deleteparamfield>
    <viewactionurl>
    </viewactionurl>
    <viewparamfield>
    </viewparamfield>
    <imageactionurl>
    </imageactionurl>
    <imageparamfield>
    </imageparamfield>
    <manageactionurl>
    </manageactionurl>
    <manageparamfield>
    </manageparamfield>
    <copyactionurl>
    </copyactionurl>
    <copyparamfield>
    </copyparamfield>
    <xaxis>n</xaxis>
    <yaxis>n</yaxis>
    <isadvancesearch>y</isadvancesearch>
    <Class>
    </Class>
    <SearchControlType>--Select--</SearchControlType>
    <SearchControlParameters>
    </SearchControlParameters>
    <DbParamField>
    </DbParamField>
    <useMode>DataBase</useMode>
    <IsGraph>n</IsGraph>
    <allowdetailview>n</allowdetailview>
  </column>
  <column>
    <id>6</id>
    <name>DestinationStateCode</name>
    <headertext>DestinationStateCode</headertext>
    <width>0</width>
    <datatype>String</datatype>
    <columntype>String</columntype>
    <allowsorting>false</allowsorting>
    <allowpaging>false</allowpaging>
    <format>
    </format>
    <isvisible>y</isvisible>
    <mustshow>n</mustshow>
    <musthide>n</musthide>
    <maxlength>0</maxlength>
    <isallowsearch>n</isallowsearch>
    <isconditional>n</isconditional>
    <isallowlink>n</isallowlink>
    <islinkactionurl>
    </islinkactionurl>
    <islinkparamfield>
    </islinkparamfield>
    <ischeckbox>n</ischeckbox>
    <checkboxparamfield>
    </checkboxparamfield>
    <iscontrol>n</iscontrol>
    <controltype>
    </controltype>
    <controlparamfield>
    </controlparamfield>
    <displaytext>
    </displaytext>
    <editactionurl>
    </editactionurl>
    <editparamfield>
    </editparamfield>
    <deleteactionurl>
    </deleteactionurl>
    <deleteparamfield>
    </deleteparamfield>
    <viewactionurl>
    </viewactionurl>
    <viewparamfield>
    </viewparamfield>
    <imageactionurl>
    </imageactionurl>
    <imageparamfield>
    </imageparamfield>
    <manageactionurl>
    </manageactionurl>
    <manageparamfield>
    </manageparamfield>
    <copyactionurl>
    </copyactionurl>
    <copyparamfield>
    </copyparamfield>
    <xaxis>n</xaxis>
    <yaxis>n</yaxis>
    <isadvancesearch>y</isadvancesearch>
    <Class>
    </Class>
    <SearchControlType>--Select--</SearchControlType>
    <SearchControlParameters>
    </SearchControlParameters>
    <DbParamField>
    </DbParamField>
    <useMode>DataBase</useMode>
    <IsGraph>n</IsGraph>
    <allowdetailview>n</allowdetailview>
  </column>
  <column>
    <id>7</id>
    <name>CountyFIPS</name>
    <headertext>CountyFIPS</headertext>
    <width>0</width>
    <datatype>String</datatype>
    <columntype>String</columntype>
    <allowsorting>false</allowsorting>
    <allowpaging>false</allowpaging>
    <format>
    </format>
    <isvisible>y</isvisible>
    <mustshow>n</mustshow>
    <musthide>n</musthide>
    <maxlength>0</maxlength>
    <isallowsearch>n</isallowsearch>
    <isconditional>n</isconditional>
    <isallowlink>n</isallowlink>
    <islinkactionurl>
    </islinkactionurl>
    <islinkparamfield>
    </islinkparamfield>
    <ischeckbox>n</ischeckbox>
    <checkboxparamfield>
    </checkboxparamfield>
    <iscontrol>n</iscontrol>
    <controltype>
    </controltype>
    <controlparamfield>
    </controlparamfield>
    <displaytext>
    </displaytext>
    <editactionurl>
    </editactionurl>
    <editparamfield>
    </editparamfield>
    <deleteactionurl>
    </deleteactionurl>
    <deleteparamfield>
    </deleteparamfield>
    <viewactionurl>
    </viewactionurl>
    <viewparamfield>
    </viewparamfield>
    <imageactionurl>
    </imageactionurl>
    <imageparamfield>
    </imageparamfield>
    <manageactionurl>
    </manageactionurl>
    <manageparamfield>
    </manageparamfield>
    <copyactionurl>
    </copyactionurl>
    <copyparamfield>
    </copyparamfield>
    <xaxis>n</xaxis>
    <yaxis>n</yaxis>
    <isadvancesearch>y</isadvancesearch>
    <Class>
    </Class>
    <SearchControlType>--Select--</SearchControlType>
    <SearchControlParameters>
    </SearchControlParameters>
    <DbParamField>
    </DbParamField>
    <useMode>DataBase</useMode>
    <IsGraph>n</IsGraph>
    <allowdetailview>n</allowdetailview>
  </column>
  <column>
    <id>8</id>
    <name>Precedence</name>
    <headertext>Precedence</headertext>
    <width>0</width>
    <datatype>String</datatype>
    <columntype>String</columntype>
    <allowsorting>false</allowsorting>
    <allowpaging>false</allowpaging>
    <format>
    </format>
    <isvisible>y</isvisible>
    <mustshow>n</mustshow>
    <musthide>n</musthide>
    <maxlength>0</maxlength>
    <isallowsearch>n</isallowsearch>
    <isconditional>n</isconditional>
    <isallowlink>n</isallowlink>
    <islinkactionurl>
    </islinkactionurl>
    <islinkparamfield>
    </islinkparamfield>
    <ischeckbox>n</ischeckbox>
    <checkboxparamfield>
    </checkboxparamfield>
    <iscontrol>n</iscontrol>
    <controltype>
    </controltype>
    <controlparamfield>
    </controlparamfield>
    <displaytext>
    </displaytext>
    <editactionurl>
    </editactionurl>
    <editparamfield>
    </editparamfield>
    <deleteactionurl>
    </deleteactionurl>
    <deleteparamfield>
    </deleteparamfield>
    <viewactionurl>
    </viewactionurl>
    <viewparamfield>
    </viewparamfield>
    <imageactionurl>
    </imageactionurl>
    <imageparamfield>
    </imageparamfield>
    <manageactionurl>
    </manageactionurl>
    <manageparamfield>
    </manageparamfield>
    <copyactionurl>
    </copyactionurl>
    <copyparamfield>
    </copyparamfield>
    <xaxis>n</xaxis>
    <yaxis>n</yaxis>
    <isadvancesearch>y</isadvancesearch>
    <Class>
    </Class>
    <SearchControlType>--Select--</SearchControlType>
    <SearchControlParameters>
    </SearchControlParameters>
    <DbParamField>
    </DbParamField>
    <useMode>DataBase</useMode>
    <IsGraph>n</IsGraph>
    <allowdetailview>n</allowdetailview>
  </column>
  <column>
    <id>9</id>
    <name>SalesTax</name>
    <headertext>SalesTax</headertext>
    <width>0</width>
    <datatype>String</datatype>
    <columntype>String</columntype>
    <allowsorting>false</allowsorting>
    <allowpaging>false</allowpaging>
    <format>
    </format>
    <isvisible>y</isvisible>
    <mustshow>n</mustshow>
    <musthide>n</musthide>
    <maxlength>0</maxlength>
    <isallowsearch>n</isallowsearch>
    <isconditional>n</isconditional>
    <isallowlink>n</isallowlink>
    <islinkactionurl>
    </islinkactionurl>
    <islinkparamfield>
    </islinkparamfield>
    <ischeckbox>n</ischeckbox>
    <checkboxparamfield>
    </checkboxparamfield>
    <iscontrol>n</iscontrol>
    <controltype>
    </controltype>
    <controlparamfield>
    </controlparamfield>
    <displaytext>
    </displaytext>
    <editactionurl>
    </editactionurl>
    <editparamfield>
    </editparamfield>
    <deleteactionurl>
    </deleteactionurl>
    <deleteparamfield>
    </deleteparamfield>
    <viewactionurl>
    </viewactionurl>
    <viewparamfield>
    </viewparamfield>
    <imageactionurl>
    </imageactionurl>
    <imageparamfield>
    </imageparamfield>
    <manageactionurl>
    </manageactionurl>
    <manageparamfield>
    </manageparamfield>
    <copyactionurl>
    </copyactionurl>
    <copyparamfield>
    </copyparamfield>
    <xaxis>n</xaxis>
    <yaxis>n</yaxis>
    <isadvancesearch>y</isadvancesearch>
    <Class>
    </Class>
    <SearchControlType>--Select--</SearchControlType>
    <SearchControlParameters>
    </SearchControlParameters>
    <DbParamField>
    </DbParamField>
    <useMode>DataBase</useMode>
    <IsGraph>n</IsGraph>
    <allowdetailview>n</allowdetailview>
  </column>
  <column>
    <id>10</id>
    <name>VAT</name>
    <headertext>VAT</headertext>
    <width>0</width>
    <datatype>String</datatype>
    <columntype>String</columntype>
    <allowsorting>false</allowsorting>
    <allowpaging>false</allowpaging>
    <format>
    </format>
    <isvisible>y</isvisible>
    <mustshow>n</mustshow>
    <musthide>n</musthide>
    <maxlength>0</maxlength>
    <isallowsearch>n</isallowsearch>
    <isconditional>n</isconditional>
    <isallowlink>n</isallowlink>
    <islinkactionurl>
    </islinkactionurl>
    <islinkparamfield>
    </islinkparamfield>
    <ischeckbox>n</ischeckbox>
    <checkboxparamfield>
    </checkboxparamfield>
    <iscontrol>n</iscontrol>
    <controltype>
    </controltype>
    <controlparamfield>
    </controlparamfield>
    <displaytext>
    </displaytext>
    <editactionurl>
    </editactionurl>
    <editparamfield>
    </editparamfield>
    <deleteactionurl>
    </deleteactionurl>
    <deleteparamfield>
    </deleteparamfield>
    <viewactionurl>
    </viewactionurl>
    <viewparamfield>
    </viewparamfield>
    <imageactionurl>
    </imageactionurl>
    <imageparamfield>
    </imageparamfield>
    <manageactionurl>
    </manageactionurl>
    <manageparamfield>
    </manageparamfield>
    <copyactionurl>
    </copyactionurl>
    <copyparamfield>
    </copyparamfield>
    <xaxis>n</xaxis>
    <yaxis>n</yaxis>
    <isadvancesearch>y</isadvancesearch>
    <Class>
    </Class>
    <SearchControlType>--Select--</SearchControlType>
    <SearchControlParameters>
    </SearchControlParameters>
    <DbParamField>
    </DbParamField>
    <useMode>DataBase</useMode>
    <IsGraph>n</IsGraph>
    <allowdetailview>n</allowdetailview>
  </column>
  <column>
    <id>11</id>
    <name>GST</name>
    <headertext>GST</headertext>
    <width>0</width>
    <datatype>String</datatype>
    <columntype>String</columntype>
    <allowsorting>false</allowsorting>
    <allowpaging>false</allowpaging>
    <format>
    </format>
    <isvisible>y</isvisible>
    <mustshow>n</mustshow>
    <musthide>n</musthide>
    <maxlength>0</maxlength>
    <isallowsearch>n</isallowsearch>
    <isconditional>n</isconditional>
    <isallowlink>n</isallowlink>
    <islinkactionurl>
    </islinkactionurl>
    <islinkparamfield>
    </islinkparamfield>
    <ischeckbox>n</ischeckbox>
    <checkboxparamfield>
    </checkboxparamfield>
    <iscontrol>n</iscontrol>
    <controltype>
    </controltype>
    <controlparamfield>
    </controlparamfield>
    <displaytext>
    </displaytext>
    <editactionurl>
    </editactionurl>
    <editparamfield>
    </editparamfield>
    <deleteactionurl>
    </deleteactionurl>
    <deleteparamfield>
    </deleteparamfield>
    <viewactionurl>
    </viewactionurl>
    <viewparamfield>
    </viewparamfield>
    <imageactionurl>
    </imageactionurl>
    <imageparamfield>
    </imageparamfield>
    <manageactionurl>
    </manageactionurl>
    <manageparamfield>
    </manageparamfield>
    <copyactionurl>
    </copyactionurl>
    <copyparamfield>
    </copyparamfield>
    <xaxis>n</xaxis>
    <yaxis>n</yaxis>
    <isadvancesearch>y</isadvancesearch>
    <Class>
    </Class>
    <SearchControlType>--Select--</SearchControlType>
    <SearchControlParameters>
    </SearchControlParameters>
    <DbParamField>
    </DbParamField>
    <useMode>DataBase</useMode>
    <IsGraph>n</IsGraph>
    <allowdetailview>n</allowdetailview>
  </column>
  <column>
    <id>12</id>
    <name>PST</name>
    <headertext>PST</headertext>
    <width>0</width>
    <datatype>String</datatype>
    <columntype>String</columntype>
    <allowsorting>false</allowsorting>
    <allowpaging>false</allowpaging>
    <format>
    </format>
    <isvisible>y</isvisible>
    <mustshow>n</mustshow>
    <musthide>n</musthide>
    <maxlength>0</maxlength>
    <isallowsearch>n</isallowsearch>
    <isconditional>n</isconditional>
    <isallowlink>n</isallowlink>
    <islinkactionurl>
    </islinkactionurl>
    <islinkparamfield>
    </islinkparamfield>
    <ischeckbox>n</ischeckbox>
    <checkboxparamfield>
    </checkboxparamfield>
    <iscontrol>n</iscontrol>
    <controltype>
    </controltype>
    <controlparamfield>
    </controlparamfield>
    <displaytext>
    </displaytext>
    <editactionurl>
    </editactionurl>
    <editparamfield>
    </editparamfield>
    <deleteactionurl>
    </deleteactionurl>
    <deleteparamfield>
    </deleteparamfield>
    <viewactionurl>
    </viewactionurl>
    <viewparamfield>
    </viewparamfield>
    <imageactionurl>
    </imageactionurl>
    <imageparamfield>
    </imageparamfield>
    <manageactionurl>
    </manageactionurl>
    <manageparamfield>
    </manageparamfield>
    <copyactionurl>
    </copyactionurl>
    <copyparamfield>
    </copyparamfield>
    <xaxis>n</xaxis>
    <yaxis>n</yaxis>
    <isadvancesearch>y</isadvancesearch>
    <Class>
    </Class>
    <SearchControlType>--Select--</SearchControlType>
    <SearchControlParameters>
    </SearchControlParameters>
    <DbParamField>
    </DbParamField>
    <useMode>DataBase</useMode>
    <IsGraph>n</IsGraph>
    <allowdetailview>n</allowdetailview>
  </column>
  <column>
    <id>13</id>
    <name>HST</name>
    <headertext>HST</headertext>
    <width>0</width>
    <datatype>String</datatype>
    <columntype>String</columntype>
    <allowsorting>false</allowsorting>
    <allowpaging>false</allowpaging>
    <format>
    </format>
    <isvisible>y</isvisible>
    <mustshow>n</mustshow>
    <musthide>n</musthide>
    <maxlength>0</maxlength>
    <isallowsearch>n</isallowsearch>
    <isconditional>n</isconditional>
    <isallowlink>n</isallowlink>
    <islinkactionurl>
    </islinkactionurl>
    <islinkparamfield>
    </islinkparamfield>
    <ischeckbox>n</ischeckbox>
    <checkboxparamfield>
    </checkboxparamfield>
    <iscontrol>n</iscontrol>
    <controltype>
    </controltype>
    <controlparamfield>
    </controlparamfield>
    <displaytext>
    </displaytext>
    <editactionurl>
    </editactionurl>
    <editparamfield>
    </editparamfield>
    <deleteactionurl>
    </deleteactionurl>
    <deleteparamfield>
    </deleteparamfield>
    <viewactionurl>
    </viewactionurl>
    <viewparamfield>
    </viewparamfield>
    <imageactionurl>
    </imageactionurl>
    <imageparamfield>
    </imageparamfield>
    <manageactionurl>
    </manageactionurl>
    <manageparamfield>
    </manageparamfield>
    <copyactionurl>
    </copyactionurl>
    <copyparamfield>
    </copyparamfield>
    <xaxis>n</xaxis>
    <yaxis>n</yaxis>
    <isadvancesearch>y</isadvancesearch>
    <Class>
    </Class>
    <SearchControlType>--Select--</SearchControlType>
    <SearchControlParameters>
    </SearchControlParameters>
    <DbParamField>
    </DbParamField>
    <useMode>DataBase</useMode>
    <IsGraph>n</IsGraph>
    <allowdetailview>n</allowdetailview>
  </column>
  <column>
    <id>14</id>
    <name>TaxShipping</name>
    <headertext>TaxShipping</headertext>
    <width>0</width>
    <datatype>String</datatype>
    <columntype>String</columntype>
    <allowsorting>false</allowsorting>
    <allowpaging>false</allowpaging>
    <format>
    </format>
    <isvisible>y</isvisible>
    <mustshow>n</mustshow>
    <musthide>n</musthide>
    <maxlength>0</maxlength>
    <isallowsearch>n</isallowsearch>
    <isconditional>n</isconditional>
    <isallowlink>n</isallowlink>
    <islinkactionurl>
    </islinkactionurl>
    <islinkparamfield>
    </islinkparamfield>
    <ischeckbox>n</ischeckbox>
    <checkboxparamfield>
    </checkboxparamfield>
    <iscontrol>n</iscontrol>
    <controltype>
    </controltype>
    <controlparamfield>
    </controlparamfield>
    <displaytext>
    </displaytext>
    <editactionurl>
    </editactionurl>
    <editparamfield>
    </editparamfield>
    <deleteactionurl>
    </deleteactionurl>
    <deleteparamfield>
    </deleteparamfield>
    <viewactionurl>
    </viewactionurl>
    <viewparamfield>
    </viewparamfield>
    <imageactionurl>
    </imageactionurl>
    <imageparamfield>
    </imageparamfield>
    <manageactionurl>
    </manageactionurl>
    <manageparamfield>
    </manageparamfield>
    <copyactionurl>
    </copyactionurl>
    <copyparamfield>
    </copyparamfield>
    <xaxis>n</xaxis>
    <yaxis>n</yaxis>
    <isadvancesearch>y</isadvancesearch>
    <Class>
    </Class>
    <SearchControlType>--Select--</SearchControlType>
    <SearchControlParameters>
    </SearchControlParameters>
    <DbParamField>
    </DbParamField>
    <useMode>DataBase</useMode>
    <IsGraph>n</IsGraph>
    <allowdetailview>n</allowdetailview>
  </column>
  <column>
    <id>15</id>
    <name>InclusiveInd</name>
    <headertext>InclusiveInd</headertext>
    <width>0</width>
    <datatype>String</datatype>
    <columntype>String</columntype>
    <allowsorting>false</allowsorting>
    <allowpaging>false</allowpaging>
    <format>
    </format>
    <isvisible>y</isvisible>
    <mustshow>n</mustshow>
    <musthide>n</musthide>
    <maxlength>0</maxlength>
    <isallowsearch>n</isallowsearch>
    <isconditional>n</isconditional>
    <isallowlink>n</isallowlink>
    <islinkactionurl>
    </islinkactionurl>
    <islinkparamfield>
    </islinkparamfield>
    <ischeckbox>n</ischeckbox>
    <checkboxparamfield>
    </checkboxparamfield>
    <iscontrol>n</iscontrol>
    <controltype>
    </controltype>
    <controlparamfield>
    </controlparamfield>
    <displaytext>
    </displaytext>
    <editactionurl>
    </editactionurl>
    <editparamfield>
    </editparamfield>
    <deleteactionurl>
    </deleteactionurl>
    <deleteparamfield>
    </deleteparamfield>
    <viewactionurl>
    </viewactionurl>
    <viewparamfield>
    </viewparamfield>
    <imageactionurl>
    </imageactionurl>
    <imageparamfield>
    </imageparamfield>
    <manageactionurl>
    </manageactionurl>
    <manageparamfield>
    </manageparamfield>
    <copyactionurl>
    </copyactionurl>
    <copyparamfield>
    </copyparamfield>
    <xaxis>n</xaxis>
    <yaxis>n</yaxis>
    <isadvancesearch>y</isadvancesearch>
    <Class>
    </Class>
    <SearchControlType>--Select--</SearchControlType>
    <SearchControlParameters>
    </SearchControlParameters>
    <DbParamField>
    </DbParamField>
    <useMode>DataBase</useMode>
    <IsGraph>n</IsGraph>
    <allowdetailview>n</allowdetailview>
  </column>
  <column>
    <id>16</id>
    <name>Custom1</name>
    <headertext>Custom1</headertext>
    <width>0</width>
    <datatype>String</datatype>
    <columntype>String</columntype>
    <allowsorting>false</allowsorting>
    <allowpaging>false</allowpaging>
    <format>
    </format>
    <isvisible>y</isvisible>
    <mustshow>n</mustshow>
    <musthide>n</musthide>
    <maxlength>0</maxlength>
    <isallowsearch>n</isallowsearch>
    <isconditional>n</isconditional>
    <isallowlink>n</isallowlink>
    <islinkactionurl>
    </islinkactionurl>
    <islinkparamfield>
    </islinkparamfield>
    <ischeckbox>n</ischeckbox>
    <checkboxparamfield>
    </checkboxparamfield>
    <iscontrol>n</iscontrol>
    <controltype>
    </controltype>
    <controlparamfield>
    </controlparamfield>
    <displaytext>
    </displaytext>
    <editactionurl>
    </editactionurl>
    <editparamfield>
    </editparamfield>
    <deleteactionurl>
    </deleteactionurl>
    <deleteparamfield>
    </deleteparamfield>
    <viewactionurl>
    </viewactionurl>
    <viewparamfield>
    </viewparamfield>
    <imageactionurl>
    </imageactionurl>
    <imageparamfield>
    </imageparamfield>
    <manageactionurl>
    </manageactionurl>
    <manageparamfield>
    </manageparamfield>
    <copyactionurl>
    </copyactionurl>
    <copyparamfield>
    </copyparamfield>
    <xaxis>n</xaxis>
    <yaxis>n</yaxis>
    <isadvancesearch>y</isadvancesearch>
    <Class>
    </Class>
    <SearchControlType>--Select--</SearchControlType>
    <SearchControlParameters>
    </SearchControlParameters>
    <DbParamField>
    </DbParamField>
    <useMode>DataBase</useMode>
    <IsGraph>n</IsGraph>
    <allowdetailview>n</allowdetailview>
  </column>
  <column>
    <id>17</id>
    <name>Custom2</name>
    <headertext>Custom2</headertext>
    <width>0</width>
    <datatype>String</datatype>
    <columntype>String</columntype>
    <allowsorting>false</allowsorting>
    <allowpaging>false</allowpaging>
    <format>
    </format>
    <isvisible>y</isvisible>
    <mustshow>n</mustshow>
    <musthide>n</musthide>
    <maxlength>0</maxlength>
    <isallowsearch>n</isallowsearch>
    <isconditional>n</isconditional>
    <isallowlink>n</isallowlink>
    <islinkactionurl>
    </islinkactionurl>
    <islinkparamfield>
    </islinkparamfield>
    <ischeckbox>n</ischeckbox>
    <checkboxparamfield>
    </checkboxparamfield>
    <iscontrol>n</iscontrol>
    <controltype>
    </controltype>
    <controlparamfield>
    </controlparamfield>
    <displaytext>
    </displaytext>
    <editactionurl>
    </editactionurl>
    <editparamfield>
    </editparamfield>
    <deleteactionurl>
    </deleteactionurl>
    <deleteparamfield>
    </deleteparamfield>
    <viewactionurl>
    </viewactionurl>
    <viewparamfield>
    </viewparamfield>
    <imageactionurl>
    </imageactionurl>
    <imageparamfield>
    </imageparamfield>
    <manageactionurl>
    </manageactionurl>
    <manageparamfield>
    </manageparamfield>
    <copyactionurl>
    </copyactionurl>
    <copyparamfield>
    </copyparamfield>
    <xaxis>n</xaxis>
    <yaxis>n</yaxis>
    <isadvancesearch>y</isadvancesearch>
    <Class>
    </Class>
    <SearchControlType>--Select--</SearchControlType>
    <SearchControlParameters>
    </SearchControlParameters>
    <DbParamField>
    </DbParamField>
    <useMode>DataBase</useMode>
    <IsGraph>n</IsGraph>
    <allowdetailview>n</allowdetailview>
  </column>
  <column>
    <id>18</id>
    <name>Custom3</name>
    <headertext>Custom3</headertext>
    <width>0</width>
    <datatype>String</datatype>
    <columntype>String</columntype>
    <allowsorting>false</allowsorting>
    <allowpaging>false</allowpaging>
    <format>
    </format>
    <isvisible>y</isvisible>
    <mustshow>n</mustshow>
    <musthide>n</musthide>
    <maxlength>0</maxlength>
    <isallowsearch>n</isallowsearch>
    <isconditional>n</isconditional>
    <isallowlink>n</isallowlink>
    <islinkactionurl>
    </islinkactionurl>
    <islinkparamfield>
    </islinkparamfield>
    <ischeckbox>n</ischeckbox>
    <checkboxparamfield>
    </checkboxparamfield>
    <iscontrol>n</iscontrol>
    <controltype>
    </controltype>
    <controlparamfield>
    </controlparamfield>
    <displaytext>
    </displaytext>
    <editactionurl>
    </editactionurl>
    <editparamfield>
    </editparamfield>
    <deleteactionurl>
    </deleteactionurl>
    <deleteparamfield>
    </deleteparamfield>
    <viewactionurl>
    </viewactionurl>
    <viewparamfield>
    </viewparamfield>
    <imageactionurl>
    </imageactionurl>
    <imageparamfield>
    </imageparamfield>
    <manageactionurl>
    </manageactionurl>
    <manageparamfield>
    </manageparamfield>
    <copyactionurl>
    </copyactionurl>
    <copyparamfield>
    </copyparamfield>
    <xaxis>n</xaxis>
    <yaxis>n</yaxis>
    <isadvancesearch>y</isadvancesearch>
    <Class>
    </Class>
    <SearchControlType>--Select--</SearchControlType>
    <SearchControlParameters>
    </SearchControlParameters>
    <DbParamField>
    </DbParamField>
    <useMode>DataBase</useMode>
    <IsGraph>n</IsGraph>
    <allowdetailview>n</allowdetailview>
  </column>
  <column>
    <id>19</id>
    <name>ExternalID</name>
    <headertext>ExternalID</headertext>
    <width>0</width>
    <datatype>String</datatype>
    <columntype>String</columntype>
    <allowsorting>false</allowsorting>
    <allowpaging>false</allowpaging>
    <format>
    </format>
    <isvisible>y</isvisible>
    <mustshow>n</mustshow>
    <musthide>n</musthide>
    <maxlength>0</maxlength>
    <isallowsearch>n</isallowsearch>
    <isconditional>n</isconditional>
    <isallowlink>n</isallowlink>
    <islinkactionurl>
    </islinkactionurl>
    <islinkparamfield>
    </islinkparamfield>
    <ischeckbox>n</ischeckbox>
    <checkboxparamfield>
    </checkboxparamfield>
    <iscontrol>n</iscontrol>
    <controltype>
    </controltype>
    <controlparamfield>
    </controlparamfield>
    <displaytext>
    </displaytext>
    <editactionurl>
    </editactionurl>
    <editparamfield>
    </editparamfield>
    <deleteactionurl>
    </deleteactionurl>
    <deleteparamfield>
    </deleteparamfield>
    <viewactionurl>
    </viewactionurl>
    <viewparamfield>
    </viewparamfield>
    <imageactionurl>
    </imageactionurl>
    <imageparamfield>
    </imageparamfield>
    <manageactionurl>
    </manageactionurl>
    <manageparamfield>
    </manageparamfield>
    <copyactionurl>
    </copyactionurl>
    <copyparamfield>
    </copyparamfield>
    <xaxis>n</xaxis>
    <yaxis>n</yaxis>
    <isadvancesearch>y</isadvancesearch>
    <Class>
    </Class>
    <SearchControlType>--Select--</SearchControlType>
    <SearchControlParameters>
    </SearchControlParameters>
    <DbParamField>
    </DbParamField>
    <useMode>DataBase</useMode>
    <IsGraph>n</IsGraph>
    <allowdetailview>n</allowdetailview>
  </column>
  <column>
    <id>20</id>
    <name>CreatedBy</name>
    <headertext>CreatedBy</headertext>
    <width>0</width>
    <datatype>String</datatype>
    <columntype>String</columntype>
    <allowsorting>false</allowsorting>
    <allowpaging>false</allowpaging>
    <format>
    </format>
    <isvisible>y</isvisible>
    <mustshow>n</mustshow>
    <musthide>n</musthide>
    <maxlength>0</maxlength>
    <isallowsearch>n</isallowsearch>
    <isconditional>n</isconditional>
    <isallowlink>n</isallowlink>
    <islinkactionurl>
    </islinkactionurl>
    <islinkparamfield>
    </islinkparamfield>
    <ischeckbox>n</ischeckbox>
    <checkboxparamfield>
    </checkboxparamfield>
    <iscontrol>n</iscontrol>
    <controltype>
    </controltype>
    <controlparamfield>
    </controlparamfield>
    <displaytext>
    </displaytext>
    <editactionurl>
    </editactionurl>
    <editparamfield>
    </editparamfield>
    <deleteactionurl>
    </deleteactionurl>
    <deleteparamfield>
    </deleteparamfield>
    <viewactionurl>
    </viewactionurl>
    <viewparamfield>
    </viewparamfield>
    <imageactionurl>
    </imageactionurl>
    <imageparamfield>
    </imageparamfield>
    <manageactionurl>
    </manageactionurl>
    <manageparamfield>
    </manageparamfield>
    <copyactionurl>
    </copyactionurl>
    <copyparamfield>
    </copyparamfield>
    <xaxis>n</xaxis>
    <yaxis>n</yaxis>
    <isadvancesearch>y</isadvancesearch>
    <Class>
    </Class>
    <SearchControlType>--Select--</SearchControlType>
    <SearchControlParameters>
    </SearchControlParameters>
    <DbParamField>
    </DbParamField>
    <useMode>DataBase</useMode>
    <IsGraph>n</IsGraph>
    <allowdetailview>n</allowdetailview>
  </column>
  <column>
    <id>21</id>
    <name>CreatedDate</name>
    <headertext>CreatedDate</headertext>
    <width>0</width>
    <datatype>String</datatype>
    <columntype>String</columntype>
    <allowsorting>false</allowsorting>
    <allowpaging>false</allowpaging>
    <format>
    </format>
    <isvisible>y</isvisible>
    <mustshow>n</mustshow>
    <musthide>n</musthide>
    <maxlength>0</maxlength>
    <isallowsearch>n</isallowsearch>
    <isconditional>n</isconditional>
    <isallowlink>n</isallowlink>
    <islinkactionurl>
    </islinkactionurl>
    <islinkparamfield>
    </islinkparamfield>
    <ischeckbox>n</ischeckbox>
    <checkboxparamfield>
    </checkboxparamfield>
    <iscontrol>n</iscontrol>
    <controltype>
    </controltype>
    <controlparamfield>
    </controlparamfield>
    <displaytext>
    </displaytext>
    <editactionurl>
    </editactionurl>
    <editparamfield>
    </editparamfield>
    <deleteactionurl>
    </deleteactionurl>
    <deleteparamfield>
    </deleteparamfield>
    <viewactionurl>
    </viewactionurl>
    <viewparamfield>
    </viewparamfield>
    <imageactionurl>
    </imageactionurl>
    <imageparamfield>
    </imageparamfield>
    <manageactionurl>
    </manageactionurl>
    <manageparamfield>
    </manageparamfield>
    <copyactionurl>
    </copyactionurl>
    <copyparamfield>
    </copyparamfield>
    <xaxis>n</xaxis>
    <yaxis>n</yaxis>
    <isadvancesearch>y</isadvancesearch>
    <Class>
    </Class>
    <SearchControlType>--Select--</SearchControlType>
    <SearchControlParameters>
    </SearchControlParameters>
    <DbParamField>
    </DbParamField>
    <useMode>DataBase</useMode>
    <IsGraph>n</IsGraph>
    <allowdetailview>n</allowdetailview>
  </column>
  <column>
    <id>22</id>
    <name>ModifiedBy</name>
    <headertext>ModifiedBy</headertext>
    <width>0</width>
    <datatype>String</datatype>
    <columntype>String</columntype>
    <allowsorting>false</allowsorting>
    <allowpaging>false</allowpaging>
    <format>
    </format>
    <isvisible>y</isvisible>
    <mustshow>n</mustshow>
    <musthide>n</musthide>
    <maxlength>0</maxlength>
    <isallowsearch>n</isallowsearch>
    <isconditional>n</isconditional>
    <isallowlink>n</isallowlink>
    <islinkactionurl>
    </islinkactionurl>
    <islinkparamfield>
    </islinkparamfield>
    <ischeckbox>n</ischeckbox>
    <checkboxparamfield>
    </checkboxparamfield>
    <iscontrol>n</iscontrol>
    <controltype>
    </controltype>
    <controlparamfield>
    </controlparamfield>
    <displaytext>
    </displaytext>
    <editactionurl>
    </editactionurl>
    <editparamfield>
    </editparamfield>
    <deleteactionurl>
    </deleteactionurl>
    <deleteparamfield>
    </deleteparamfield>
    <viewactionurl>
    </viewactionurl>
    <viewparamfield>
    </viewparamfield>
    <imageactionurl>
    </imageactionurl>
    <imageparamfield>
    </imageparamfield>
    <manageactionurl>
    </manageactionurl>
    <manageparamfield>
    </manageparamfield>
    <copyactionurl>
    </copyactionurl>
    <copyparamfield>
    </copyparamfield>
    <xaxis>n</xaxis>
    <yaxis>n</yaxis>
    <isadvancesearch>y</isadvancesearch>
    <Class>
    </Class>
    <SearchControlType>--Select--</SearchControlType>
    <SearchControlParameters>
    </SearchControlParameters>
    <DbParamField>
    </DbParamField>
    <useMode>DataBase</useMode>
    <IsGraph>n</IsGraph>
    <allowdetailview>n</allowdetailview>
  </column>
  <column>
    <id>23</id>
    <name>ModifiedDate</name>
    <headertext>ModifiedDate</headertext>
    <width>0</width>
    <datatype>String</datatype>
    <columntype>String</columntype>
    <allowsorting>false</allowsorting>
    <allowpaging>false</allowpaging>
    <format>
    </format>
    <isvisible>y</isvisible>
    <mustshow>n</mustshow>
    <musthide>n</musthide>
    <maxlength>0</maxlength>
    <isallowsearch>n</isallowsearch>
    <isconditional>n</isconditional>
    <isallowlink>n</isallowlink>
    <islinkactionurl>
    </islinkactionurl>
    <islinkparamfield>
    </islinkparamfield>
    <ischeckbox>n</ischeckbox>
    <checkboxparamfield>
    </checkboxparamfield>
    <iscontrol>n</iscontrol>
    <controltype>
    </controltype>
    <controlparamfield>
    </controlparamfield>
    <displaytext>
    </displaytext>
    <editactionurl>
    </editactionurl>
    <editparamfield>
    </editparamfield>
    <deleteactionurl>
    </deleteactionurl>
    <deleteparamfield>
    </deleteparamfield>
    <viewactionurl>
    </viewactionurl>
    <viewparamfield>
    </viewparamfield>
    <imageactionurl>
    </imageactionurl>
    <imageparamfield>
    </imageparamfield>
    <manageactionurl>
    </manageactionurl>
    <manageparamfield>
    </manageparamfield>
    <copyactionurl>
    </copyactionurl>
    <copyparamfield>
    </copyparamfield>
    <xaxis>n</xaxis>
    <yaxis>n</yaxis>
    <isadvancesearch>y</isadvancesearch>
    <Class>
    </Class>
    <SearchControlType>--Select--</SearchControlType>
    <SearchControlParameters>
    </SearchControlParameters>
    <DbParamField>
    </DbParamField>
    <useMode>DataBase</useMode>
    <IsGraph>n</IsGraph>
    <allowdetailview>n</allowdetailview>
  </column>
  <column>
    <id>24</id>
    <name>Edit</name>
    <headertext>Edit</headertext>
    <width>0</width>
    <datatype>String</datatype>
    <columntype>String</columntype>
    <allowsorting>false</allowsorting>
    <allowpaging>false</allowpaging>
    <format>
    </format>
    <isvisible>y</isvisible>
    <mustshow>n</mustshow>
    <musthide>n</musthide>
    <maxlength>0</maxlength>
    <isallowsearch>n</isallowsearch>
    <isconditional>n</isconditional>
    <isallowlink>n</isallowlink>
    <islinkactionurl>
    </islinkactionurl>
    <islinkparamfield>
    </islinkparamfield>
    <ischeckbox>n</ischeckbox>
    <checkboxparamfield>
    </checkboxparamfield>
    <iscontrol>n</iscontrol>
    <controltype>
    </controltype>
    <controlparamfield>
    </controlparamfield>
    <displaytext>
    </displaytext>
    <editactionurl>
    </editactionurl>
    <editparamfield>
    </editparamfield>
    <deleteactionurl>
    </deleteactionurl>
    <deleteparamfield>
    </deleteparamfield>
    <viewactionurl>
    </viewactionurl>
    <viewparamfield>
    </viewparamfield>
    <imageactionurl>
    </imageactionurl>
    <imageparamfield>
    </imageparamfield>
    <manageactionurl>
    </manageactionurl>
    <manageparamfield>
    </manageparamfield>
    <copyactionurl>
    </copyactionurl>
    <copyparamfield>
    </copyparamfield>
    <xaxis>n</xaxis>
    <yaxis>n</yaxis>
    <isadvancesearch>y</isadvancesearch>
    <Class>
    </Class>
    <SearchControlType>--Select--</SearchControlType>
    <SearchControlParameters>
    </SearchControlParameters>
    <DbParamField>
    </DbParamField>
    <useMode>DataBase</useMode>
    <IsGraph>n</IsGraph>
    <allowdetailview>n</allowdetailview>
  </column>
  <column>
    <id>25</id>
    <name>Delete</name>
    <headertext>Delete</headertext>
    <width>0</width>
    <datatype>String</datatype>
    <columntype>String</columntype>
    <allowsorting>false</allowsorting>
    <allowpaging>false</allowpaging>
    <format>
    </format>
    <isvisible>y</isvisible>
    <mustshow>n</mustshow>
    <musthide>n</musthide>
    <maxlength>0</maxlength>
    <isallowsearch>n</isallowsearch>
    <isconditional>n</isconditional>
    <isallowlink>n</isallowlink>
    <islinkactionurl>
    </islinkactionurl>
    <islinkparamfield>
    </islinkparamfield>
    <ischeckbox>n</ischeckbox>
    <checkboxparamfield>
    </checkboxparamfield>
    <iscontrol>n</iscontrol>
    <controltype>
    </controltype>
    <controlparamfield>
    </controlparamfield>
    <displaytext>
    </displaytext>
    <editactionurl>
    </editactionurl>
    <editparamfield>
    </editparamfield>
    <deleteactionurl>
    </deleteactionurl>
    <deleteparamfield>
    </deleteparamfield>
    <viewactionurl>
    </viewactionurl>
    <viewparamfield>
    </viewparamfield>
    <imageactionurl>
    </imageactionurl>
    <imageparamfield>
    </imageparamfield>
    <manageactionurl>
    </manageactionurl>
    <manageparamfield>
    </manageparamfield>
    <copyactionurl>
    </copyactionurl>
    <copyparamfield>
    </copyparamfield>
    <xaxis>n</xaxis>
    <yaxis>n</yaxis>
    <isadvancesearch>y</isadvancesearch>
    <Class>
    </Class>
    <SearchControlType>--Select--</SearchControlType>
    <SearchControlParameters>
    </SearchControlParameters>
    <DbParamField>
    </DbParamField>
    <useMode>DataBase</useMode>
    <IsGraph>n</IsGraph>
    <allowdetailview>n</allowdetailview>
  </column>
  <column>
    <id>26</id>
    <name>Manage</name>
    <headertext>Manage</headertext>
    <width>0</width>
    <datatype>String</datatype>
    <columntype>String</columntype>
    <allowsorting>false</allowsorting>
    <allowpaging>false</allowpaging>
    <format>
    </format>
    <isvisible>y</isvisible>
    <mustshow>n</mustshow>
    <musthide>n</musthide>
    <maxlength>0</maxlength>
    <isallowsearch>n</isallowsearch>
    <isconditional>n</isconditional>
    <isallowlink>n</isallowlink>
    <islinkactionurl>
    </islinkactionurl>
    <islinkparamfield>
    </islinkparamfield>
    <ischeckbox>n</ischeckbox>
    <checkboxparamfield>
    </checkboxparamfield>
    <iscontrol>n</iscontrol>
    <controltype>
    </controltype>
    <controlparamfield>
    </controlparamfield>
    <displaytext>
    </displaytext>
    <editactionurl>
    </editactionurl>
    <editparamfield>
    </editparamfield>
    <deleteactionurl>
    </deleteactionurl>
    <deleteparamfield>
    </deleteparamfield>
    <viewactionurl>
    </viewactionurl>
    <viewparamfield>
    </viewparamfield>
    <imageactionurl>
    </imageactionurl>
    <imageparamfield>
    </imageparamfield>
    <manageactionurl>
    </manageactionurl>
    <manageparamfield>
    </manageparamfield>
    <copyactionurl>
    </copyactionurl>
    <copyparamfield>
    </copyparamfield>
    <xaxis>n</xaxis>
    <yaxis>n</yaxis>
    <isadvancesearch>y</isadvancesearch>
    <Class>
    </Class>
    <SearchControlType>--Select--</SearchControlType>
    <SearchControlParameters>
    </SearchControlParameters>
    <DbParamField>
    </DbParamField>
    <useMode>DataBase</useMode>
    <IsGraph>n</IsGraph>
    <allowdetailview>n</allowdetailview>
  </column>
  <column>
    <id>27</id>
    <name>Copy</name>
    <headertext>Copy</headertext>
    <width>0</width>
    <datatype>String</datatype>
    <columntype>String</columntype>
    <allowsorting>false</allowsorting>
    <allowpaging>false</allowpaging>
    <format>
    </format>
    <isvisible>y</isvisible>
    <mustshow>n</mustshow>
    <musthide>n</musthide>
    <maxlength>0</maxlength>
    <isallowsearch>n</isallowsearch>
    <isconditional>n</isconditional>
    <isallowlink>n</isallowlink>
    <islinkactionurl>
    </islinkactionurl>
    <islinkparamfield>
    </islinkparamfield>
    <ischeckbox>n</ischeckbox>
    <checkboxparamfield>
    </checkboxparamfield>
    <iscontrol>n</iscontrol>
    <controltype>
    </controltype>
    <controlparamfield>
    </controlparamfield>
    <displaytext>
    </displaytext>
    <editactionurl>
    </editactionurl>
    <editparamfield>
    </editparamfield>
    <deleteactionurl>
    </deleteactionurl>
    <deleteparamfield>
    </deleteparamfield>
    <viewactionurl>
    </viewactionurl>
    <viewparamfield>
    </viewparamfield>
    <imageactionurl>
    </imageactionurl>
    <imageparamfield>
    </imageparamfield>
    <manageactionurl>
    </manageactionurl>
    <manageparamfield>
    </manageparamfield>
    <copyactionurl>
    </copyactionurl>
    <copyparamfield>
    </copyparamfield>
    <xaxis>n</xaxis>
    <yaxis>n</yaxis>
    <isadvancesearch>y</isadvancesearch>
    <Class>
    </Class>
    <SearchControlType>--Select--</SearchControlType>
    <SearchControlParameters>
    </SearchControlParameters>
    <DbParamField>
    </DbParamField>
    <useMode>DataBase</useMode>
    <IsGraph>n</IsGraph>
    <allowdetailview>n</allowdetailview>
  </column>
  <column>
    <id>28</id>
    <name>View</name>
    <headertext>View</headertext>
    <width>0</width>
    <datatype>String</datatype>
    <columntype>String</columntype>
    <allowsorting>false</allowsorting>
    <allowpaging>false</allowpaging>
    <format>
    </format>
    <isvisible>y</isvisible>
    <mustshow>n</mustshow>
    <musthide>n</musthide>
    <maxlength>0</maxlength>
    <isallowsearch>n</isallowsearch>
    <isconditional>n</isconditional>
    <isallowlink>n</isallowlink>
    <islinkactionurl>
    </islinkactionurl>
    <islinkparamfield>
    </islinkparamfield>
    <ischeckbox>n</ischeckbox>
    <checkboxparamfield>
    </checkboxparamfield>
    <iscontrol>n</iscontrol>
    <controltype>
    </controltype>
    <controlparamfield>
    </controlparamfield>
    <displaytext>
    </displaytext>
    <editactionurl>
    </editactionurl>
    <editparamfield>
    </editparamfield>
    <deleteactionurl>
    </deleteactionurl>
    <deleteparamfield>
    </deleteparamfield>
    <viewactionurl>
    </viewactionurl>
    <viewparamfield>
    </viewparamfield>
    <imageactionurl>
    </imageactionurl>
    <imageparamfield>
    </imageparamfield>
    <manageactionurl>
    </manageactionurl>
    <manageparamfield>
    </manageparamfield>
    <copyactionurl>
    </copyactionurl>
    <copyparamfield>
    </copyparamfield>
    <xaxis>n</xaxis>
    <yaxis>n</yaxis>
    <isadvancesearch>y</isadvancesearch>
    <Class>
    </Class>
    <SearchControlType>--Select--</SearchControlType>
    <SearchControlParameters>
    </SearchControlParameters>
    <DbParamField>
    </DbParamField>
    <useMode>DataBase</useMode>
    <IsGraph>n</IsGraph>
    <allowdetailview>n</allowdetailview>
  </column>
  <column>
    <id>29</id>
    <name>Image</name>
    <headertext>Image</headertext>
    <width>0</width>
    <datatype>String</datatype>
    <columntype>String</columntype>
    <allowsorting>false</allowsorting>
    <allowpaging>false</allowpaging>
    <format>
    </format>
    <isvisible>y</isvisible>
    <mustshow>n</mustshow>
    <musthide>n</musthide>
    <maxlength>0</maxlength>
    <isallowsearch>n</isallowsearch>
    <isconditional>n</isconditional>
    <isallowlink>n</isallowlink>
    <islinkactionurl>
    </islinkactionurl>
    <islinkparamfield>
    </islinkparamfield>
    <ischeckbox>n</ischeckbox>
    <checkboxparamfield>
    </checkboxparamfield>
    <iscontrol>n</iscontrol>
    <controltype>
    </controltype>
    <controlparamfield>
    </controlparamfield>
    <displaytext>
    </displaytext>
    <editactionurl>
    </editactionurl>
    <editparamfield>
    </editparamfield>
    <deleteactionurl>
    </deleteactionurl>
    <deleteparamfield>
    </deleteparamfield>
    <viewactionurl>
    </viewactionurl>
    <viewparamfield>
    </viewparamfield>
    <imageactionurl>
    </imageactionurl>
    <imageparamfield>
    </imageparamfield>
    <manageactionurl>
    </manageactionurl>
    <manageparamfield>
    </manageparamfield>
    <copyactionurl>
    </copyactionurl>
    <copyparamfield>
    </copyparamfield>
    <xaxis>n</xaxis>
    <yaxis>n</yaxis>
    <isadvancesearch>y</isadvancesearch>
    <Class>
    </Class>
    <SearchControlType>--Select--</SearchControlType>
    <SearchControlParameters>
    </SearchControlParameters>
    <DbParamField>
    </DbParamField>
    <useMode>DataBase</useMode>
    <IsGraph>n</IsGraph>
    <allowdetailview>n</allowdetailview>
  </column>
</columns>', N'test', N'test', N'test', 0, NULL, NULL, NULL, NULL, 0, CAST(N'2016-04-18 07:19:27.130' AS DateTime), 0, CAST(N'2016-04-18 07:20:54.787' AS DateTime))
INSERT [dbo].[ZnodeApplicationSetting] ([ApplicationSettingId], [GroupName], [ItemName], [Setting], [ViewOptions], [FrontPageName], [FrontObjectName], [IsCompressed], [OrderByFields], [ItemNameWithoutCurrency], [CreatedByName], [ModifiedByName], [CreatedBy], [CreatedDate], [ModifiedBy], [ModifiedDate]) VALUES (1215, N'Table', N'ZnodePimCustomField', N'<?xml version="1.0" encoding="utf-16"?>
<columns>
  <column>
    <id>1</id>
    <name>CustomFieldId</name>
    <headertext>Checkbox</headertext>
    <width>40</width>
    <datatype>String</datatype>
    <columntype>Int32</columntype>
    <allowsorting>false</allowsorting>
    <allowpaging>true</allowpaging>
    <format>
    </format>
    <isvisible>y</isvisible>
    <mustshow>n</mustshow>
    <musthide>n</musthide>
    <maxlength>0</maxlength>
    <isallowsearch>n</isallowsearch>
    <isconditional>n</isconditional>
    <isallowlink>n</isallowlink>
    <islinkactionurl>
    </islinkactionurl>
    <islinkparamfield>
    </islinkparamfield>
    <ischeckbox>y</ischeckbox>
    <checkboxparamfield>
    </checkboxparamfield>
    <iscontrol>n</iscontrol>
    <controltype>
    </controltype>
    <controlparamfield>
    </controlparamfield>
    <displaytext>ID</displaytext>
    <editactionurl>
    </editactionurl>
    <editparamfield>
    </editparamfield>
    <deleteactionurl>
    </deleteactionurl>
    <deleteparamfield>
    </deleteparamfield>
    <viewactionurl>
    </viewactionurl>
    <viewparamfield>
    </viewparamfield>
    <imageactionurl>
    </imageactionurl>
    <imageparamfield>
    </imageparamfield>
    <manageactionurl>
    </manageactionurl>
    <manageparamfield>
    </manageparamfield>
    <copyactionurl>
    </copyactionurl>
    <copyparamfield>
    </copyparamfield>
    <xaxis>n</xaxis>
    <yaxis>n</yaxis>
    <isadvancesearch>y</isadvancesearch>
    <Class>
    </Class>
    <SearchControlType>--Select--</SearchControlType>
    <SearchControlParameters>
    </SearchControlParameters>
    <DbParamField>
    </DbParamField>
    <useMode>DataBase</useMode>
    <IsGraph>n</IsGraph>
    <allowdetailview>n</allowdetailview>
  </column>
  <column>
    <id>2</id>
    <name>CustomCode</name>
    <headertext>Code</headertext>
    <width>50</width>
    <datatype>String</datatype>
    <columntype>String</columntype>
    <allowsorting>true</allowsorting>
    <allowpaging>true</allowpaging>
    <format>
    </format>
    <isvisible>y</isvisible>
    <mustshow>n</mustshow>
    <musthide>n</musthide>
    <maxlength>0</maxlength>
    <isallowsearch>y</isallowsearch>
    <isconditional>n</isconditional>
    <isallowlink>n</isallowlink>
    <islinkactionurl>
    </islinkactionurl>
    <islinkparamfield>ProductId</islinkparamfield>
    <ischeckbox>n</ischeckbox>
    <checkboxparamfield>ProductId</checkboxparamfield>
    <iscontrol>n</iscontrol>
    <controltype>
    </controltype>
    <controlparamfield>
    </controlparamfield>
    <displaytext>Code</displaytext>
    <editactionurl>
    </editactionurl>
    <editparamfield>
    </editparamfield>
    <deleteactionurl>
    </deleteactionurl>
    <deleteparamfield>
    </deleteparamfield>
    <viewactionurl>
    </viewactionurl>
    <viewparamfield>
    </viewparamfield>
    <imageactionurl>
    </imageactionurl>
    <imageparamfield>
    </imageparamfield>
    <manageactionurl>
    </manageactionurl>
    <manageparamfield>
    </manageparamfield>
    <copyactionurl>
    </copyactionurl>
    <copyparamfield>
    </copyparamfield>
    <xaxis>n</xaxis>
    <yaxis>n</yaxis>
    <isadvancesearch>y</isadvancesearch>
    <Class>
    </Class>
    <SearchControlType>--Select--</SearchControlType>
    <SearchControlParameters>
    </SearchControlParameters>
    <DbParamField>
    </DbParamField>
    <useMode>DataBase</useMode>
    <IsGraph>n</IsGraph>
    <allowdetailview>n</allowdetailview>
  </column>
  <column>
    <id>3</id>
    <name>CustomValue</name>
    <headertext>Value</headertext>
    <width>50</width>
    <datatype>String</datatype>
    <columntype>String</columntype>
    <allowsorting>true</allowsorting>
    <allowpaging>true</allowpaging>
    <format>
    </format>
    <isvisible>y</isvisible>
    <mustshow>n</mustshow>
    <musthide>n</musthide>
    <maxlength>0</maxlength>
    <isallowsearch>y</isallowsearch>
    <isconditional>n</isconditional>
    <isallowlink>n</isallowlink>
    <islinkactionurl>
    </islinkactionurl>
    <islinkparamfield>ProductId</islinkparamfield>
    <ischeckbox>n</ischeckbox>
    <checkboxparamfield>ProductId</checkboxparamfield>
    <iscontrol>n</iscontrol>
    <controltype>
    </controltype>
    <controlparamfield>
    </controlparamfield>
    <displaytext>
    </displaytext>
    <editactionurl>
    </editactionurl>
    <editparamfield>
    </editparamfield>
    <deleteactionurl>
    </deleteactionurl>
    <deleteparamfield>
    </deleteparamfield>
    <viewactionurl>
    </viewactionurl>
    <viewparamfield>
    </viewparamfield>
    <imageactionurl>
    </imageactionurl>
    <imageparamfield>
    </imageparamfield>
    <manageactionurl>
    </manageactionurl>
    <manageparamfield>
    </manageparamfield>
    <copyactionurl>
    </copyactionurl>
    <copyparamfield>
    </copyparamfield>
    <xaxis>n</xaxis>
    <yaxis>n</yaxis>
    <isadvancesearch>y</isadvancesearch>
    <Class>
    </Class>
    <SearchControlType>--Select--</SearchControlType>
    <SearchControlParameters>
    </SearchControlParameters>
    <DbParamField>
    </DbParamField>
    <useMode>DataBase</useMode>
    <IsGraph>n</IsGraph>
    <allowdetailview>n</allowdetailview>
  </column>
  <column>
    <id>4</id>
    <name>Manage</name>
    <headertext>Action</headertext>
    <width>50</width>
    <datatype>String</datatype>
    <columntype>String</columntype>
    <allowsorting>false</allowsorting>
    <allowpaging>true</allowpaging>
    <format>Edit|Delete</format>
    <isvisible>y</isvisible>
    <mustshow>n</mustshow>
    <musthide>n</musthide>
    <maxlength>0</maxlength>
    <isallowsearch>n</isallowsearch>
    <isconditional>n</isconditional>
    <isallowlink>n</isallowlink>
    <islinkactionurl>
    </islinkactionurl>
    <islinkparamfield>productId</islinkparamfield>
    <ischeckbox>n</ischeckbox>
    <checkboxparamfield>Id</checkboxparamfield>
    <iscontrol>n</iscontrol>
    <controltype>
    </controltype>
    <controlparamfield>
    </controlparamfield>
    <displaytext>Edit|Delete</displaytext>
    <editactionurl>
    </editactionurl>
    <editparamfield>
    </editparamfield>
    <deleteactionurl>
    </deleteactionurl>
    <deleteparamfield>
    </deleteparamfield>
    <viewactionurl>
    </viewactionurl>
    <viewparamfield>
    </viewparamfield>
    <imageactionurl>
    </imageactionurl>
    <imageparamfield>
    </imageparamfield>
    <manageactionurl>/PIM/Products/EditCustomField|/PIM/Products/DeleteCustomField</manageactionurl>
    <manageparamfield>productId,customFieldId|productId,customFieldId</manageparamfield>
    <copyactionurl>
    </copyactionurl>
    <copyparamfield>
    </copyparamfield>
    <xaxis>n</xaxis>
    <yaxis>n</yaxis>
    <isadvancesearch>y</isadvancesearch>
    <Class>
    </Class>
    <SearchControlType>--Select--</SearchControlType>
    <SearchControlParameters>
    </SearchControlParameters>
    <DbParamField>
    </DbParamField>
    <useMode>DataBase</useMode>
    <IsGraph>n</IsGraph>
    <allowdetailview>n</allowdetailview>
  </column>
</columns>', N'ZnodePimCustomField', N'ZnodePimCustomField', N'ZnodePimCustomField', 0, NULL, NULL, NULL, NULL, 0, CAST(N'2016-04-18 12:43:14.590' AS DateTime), 0, CAST(N'2016-04-27 13:00:34.217' AS DateTime))
INSERT [dbo].[ZnodeApplicationSetting] ([ApplicationSettingId], [GroupName], [ItemName], [Setting], [ViewOptions], [FrontPageName], [FrontObjectName], [IsCompressed], [OrderByFields], [ItemNameWithoutCurrency], [CreatedByName], [ModifiedByName], [CreatedBy], [CreatedDate], [ModifiedBy], [ModifiedDate]) VALUES (1220, N'Table', N'ZnodeCategoryAttribute', N'<?xml version="1.0" encoding="utf-16"?>
<columns>
  <column>
    <id>1</id>
    <name>PimAttributeId</name>
    <headertext>Checkbox</headertext>
    <width>20</width>
    <datatype>String</datatype>
    <columntype>Int32</columntype>
    <allowsorting>true</allowsorting>
    <allowpaging>true</allowpaging>
    <format>
    </format>
    <isvisible>y</isvisible>
    <mustshow>y</mustshow>
    <musthide>n</musthide>
    <maxlength>0</maxlength>
    <isallowsearch>n</isallowsearch>
    <isconditional>n</isconditional>
    <isallowlink>n</isallowlink>
    <islinkactionurl>
    </islinkactionurl>
    <islinkparamfield>
    </islinkparamfield>
    <ischeckbox>y</ischeckbox>
    <checkboxparamfield>
    </checkboxparamfield>
    <iscontrol>n</iscontrol>
    <controltype>
    </controltype>
    <controlparamfield>
    </controlparamfield>
    <displaytext>
    </displaytext>
    <editactionurl>
    </editactionurl>
    <editparamfield>
    </editparamfield>
    <deleteactionurl>
    </deleteactionurl>
    <deleteparamfield>
    </deleteparamfield>
    <viewactionurl>
    </viewactionurl>
    <viewparamfield>
    </viewparamfield>
    <imageactionurl>
    </imageactionurl>
    <imageparamfield>
    </imageparamfield>
    <manageactionurl>
    </manageactionurl>
    <manageparamfield>
    </manageparamfield>
    <copyactionurl>
    </copyactionurl>
    <copyparamfield>
    </copyparamfield>
    <xaxis>n</xaxis>
    <yaxis>n</yaxis>
    <isadvancesearch>y</isadvancesearch>
    <Class>
    </Class>
    <SearchControlType>--Select--</SearchControlType>
    <SearchControlParameters>
    </SearchControlParameters>
    <DbParamField>
    </DbParamField>
    <useMode>DataBase</useMode>
    <IsGraph>n</IsGraph>
    <allowdetailview>n</allowdetailview>
  </column>
  <column>
    <id>2</id>
    <name>AttributeCode</name>
    <headertext>AttributeCode</headertext>
    <width>40</width>
    <datatype>String</datatype>
    <columntype>String</columntype>
    <allowsorting>true</allowsorting>
    <allowpaging>true</allowpaging>
    <format>
    </format>
    <isvisible>y</isvisible>
    <mustshow>y</mustshow>
    <musthide>n</musthide>
    <maxlength>0</maxlength>
    <isallowsearch>y</isallowsearch>
    <isconditional>n</isconditional>
    <isallowlink>n</isallowlink>
    <islinkactionurl>/PIM/Attribute/Edit</islinkactionurl>
    <islinkparamfield>PimAttributeId</islinkparamfield>
    <ischeckbox>n</ischeckbox>
    <checkboxparamfield>
    </checkboxparamfield>
    <iscontrol>n</iscontrol>
    <controltype>
    </controltype>
    <controlparamfield>
    </controlparamfield>
    <displaytext>
    </displaytext>
    <editactionurl>
    </editactionurl>
    <editparamfield>
    </editparamfield>
    <deleteactionurl>
    </deleteactionurl>
    <deleteparamfield>
    </deleteparamfield>
    <viewactionurl>
    </viewactionurl>
    <viewparamfield>
    </viewparamfield>
    <imageactionurl>
    </imageactionurl>
    <imageparamfield>
    </imageparamfield>
    <manageactionurl>
    </manageactionurl>
    <manageparamfield>
    </manageparamfield>
    <copyactionurl>
    </copyactionurl>
    <copyparamfield>
    </copyparamfield>
    <xaxis>n</xaxis>
    <yaxis>n</yaxis>
    <isadvancesearch>y</isadvancesearch>
    <Class>
    </Class>
    <SearchControlType>--Select--</SearchControlType>
    <SearchControlParameters>
    </SearchControlParameters>
    <DbParamField>
    </DbParamField>
    <useMode>DataBase</useMode>
    <IsGraph>n</IsGraph>
    <allowdetailview>n</allowdetailview>
  </column>
  <column>
    <id>3</id>
    <name>AttributeType</name>
    <headertext>Attribute Type</headertext>
    <width>40</width>
    <datatype>String</datatype>
    <columntype>String</columntype>
    <allowsorting>false</allowsorting>
    <allowpaging>true</allowpaging>
    <format>
    </format>
    <isvisible>y</isvisible>
    <mustshow>n</mustshow>
    <musthide>n</musthide>
    <maxlength>0</maxlength>
    <isallowsearch>n</isallowsearch>
    <isconditional>n</isconditional>
    <isallowlink>n</isallowlink>
    <islinkactionurl>/PIM/PIMAttribute/Edit</islinkactionurl>
    <islinkparamfield>PimAttributeId</islinkparamfield>
    <ischeckbox>n</ischeckbox>
    <checkboxparamfield>
    </checkboxparamfield>
    <iscontrol>n</iscontrol>
    <controltype>
    </controltype>
    <controlparamfield>
    </controlparamfield>
    <displaytext>
    </displaytext>
    <editactionurl>
    </editactionurl>
    <editparamfield>
    </editparamfield>
    <deleteactionurl>
    </deleteactionurl>
    <deleteparamfield>
    </deleteparamfield>
    <viewactionurl>
    </viewactionurl>
    <viewparamfield>
    </viewparamfield>
    <imageactionurl>
    </imageactionurl>
    <imageparamfield>
    </imageparamfield>
    <manageactionurl>
    </manageactionurl>
    <manageparamfield>
    </manageparamfield>
    <copyactionurl>
    </copyactionurl>
    <copyparamfield>
    </copyparamfield>
    <xaxis>n</xaxis>
    <yaxis>n</yaxis>
    <isadvancesearch>y</isadvancesearch>
    <Class>
    </Class>
    <SearchControlType>--Select--</SearchControlType>
    <SearchControlParameters>
    </SearchControlParameters>
    <DbParamField>
    </DbParamField>
    <useMode>DataBase</useMode>
    <IsGraph>n</IsGraph>
    <allowdetailview>y</allowdetailview>
  </column>
  <column>
    <id>4</id>
    <name>IsRequired</name>
    <headertext>IsRequired</headertext>
    <width>10</width>
    <datatype>Boolean</datatype>
    <columntype>String</columntype>
    <allowsorting>true</allowsorting>
    <allowpaging>true</allowpaging>
    <format>
    </format>
    <isvisible>y</isvisible>
    <mustshow>n</mustshow>
    <musthide>n</musthide>
    <maxlength>0</maxlength>
    <isallowsearch>n</isallowsearch>
    <isconditional>n</isconditional>
    <isallowlink>n</isallowlink>
    <islinkactionurl>
    </islinkactionurl>
    <islinkparamfield>
    </islinkparamfield>
    <ischeckbox>n</ischeckbox>
    <checkboxparamfield>
    </checkboxparamfield>
    <iscontrol>n</iscontrol>
    <controltype>
    </controltype>
    <controlparamfield>
    </controlparamfield>
    <displaytext>
    </displaytext>
    <editactionurl>
    </editactionurl>
    <editparamfield>
    </editparamfield>
    <deleteactionurl>
    </deleteactionurl>
    <deleteparamfield>
    </deleteparamfield>
    <viewactionurl>
    </viewactionurl>
    <viewparamfield>
    </viewparamfield>
    <imageactionurl>
    </imageactionurl>
    <imageparamfield>
    </imageparamfield>
    <manageactionurl>
    </manageactionurl>
    <manageparamfield>
    </manageparamfield>
    <copyactionurl>
    </copyactionurl>
    <copyparamfield>
    </copyparamfield>
    <xaxis>n</xaxis>
    <yaxis>n</yaxis>
    <isadvancesearch>y</isadvancesearch>
    <Class>
    </Class>
    <SearchControlType>--Select--</SearchControlType>
    <SearchControlParameters>
    </SearchControlParameters>
    <DbParamField>
    </DbParamField>
    <useMode>DataBase</useMode>
    <IsGraph>n</IsGraph>
    <allowdetailview>n</allowdetailview>
  </column>
  <column>
    <id>5</id>
    <name>IsLocalizable</name>
    <headertext>IsLocalizable</headertext>
    <width>10</width>
    <datatype>Boolean</datatype>
    <columntype>String</columntype>
    <allowsorting>true</allowsorting>
    <allowpaging>true</allowpaging>
    <format>
    </format>
    <isvisible>y</isvisible>
    <mustshow>n</mustshow>
    <musthide>n</musthide>
    <maxlength>0</maxlength>
    <isallowsearch>n</isallowsearch>
    <isconditional>n</isconditional>
    <isallowlink>n</isallowlink>
    <islinkactionurl>
    </islinkactionurl>
    <islinkparamfield>
    </islinkparamfield>
    <ischeckbox>n</ischeckbox>
    <checkboxparamfield>
    </checkboxparamfield>
    <iscontrol>n</iscontrol>
    <controltype>
    </controltype>
    <controlparamfield>
    </controlparamfield>
    <displaytext>
    </displaytext>
    <editactionurl>
    </editactionurl>
    <editparamfield>
    </editparamfield>
    <deleteactionurl>
    </deleteactionurl>
    <deleteparamfield>
    </deleteparamfield>
    <viewactionurl>
    </viewactionurl>
    <viewparamfield>
    </viewparamfield>
    <imageactionurl>
    </imageactionurl>
    <imageparamfield>
    </imageparamfield>
    <manageactionurl>
    </manageactionurl>
    <manageparamfield>
    </manageparamfield>
    <copyactionurl>
    </copyactionurl>
    <copyparamfield>
    </copyparamfield>
    <xaxis>n</xaxis>
    <yaxis>n</yaxis>
    <isadvancesearch>y</isadvancesearch>
    <Class>
    </Class>
    <SearchControlType>--Select--</SearchControlType>
    <SearchControlParameters>
    </SearchControlParameters>
    <DbParamField>
    </DbParamField>
    <useMode>DataBase</useMode>
    <IsGraph>n</IsGraph>
    <allowdetailview>n</allowdetailview>
  </column>
  <column>
    <id>6</id>
    <name>IsSystemDefined</name>
    <headertext>IsSystemDefined</headertext>
    <width>10</width>
    <datatype>Boolean</datatype>
    <columntype>String</columntype>
    <allowsorting>true</allowsorting>
    <allowpaging>true</allowpaging>
    <format>
    </format>
    <isvisible>y</isvisible>
    <mustshow>n</mustshow>
    <musthide>n</musthide>
    <maxlength>0</maxlength>
    <isallowsearch>n</isallowsearch>
    <isconditional>n</isconditional>
    <isallowlink>n</isallowlink>
    <islinkactionurl>
    </islinkactionurl>
    <islinkparamfield>
    </islinkparamfield>
    <ischeckbox>n</ischeckbox>
    <checkboxparamfield>
    </checkboxparamfield>
    <iscontrol>n</iscontrol>
    <controltype>
    </controltype>
    <controlparamfield>
    </controlparamfield>
    <displaytext>
    </displaytext>
    <editactionurl>
    </editactionurl>
    <editparamfield>
    </editparamfield>
    <deleteactionurl>
    </deleteactionurl>
    <deleteparamfield>
    </deleteparamfield>
    <viewactionurl>
    </viewactionurl>
    <viewparamfield>
    </viewparamfield>
    <imageactionurl>
    </imageactionurl>
    <imageparamfield>
    </imageparamfield>
    <manageactionurl>
    </manageactionurl>
    <manageparamfield>
    </manageparamfield>
    <copyactionurl>
    </copyactionurl>
    <copyparamfield>
    </copyparamfield>
    <xaxis>n</xaxis>
    <yaxis>n</yaxis>
    <isadvancesearch>y</isadvancesearch>
    <Class>
    </Class>
    <SearchControlType>--Select--</SearchControlType>
    <SearchControlParameters>
    </SearchControlParameters>
    <DbParamField>
    </DbParamField>
    <useMode>DataBase</useMode>
    <IsGraph>n</IsGraph>
    <allowdetailview>n</allowdetailview>
  </column>
  <column>
    <id>7</id>
    <name>Manage</name>
    <headertext>Manage</headertext>
    <width>30</width>
    <datatype>String</datatype>
    <columntype>String</columntype>
    <allowsorting>false</allowsorting>
    <allowpaging>true</allowpaging>
    <format>Edit|Delete</format>
    <isvisible>y</isvisible>
    <mustshow>y</mustshow>
    <musthide>n</musthide>
    <maxlength>0</maxlength>
    <isallowsearch>n</isallowsearch>
    <isconditional>n</isconditional>
    <isallowlink>n</isallowlink>
    <islinkactionurl>
    </islinkactionurl>
    <islinkparamfield>
    </islinkparamfield>
    <ischeckbox>n</ischeckbox>
    <checkboxparamfield>
    </checkboxparamfield>
    <iscontrol>n</iscontrol>
    <controltype>
    </controltype>
    <controlparamfield>
    </controlparamfield>
    <displaytext>Edit|Delete</displaytext>
    <editactionurl>
    </editactionurl>
    <editparamfield>
    </editparamfield>
    <deleteactionurl>
    </deleteactionurl>
    <deleteparamfield>
    </deleteparamfield>
    <viewactionurl>
    </viewactionurl>
    <viewparamfield>
    </viewparamfield>
    <imageactionurl>
    </imageactionurl>
    <imageparamfield>
    </imageparamfield>
    <manageactionurl>/PIM/CategoryAttribute/Edit|/PIM/CategoryAttribute/Delete</manageactionurl>
    <manageparamfield>PimAttributeId|pimAttributeId</manageparamfield>
    <copyactionurl>
    </copyactionurl>
    <copyparamfield>
    </copyparamfield>
    <xaxis>n</xaxis>
    <yaxis>n</yaxis>
    <isadvancesearch>y</isadvancesearch>
    <Class>
    </Class>
    <SearchControlType>--Select--</SearchControlType>
    <SearchControlParameters>
    </SearchControlParameters>
    <DbParamField>
    </DbParamField>
    <useMode>DataBase</useMode>
    <IsGraph>n</IsGraph>
    <allowdetailview>n</allowdetailview>
  </column>
</columns>', N'ZnodeCategoryAttribute', N'ZnodeCategoryAttribute', N'ZnodeCategoryAttribute', 0, NULL, NULL, NULL, NULL, 2, CAST(N'2016-04-21 09:49:04.183' AS DateTime), 2, CAST(N'2016-05-11 10:40:16.910' AS DateTime))
INSERT [dbo].[ZnodeApplicationSetting] ([ApplicationSettingId], [GroupName], [ItemName], [Setting], [ViewOptions], [FrontPageName], [FrontObjectName], [IsCompressed], [OrderByFields], [ItemNameWithoutCurrency], [CreatedByName], [ModifiedByName], [CreatedBy], [CreatedDate], [ModifiedBy], [ModifiedDate]) VALUES (1221, N'Table', N'ZnodeCategoryAttributeFamily', N'<?xml version="1.0" encoding="utf-16"?>
<columns>
  <column>
    <id>1</id>
    <name>PimAttributeFamilyId</name>
    <headertext>Checkbox</headertext>
    <width>40</width>
    <datatype>String</datatype>
    <columntype>Int32</columntype>
    <allowsorting>false</allowsorting>
    <allowpaging>false</allowpaging>
    <format>
    </format>
    <isvisible>y</isvisible>
    <mustshow>y</mustshow>
    <musthide>n</musthide>
    <maxlength>0</maxlength>
    <isallowsearch>n</isallowsearch>
    <isconditional>n</isconditional>
    <isallowlink>n</isallowlink>
    <islinkactionurl>
    </islinkactionurl>
    <islinkparamfield>
    </islinkparamfield>
    <ischeckbox>y</ischeckbox>
    <checkboxparamfield>
    </checkboxparamfield>
    <iscontrol>n</iscontrol>
    <controltype>
    </controltype>
    <controlparamfield>
    </controlparamfield>
    <displaytext>
    </displaytext>
    <editactionurl>
    </editactionurl>
    <editparamfield>
    </editparamfield>
    <deleteactionurl>
    </deleteactionurl>
    <deleteparamfield>
    </deleteparamfield>
    <viewactionurl>
    </viewactionurl>
    <viewparamfield>
    </viewparamfield>
    <imageactionurl>
    </imageactionurl>
    <imageparamfield>
    </imageparamfield>
    <manageactionurl>
    </manageactionurl>
    <manageparamfield>
    </manageparamfield>
    <copyactionurl>
    </copyactionurl>
    <copyparamfield>
    </copyparamfield>
    <xaxis>n</xaxis>
    <yaxis>n</yaxis>
    <isadvancesearch>y</isadvancesearch>
    <Class>
    </Class>
    <SearchControlType>--Select--</SearchControlType>
    <SearchControlParameters>
    </SearchControlParameters>
    <DbParamField>
    </DbParamField>
    <useMode>DataBase</useMode>
    <IsGraph>n</IsGraph>
    <allowdetailview>n</allowdetailview>
  </column>
  <column>
    <id>2</id>
    <name>FamilyCode</name>
    <headertext>Family Code</headertext>
    <width>60</width>
    <datatype>String</datatype>
    <columntype>String</columntype>
    <allowsorting>true</allowsorting>
    <allowpaging>true</allowpaging>
    <format>
    </format>
    <isvisible>y</isvisible>
    <mustshow>y</mustshow>
    <musthide>n</musthide>
    <maxlength>0</maxlength>
    <isallowsearch>y</isallowsearch>
    <isconditional>n</isconditional>
    <isallowlink>n</isallowlink>
    <islinkactionurl>
    </islinkactionurl>
    <islinkparamfield>
    </islinkparamfield>
    <ischeckbox>n</ischeckbox>
    <checkboxparamfield>
    </checkboxparamfield>
    <iscontrol>n</iscontrol>
    <controltype>
    </controltype>
    <controlparamfield>
    </controlparamfield>
    <displaytext>
    </displaytext>
    <editactionurl>
    </editactionurl>
    <editparamfield>
    </editparamfield>
    <deleteactionurl>
    </deleteactionurl>
    <deleteparamfield>
    </deleteparamfield>
    <viewactionurl>
    </viewactionurl>
    <viewparamfield>
    </viewparamfield>
    <imageactionurl>
    </imageactionurl>
    <imageparamfield>
    </imageparamfield>
    <manageactionurl>
    </manageactionurl>
    <manageparamfield>
    </manageparamfield>
    <copyactionurl>
    </copyactionurl>
    <copyparamfield>
    </copyparamfield>
    <xaxis>n</xaxis>
    <yaxis>n</yaxis>
    <isadvancesearch>y</isadvancesearch>
    <Class>
    </Class>
    <SearchControlType>--Select--</SearchControlType>
    <SearchControlParameters>
    </SearchControlParameters>
    <DbParamField>
    </DbParamField>
    <useMode>DataBase</useMode>
    <IsGraph>n</IsGraph>
    <allowdetailview>n</allowdetailview>
  </column>
  <column>
    <id>3</id>
    <name>IsSystemDefined</name>
    <headertext>IsSystem Defined</headertext>
    <width>0</width>
    <datatype>Boolean</datatype>
    <columntype>Boolean</columntype>
    <allowsorting>true</allowsorting>
    <allowpaging>false</allowpaging>
    <format>
    </format>
    <isvisible>y</isvisible>
    <mustshow>n</mustshow>
    <musthide>n</musthide>
    <maxlength>0</maxlength>
    <isallowsearch>y</isallowsearch>
    <isconditional>n</isconditional>
    <isallowlink>n</isallowlink>
    <islinkactionurl>
    </islinkactionurl>
    <islinkparamfield>
    </islinkparamfield>
    <ischeckbox>n</ischeckbox>
    <checkboxparamfield>
    </checkboxparamfield>
    <iscontrol>n</iscontrol>
    <controltype>
    </controltype>
    <controlparamfield>
    </controlparamfield>
    <displaytext>
    </displaytext>
    <editactionurl>
    </editactionurl>
    <editparamfield>
    </editparamfield>
    <deleteactionurl>
    </deleteactionurl>
    <deleteparamfield>
    </deleteparamfield>
    <viewactionurl>
    </viewactionurl>
    <viewparamfield>
    </viewparamfield>
    <imageactionurl>
    </imageactionurl>
    <imageparamfield>
    </imageparamfield>
    <manageactionurl>
    </manageactionurl>
    <manageparamfield>
    </manageparamfield>
    <copyactionurl>
    </copyactionurl>
    <copyparamfield>
    </copyparamfield>
    <xaxis>n</xaxis>
    <yaxis>n</yaxis>
    <isadvancesearch>y</isadvancesearch>
    <Class>
    </Class>
    <SearchControlType>--Select--</SearchControlType>
    <SearchControlParameters>
    </SearchControlParameters>
    <DbParamField>
    </DbParamField>
    <useMode>DataBase</useMode>
    <IsGraph>n</IsGraph>
    <allowdetailview>n</allowdetailview>
  </column>
  <column>
    <id>4</id>
    <name>IsDefaultFamily</name>
    <headertext>IsDefault Family</headertext>
    <width>0</width>
    <datatype>Boolean</datatype>
    <columntype>Boolean</columntype>
    <allowsorting>false</allowsorting>
    <allowpaging>false</allowpaging>
    <format>
    </format>
    <isvisible>n</isvisible>
    <mustshow>n</mustshow>
    <musthide>n</musthide>
    <maxlength>0</maxlength>
    <isallowsearch>n</isallowsearch>
    <isconditional>n</isconditional>
    <isallowlink>n</isallowlink>
    <islinkactionurl>
    </islinkactionurl>
    <islinkparamfield>
    </islinkparamfield>
    <ischeckbox>n</ischeckbox>
    <checkboxparamfield>
    </checkboxparamfield>
    <iscontrol>n</iscontrol>
    <controltype>
    </controltype>
    <controlparamfield>
    </controlparamfield>
    <displaytext>
    </displaytext>
    <editactionurl>
    </editactionurl>
    <editparamfield>
    </editparamfield>
    <deleteactionurl>
    </deleteactionurl>
    <deleteparamfield>
    </deleteparamfield>
    <viewactionurl>
    </viewactionurl>
    <viewparamfield>
    </viewparamfield>
    <imageactionurl>
    </imageactionurl>
    <imageparamfield>
    </imageparamfield>
    <manageactionurl>
    </manageactionurl>
    <manageparamfield>
    </manageparamfield>
    <copyactionurl>
    </copyactionurl>
    <copyparamfield>
    </copyparamfield>
    <xaxis>n</xaxis>
    <yaxis>n</yaxis>
    <isadvancesearch>n</isadvancesearch>
    <Class>
    </Class>
    <SearchControlType>--Select--</SearchControlType>
    <SearchControlParameters>
    </SearchControlParameters>
    <DbParamField>
    </DbParamField>
    <useMode>DataBase</useMode>
    <IsGraph>n</IsGraph>
    <allowdetailview>n</allowdetailview>
  </column>
  <column>
    <id>5</id>
    <name>CreatedDate</name>
    <headertext>Created</headertext>
    <width>30</width>
    <datatype>String</datatype>
    <columntype>DateTime</columntype>
    <allowsorting>true</allowsorting>
    <allowpaging>false</allowpaging>
    <format>
    </format>
    <isvisible>y</isvisible>
    <mustshow>n</mustshow>
    <musthide>n</musthide>
    <maxlength>0</maxlength>
    <isallowsearch>n</isallowsearch>
    <isconditional>n</isconditional>
    <isallowlink>n</isallowlink>
    <islinkactionurl>
    </islinkactionurl>
    <islinkparamfield>
    </islinkparamfield>
    <ischeckbox>n</ischeckbox>
    <checkboxparamfield>
    </checkboxparamfield>
    <iscontrol>n</iscontrol>
    <controltype>
    </controltype>
    <controlparamfield>
    </controlparamfield>
    <displaytext>
    </displaytext>
    <editactionurl>
    </editactionurl>
    <editparamfield>
    </editparamfield>
    <deleteactionurl>
    </deleteactionurl>
    <deleteparamfield>
    </deleteparamfield>
    <viewactionurl>
    </viewactionurl>
    <viewparamfield>
    </viewparamfield>
    <imageactionurl>
    </imageactionurl>
    <imageparamfield>
    </imageparamfield>
    <manageactionurl>
    </manageactionurl>
    <manageparamfield>
    </manageparamfield>
    <copyactionurl>
    </copyactionurl>
    <copyparamfield>
    </copyparamfield>
    <xaxis>n</xaxis>
    <yaxis>n</yaxis>
    <isadvancesearch>y</isadvancesearch>
    <Class>
    </Class>
    <SearchControlType>--Select--</SearchControlType>
    <SearchControlParameters>
    </SearchControlParameters>
    <DbParamField>
    </DbParamField>
    <useMode>DataBase</useMode>
    <IsGraph>n</IsGraph>
    <allowdetailview>n</allowdetailview>
  </column>
  <column>
    <id>6</id>
    <name>ModifiedDate</name>
    <headertext>Modified</headertext>
    <width>30</width>
    <datatype>String</datatype>
    <columntype>DateTime</columntype>
    <allowsorting>true</allowsorting>
    <allowpaging>false</allowpaging>
    <format>
    </format>
    <isvisible>y</isvisible>
    <mustshow>n</mustshow>
    <musthide>n</musthide>
    <maxlength>0</maxlength>
    <isallowsearch>n</isallowsearch>
    <isconditional>n</isconditional>
    <isallowlink>n</isallowlink>
    <islinkactionurl>
    </islinkactionurl>
    <islinkparamfield>
    </islinkparamfield>
    <ischeckbox>n</ischeckbox>
    <checkboxparamfield>
    </checkboxparamfield>
    <iscontrol>n</iscontrol>
    <controltype>
    </controltype>
    <controlparamfield>
    </controlparamfield>
    <displaytext>
    </displaytext>
    <editactionurl>
    </editactionurl>
    <editparamfield>
    </editparamfield>
    <deleteactionurl>
    </deleteactionurl>
    <deleteparamfield>
    </deleteparamfield>
    <viewactionurl>
    </viewactionurl>
    <viewparamfield>
    </viewparamfield>
    <imageactionurl>
    </imageactionurl>
    <imageparamfield>
    </imageparamfield>
    <manageactionurl>
    </manageactionurl>
    <manageparamfield>
    </manageparamfield>
    <copyactionurl>
    </copyactionurl>
    <copyparamfield>
    </copyparamfield>
    <xaxis>n</xaxis>
    <yaxis>n</yaxis>
    <isadvancesearch>y</isadvancesearch>
    <Class>
    </Class>
    <SearchControlType>--Select--</SearchControlType>
    <SearchControlParameters>
    </SearchControlParameters>
    <DbParamField>
    </DbParamField>
    <useMode>DataBase</useMode>
    <IsGraph>n</IsGraph>
    <allowdetailview>n</allowdetailview>
  </column>
  <column>
    <id>7</id>
    <name>Manage</name>
    <headertext>Action</headertext>
    <width>30</width>
    <datatype>String</datatype>
    <columntype>String</columntype>
    <allowsorting>false</allowsorting>
    <allowpaging>false</allowpaging>
    <format>Edit|Delete</format>
    <isvisible>y</isvisible>
    <mustshow>y</mustshow>
    <musthide>n</musthide>
    <maxlength>0</maxlength>
    <isallowsearch>n</isallowsearch>
    <isconditional>n</isconditional>
    <isallowlink>n</isallowlink>
    <islinkactionurl>
    </islinkactionurl>
    <islinkparamfield>
    </islinkparamfield>
    <ischeckbox>n</ischeckbox>
    <checkboxparamfield>
    </checkboxparamfield>
    <iscontrol>n</iscontrol>
    <controltype>
    </controltype>
    <controlparamfield>
    </controlparamfield>
    <displaytext>Edit|Delete</displaytext>
    <editactionurl>
    </editactionurl>
    <editparamfield>
    </editparamfield>
    <deleteactionurl>
    </deleteactionurl>
    <deleteparamfield>
    </deleteparamfield>
    <viewactionurl>
    </viewactionurl>
    <viewparamfield>
    </viewparamfield>
    <imageactionurl>
    </imageactionurl>
    <imageparamfield>
    </imageparamfield>
    <manageactionurl>/PIM/CategoryAttributeFamily/Edit|/PIM/CategoryAttributeFamily/Delete</manageactionurl>
    <manageparamfield>pimAttributeFamilyId|pimAttributeFamilyId</manageparamfield>
    <copyactionurl>
    </copyactionurl>
    <copyparamfield>
    </copyparamfield>
    <xaxis>n</xaxis>
    <yaxis>n</yaxis>
    <isadvancesearch>y</isadvancesearch>
    <Class>
    </Class>
    <SearchControlType>--Select--</SearchControlType>
    <SearchControlParameters>
    </SearchControlParameters>
    <DbParamField>
    </DbParamField>
    <useMode>DataBase</useMode>
    <IsGraph>n</IsGraph>
    <allowdetailview>n</allowdetailview>
  </column>
</columns>', N'ZnodeCategoryAttributeFamily', N'ZnodeCategoryAttributeFamily', N'ZnodeCategoryAttributeFamily', 0, NULL, NULL, NULL, NULL, 2, CAST(N'2016-04-21 11:52:51.447' AS DateTime), 2, CAST(N'2016-05-11 10:41:00.267' AS DateTime))
INSERT [dbo].[ZnodeApplicationSetting] ([ApplicationSettingId], [GroupName], [ItemName], [Setting], [ViewOptions], [FrontPageName], [FrontObjectName], [IsCompressed], [OrderByFields], [ItemNameWithoutCurrency], [CreatedByName], [ModifiedByName], [CreatedBy], [CreatedDate], [ModifiedBy], [ModifiedDate]) VALUES (1225, N'Table', N'ZnodeCategoryAttributeGroup', N'<?xml version="1.0" encoding="utf-16"?>
<columns>
  <column>
    <id>1</id>
    <name>PimAttributeGroupId</name>
    <headertext>Checkbox</headertext>
    <width>40</width>
    <datatype>String</datatype>
    <columntype>Int32</columntype>
    <allowsorting>false</allowsorting>
    <allowpaging>false</allowpaging>
    <format>
    </format>
    <isvisible>n</isvisible>
    <mustshow>n</mustshow>
    <musthide>n</musthide>
    <maxlength>0</maxlength>
    <isallowsearch>n</isallowsearch>
    <isconditional>n</isconditional>
    <isallowlink>n</isallowlink>
    <islinkactionurl>
    </islinkactionurl>
    <islinkparamfield>
    </islinkparamfield>
    <ischeckbox>y</ischeckbox>
    <checkboxparamfield>
    </checkboxparamfield>
    <iscontrol>n</iscontrol>
    <controltype>
    </controltype>
    <controlparamfield>
    </controlparamfield>
    <displaytext>
    </displaytext>
    <editactionurl>
    </editactionurl>
    <editparamfield>
    </editparamfield>
    <deleteactionurl>
    </deleteactionurl>
    <deleteparamfield>
    </deleteparamfield>
    <viewactionurl>
    </viewactionurl>
    <viewparamfield>
    </viewparamfield>
    <imageactionurl>
    </imageactionurl>
    <imageparamfield>
    </imageparamfield>
    <manageactionurl>
    </manageactionurl>
    <manageparamfield>
    </manageparamfield>
    <copyactionurl>
    </copyactionurl>
    <copyparamfield>
    </copyparamfield>
    <xaxis>n</xaxis>
    <yaxis>n</yaxis>
    <isadvancesearch>y</isadvancesearch>
    <Class>
    </Class>
    <SearchControlType>--Select--</SearchControlType>
    <SearchControlParameters>
    </SearchControlParameters>
    <DbParamField>
    </DbParamField>
    <useMode>DataBase</useMode>
    <IsGraph>n</IsGraph>
    <allowdetailview>n</allowdetailview>
  </column>
  <column>
    <id>2</id>
    <name>GroupCode</name>
    <headertext>Group Code</headertext>
    <width>40</width>
    <datatype>String</datatype>
    <columntype>String</columntype>
    <allowsorting>true</allowsorting>
    <allowpaging>false</allowpaging>
    <format>
    </format>
    <isvisible>y</isvisible>
    <mustshow>y</mustshow>
    <musthide>n</musthide>
    <maxlength>0</maxlength>
    <isallowsearch>y</isallowsearch>
    <isconditional>n</isconditional>
    <isallowlink>n</isallowlink>
    <islinkactionurl>
    </islinkactionurl>
    <islinkparamfield>
    </islinkparamfield>
    <ischeckbox>n</ischeckbox>
    <checkboxparamfield>
    </checkboxparamfield>
    <iscontrol>n</iscontrol>
    <controltype>
    </controltype>
    <controlparamfield>
    </controlparamfield>
    <displaytext>
    </displaytext>
    <editactionurl>
    </editactionurl>
    <editparamfield>
    </editparamfield>
    <deleteactionurl>
    </deleteactionurl>
    <deleteparamfield>
    </deleteparamfield>
    <viewactionurl>
    </viewactionurl>
    <viewparamfield>
    </viewparamfield>
    <imageactionurl>
    </imageactionurl>
    <imageparamfield>
    </imageparamfield>
    <manageactionurl>
    </manageactionurl>
    <manageparamfield>
    </manageparamfield>
    <copyactionurl>
    </copyactionurl>
    <copyparamfield>
    </copyparamfield>
    <xaxis>n</xaxis>
    <yaxis>n</yaxis>
    <isadvancesearch>y</isadvancesearch>
    <Class>
    </Class>
    <SearchControlType>--Select--</SearchControlType>
    <SearchControlParameters>
    </SearchControlParameters>
    <DbParamField>
    </DbParamField>
    <useMode>DataBase</useMode>
    <IsGraph>n</IsGraph>
    <allowdetailview>n</allowdetailview>
  </column>
  <column>
    <id>3</id>
    <name>IsSystemDefined</name>
    <headertext>IsSystem Defined</headertext>
    <width>40</width>
    <datatype>Boolean</datatype>
    <columntype>Boolean</columntype>
    <allowsorting>true</allowsorting>
    <allowpaging>false</allowpaging>
    <format>
    </format>
    <isvisible>y</isvisible>
    <mustshow>n</mustshow>
    <musthide>n</musthide>
    <maxlength>0</maxlength>
    <isallowsearch>y</isallowsearch>
    <isconditional>n</isconditional>
    <isallowlink>n</isallowlink>
    <islinkactionurl>
    </islinkactionurl>
    <islinkparamfield>
    </islinkparamfield>
    <ischeckbox>n</ischeckbox>
    <checkboxparamfield>
    </checkboxparamfield>
    <iscontrol>n</iscontrol>
    <controltype>
    </controltype>
    <controlparamfield>
    </controlparamfield>
    <displaytext>
    </displaytext>
    <editactionurl>
    </editactionurl>
    <editparamfield>
    </editparamfield>
    <deleteactionurl>
    </deleteactionurl>
    <deleteparamfield>
    </deleteparamfield>
    <viewactionurl>
    </viewactionurl>
    <viewparamfield>
    </viewparamfield>
    <imageactionurl>
    </imageactionurl>
    <imageparamfield>
    </imageparamfield>
    <manageactionurl>
    </manageactionurl>
    <manageparamfield>
    </manageparamfield>
    <copyactionurl>
    </copyactionurl>
    <copyparamfield>
    </copyparamfield>
    <xaxis>n</xaxis>
    <yaxis>n</yaxis>
    <isadvancesearch>y</isadvancesearch>
    <Class>
    </Class>
    <SearchControlType>--Select--</SearchControlType>
    <SearchControlParameters>
    </SearchControlParameters>
    <DbParamField>
    </DbParamField>
    <useMode>DataBase</useMode>
    <IsGraph>n</IsGraph>
    <allowdetailview>n</allowdetailview>
  </column>
  <column>
    <id>4</id>
    <name>CreatedDate</name>
    <headertext>Created Date</headertext>
    <width>0</width>
    <datatype>String</datatype>
    <columntype>DateTime</columntype>
    <allowsorting>false</allowsorting>
    <allowpaging>false</allowpaging>
    <format>
    </format>
    <isvisible>y</isvisible>
    <mustshow>n</mustshow>
    <musthide>n</musthide>
    <maxlength>0</maxlength>
    <isallowsearch>n</isallowsearch>
    <isconditional>n</isconditional>
    <isallowlink>n</isallowlink>
    <islinkactionurl>
    </islinkactionurl>
    <islinkparamfield>
    </islinkparamfield>
    <ischeckbox>n</ischeckbox>
    <checkboxparamfield>
    </checkboxparamfield>
    <iscontrol>n</iscontrol>
    <controltype>
    </controltype>
    <controlparamfield>
    </controlparamfield>
    <displaytext>
    </displaytext>
    <editactionurl>
    </editactionurl>
    <editparamfield>
    </editparamfield>
    <deleteactionurl>
    </deleteactionurl>
    <deleteparamfield>
    </deleteparamfield>
    <viewactionurl>
    </viewactionurl>
    <viewparamfield>
    </viewparamfield>
    <imageactionurl>
    </imageactionurl>
    <imageparamfield>
    </imageparamfield>
    <manageactionurl>
    </manageactionurl>
    <manageparamfield>
    </manageparamfield>
    <copyactionurl>
    </copyactionurl>
    <copyparamfield>
    </copyparamfield>
    <xaxis>n</xaxis>
    <yaxis>n</yaxis>
    <isadvancesearch>y</isadvancesearch>
    <Class>
    </Class>
    <SearchControlType>--Select--</SearchControlType>
    <SearchControlParameters>
    </SearchControlParameters>
    <DbParamField>
    </DbParamField>
    <useMode>DataBase</useMode>
    <IsGraph>n</IsGraph>
    <allowdetailview>n</allowdetailview>
  </column>
  <column>
    <id>5</id>
    <name>ModifiedDate</name>
    <headertext>Modified Date</headertext>
    <width>0</width>
    <datatype>String</datatype>
    <columntype>DateTime</columntype>
    <allowsorting>false</allowsorting>
    <allowpaging>false</allowpaging>
    <format>
    </format>
    <isvisible>y</isvisible>
    <mustshow>n</mustshow>
    <musthide>n</musthide>
    <maxlength>0</maxlength>
    <isallowsearch>n</isallowsearch>
    <isconditional>n</isconditional>
    <isallowlink>n</isallowlink>
    <islinkactionurl>
    </islinkactionurl>
    <islinkparamfield>
    </islinkparamfield>
    <ischeckbox>n</ischeckbox>
    <checkboxparamfield>
    </checkboxparamfield>
    <iscontrol>n</iscontrol>
    <controltype>
    </controltype>
    <controlparamfield>
    </controlparamfield>
    <displaytext>
    </displaytext>
    <editactionurl>
    </editactionurl>
    <editparamfield>
    </editparamfield>
    <deleteactionurl>
    </deleteactionurl>
    <deleteparamfield>
    </deleteparamfield>
    <viewactionurl>
    </viewactionurl>
    <viewparamfield>
    </viewparamfield>
    <imageactionurl>
    </imageactionurl>
    <imageparamfield>
    </imageparamfield>
    <manageactionurl>
    </manageactionurl>
    <manageparamfield>
    </manageparamfield>
    <copyactionurl>
    </copyactionurl>
    <copyparamfield>
    </copyparamfield>
    <xaxis>n</xaxis>
    <yaxis>n</yaxis>
    <isadvancesearch>y</isadvancesearch>
    <Class>
    </Class>
    <SearchControlType>--Select--</SearchControlType>
    <SearchControlParameters>
    </SearchControlParameters>
    <DbParamField>
    </DbParamField>
    <useMode>DataBase</useMode>
    <IsGraph>n</IsGraph>
    <allowdetailview>n</allowdetailview>
  </column>
  <column>
    <id>6</id>
    <name>Manage</name>
    <headertext>Action</headertext>
    <width>40</width>
    <datatype>String</datatype>
    <columntype>String</columntype>
    <allowsorting>false</allowsorting>
    <allowpaging>false</allowpaging>
    <format>Edit|Delete</format>
    <isvisible>y</isvisible>
    <mustshow>y</mustshow>
    <musthide>n</musthide>
    <maxlength>0</maxlength>
    <isallowsearch>n</isallowsearch>
    <isconditional>n</isconditional>
    <isallowlink>n</isallowlink>
    <islinkactionurl>
    </islinkactionurl>
    <islinkparamfield>
    </islinkparamfield>
    <ischeckbox>n</ischeckbox>
    <checkboxparamfield>
    </checkboxparamfield>
    <iscontrol>n</iscontrol>
    <controltype>
    </controltype>
    <controlparamfield>
    </controlparamfield>
    <displaytext>Edit|Delete</displaytext>
    <editactionurl>
    </editactionurl>
    <editparamfield>
    </editparamfield>
    <deleteactionurl>
    </deleteactionurl>
    <deleteparamfield>
    </deleteparamfield>
    <viewactionurl>
    </viewactionurl>
    <viewparamfield>
    </viewparamfield>
    <imageactionurl>
    </imageactionurl>
    <imageparamfield>
    </imageparamfield>
    <manageactionurl>/PIM/CategoryAttributeGroup/Edit|/PIM/CategoryAttributeGroup/Delete</manageactionurl>
    <manageparamfield>pimAttributeGroupId|pimAttributeGroupId</manageparamfield>
    <copyactionurl>
    </copyactionurl>
    <copyparamfield>
    </copyparamfield>
    <xaxis>n</xaxis>
    <yaxis>n</yaxis>
    <isadvancesearch>y</isadvancesearch>
    <Class>
    </Class>
    <SearchControlType>--Select--</SearchControlType>
    <SearchControlParameters>
    </SearchControlParameters>
    <DbParamField>
    </DbParamField>
    <useMode>DataBase</useMode>
    <IsGraph>n</IsGraph>
    <allowdetailview>n</allowdetailview>
  </column>
</columns>', N'ZnodeCategoryAttributeGroup', N'ZnodeCategoryAttributeGroup', N'ZnodeCategoryAttributeGroup', 0, NULL, NULL, NULL, NULL, 2, CAST(N'2016-04-21 00:00:00.000' AS DateTime), 2, CAST(N'2016-05-11 10:41:35.823' AS DateTime))
INSERT [dbo].[ZnodeApplicationSetting] ([ApplicationSettingId], [GroupName], [ItemName], [Setting], [ViewOptions], [FrontPageName], [FrontObjectName], [IsCompressed], [OrderByFields], [ItemNameWithoutCurrency], [CreatedByName], [ModifiedByName], [CreatedBy], [CreatedDate], [ModifiedBy], [ModifiedDate]) VALUES (1226, N'Table', N'ZnodeCategoryAssignedAttributes', N'<?xml version="1.0" encoding="utf-16"?>
<columns>
  <column>
    <id>1</id>
    <name>PimAttributeId</name>
    <headertext>Checkbox</headertext>
    <width>0</width>
    <datatype>String</datatype>
    <columntype>Int32</columntype>
    <allowsorting>false</allowsorting>
    <allowpaging>false</allowpaging>
    <format>
    </format>
    <isvisible>y</isvisible>
    <mustshow>n</mustshow>
    <musthide>n</musthide>
    <maxlength>0</maxlength>
    <isallowsearch>n</isallowsearch>
    <isconditional>n</isconditional>
    <isallowlink>n</isallowlink>
    <islinkactionurl>
    </islinkactionurl>
    <islinkparamfield>
    </islinkparamfield>
    <ischeckbox>y</ischeckbox>
    <checkboxparamfield>
    </checkboxparamfield>
    <iscontrol>n</iscontrol>
    <controltype>
    </controltype>
    <controlparamfield>
    </controlparamfield>
    <displaytext>
    </displaytext>
    <editactionurl>
    </editactionurl>
    <editparamfield>
    </editparamfield>
    <deleteactionurl>
    </deleteactionurl>
    <deleteparamfield>
    </deleteparamfield>
    <viewactionurl>
    </viewactionurl>
    <viewparamfield>
    </viewparamfield>
    <imageactionurl>
    </imageactionurl>
    <imageparamfield>
    </imageparamfield>
    <manageactionurl>
    </manageactionurl>
    <manageparamfield>
    </manageparamfield>
    <copyactionurl>
    </copyactionurl>
    <copyparamfield>
    </copyparamfield>
    <xaxis>n</xaxis>
    <yaxis>n</yaxis>
    <isadvancesearch>y</isadvancesearch>
    <Class>
    </Class>
    <SearchControlType>--Select--</SearchControlType>
    <SearchControlParameters>
    </SearchControlParameters>
    <DbParamField>
    </DbParamField>
    <useMode>DataBase</useMode>
    <IsGraph>n</IsGraph>
    <allowdetailview>n</allowdetailview>
  </column>
  <column>
    <id>2</id>
    <name>PimAttributeGroupId</name>
    <headertext>PimAttributeGroupId</headertext>
    <width>0</width>
    <datatype>String</datatype>
    <columntype>String</columntype>
    <allowsorting>false</allowsorting>
    <allowpaging>false</allowpaging>
    <format>
    </format>
    <isvisible>n</isvisible>
    <mustshow>n</mustshow>
    <musthide>n</musthide>
    <maxlength>0</maxlength>
    <isallowsearch>n</isallowsearch>
    <isconditional>n</isconditional>
    <isallowlink>n</isallowlink>
    <islinkactionurl>
    </islinkactionurl>
    <islinkparamfield>
    </islinkparamfield>
    <ischeckbox>n</ischeckbox>
    <checkboxparamfield>
    </checkboxparamfield>
    <iscontrol>n</iscontrol>
    <controltype>
    </controltype>
    <controlparamfield>
    </controlparamfield>
    <displaytext>
    </displaytext>
    <editactionurl>
    </editactionurl>
    <editparamfield>
    </editparamfield>
    <deleteactionurl>
    </deleteactionurl>
    <deleteparamfield>
    </deleteparamfield>
    <viewactionurl>
    </viewactionurl>
    <viewparamfield>
    </viewparamfield>
    <imageactionurl>
    </imageactionurl>
    <imageparamfield>
    </imageparamfield>
    <manageactionurl>
    </manageactionurl>
    <manageparamfield>
    </manageparamfield>
    <copyactionurl>
    </copyactionurl>
    <copyparamfield>
    </copyparamfield>
    <xaxis>n</xaxis>
    <yaxis>n</yaxis>
    <isadvancesearch>n</isadvancesearch>
    <Class>
    </Class>
    <SearchControlType>--Select--</SearchControlType>
    <SearchControlParameters>
    </SearchControlParameters>
    <DbParamField>
    </DbParamField>
    <useMode>DataBase</useMode>
    <IsGraph>n</IsGraph>
    <allowdetailview>n</allowdetailview>
  </column>
  <column>
    <id>3</id>
    <name>AttributeType</name>
    <headertext>Attribute Type</headertext>
    <width>0</width>
    <datatype>String</datatype>
    <columntype>String</columntype>
    <allowsorting>false</allowsorting>
    <allowpaging>false</allowpaging>
    <format>
    </format>
    <isvisible>y</isvisible>
    <mustshow>n</mustshow>
    <musthide>n</musthide>
    <maxlength>0</maxlength>
    <isallowsearch>n</isallowsearch>
    <isconditional>n</isconditional>
    <isallowlink>n</isallowlink>
    <islinkactionurl>
    </islinkactionurl>
    <islinkparamfield>
    </islinkparamfield>
    <ischeckbox>n</ischeckbox>
    <checkboxparamfield>
    </checkboxparamfield>
    <iscontrol>n</iscontrol>
    <controltype>
    </controltype>
    <controlparamfield>
    </controlparamfield>
    <displaytext>
    </displaytext>
    <editactionurl>
    </editactionurl>
    <editparamfield>
    </editparamfield>
    <deleteactionurl>
    </deleteactionurl>
    <deleteparamfield>
    </deleteparamfield>
    <viewactionurl>
    </viewactionurl>
    <viewparamfield>
    </viewparamfield>
    <imageactionurl>
    </imageactionurl>
    <imageparamfield>
    </imageparamfield>
    <manageactionurl>
    </manageactionurl>
    <manageparamfield>
    </manageparamfield>
    <copyactionurl>
    </copyactionurl>
    <copyparamfield>
    </copyparamfield>
    <xaxis>n</xaxis>
    <yaxis>n</yaxis>
    <isadvancesearch>y</isadvancesearch>
    <Class>
    </Class>
    <SearchControlType>--Select--</SearchControlType>
    <SearchControlParameters>
    </SearchControlParameters>
    <DbParamField>
    </DbParamField>
    <useMode>DataBase</useMode>
    <IsGraph>n</IsGraph>
    <allowdetailview>n</allowdetailview>
  </column>
  <column>
    <id>4</id>
    <name>AttributeCode</name>
    <headertext>Attribute Code</headertext>
    <width>0</width>
    <datatype>String</datatype>
    <columntype>String</columntype>
    <allowsorting>false</allowsorting>
    <allowpaging>false</allowpaging>
    <format>
    </format>
    <isvisible>y</isvisible>
    <mustshow>n</mustshow>
    <musthide>n</musthide>
    <maxlength>0</maxlength>
    <isallowsearch>y</isallowsearch>
    <isconditional>n</isconditional>
    <isallowlink>n</isallowlink>
    <islinkactionurl>
    </islinkactionurl>
    <islinkparamfield>
    </islinkparamfield>
    <ischeckbox>n</ischeckbox>
    <checkboxparamfield>
    </checkboxparamfield>
    <iscontrol>n</iscontrol>
    <controltype>
    </controltype>
    <controlparamfield>
    </controlparamfield>
    <displaytext>
    </displaytext>
    <editactionurl>
    </editactionurl>
    <editparamfield>
    </editparamfield>
    <deleteactionurl>
    </deleteactionurl>
    <deleteparamfield>
    </deleteparamfield>
    <viewactionurl>
    </viewactionurl>
    <viewparamfield>
    </viewparamfield>
    <imageactionurl>
    </imageactionurl>
    <imageparamfield>
    </imageparamfield>
    <manageactionurl>
    </manageactionurl>
    <manageparamfield>
    </manageparamfield>
    <copyactionurl>
    </copyactionurl>
    <copyparamfield>
    </copyparamfield>
    <xaxis>n</xaxis>
    <yaxis>n</yaxis>
    <isadvancesearch>y</isadvancesearch>
    <Class>
    </Class>
    <SearchControlType>--Select--</SearchControlType>
    <SearchControlParameters>
    </SearchControlParameters>
    <DbParamField>
    </DbParamField>
    <useMode>DataBase</useMode>
    <IsGraph>n</IsGraph>
    <allowdetailview>n</allowdetailview>
  </column>
  <column>
    <id>5</id>
    <name>IsRequired</name>
    <headertext>Is Required</headertext>
    <width>0</width>
    <datatype>Boolean</datatype>
    <columntype>Boolean</columntype>
    <allowsorting>false</allowsorting>
    <allowpaging>false</allowpaging>
    <format>
    </format>
    <isvisible>y</isvisible>
    <mustshow>n</mustshow>
    <musthide>n</musthide>
    <maxlength>0</maxlength>
    <isallowsearch>n</isallowsearch>
    <isconditional>n</isconditional>
    <isallowlink>n</isallowlink>
    <islinkactionurl>
    </islinkactionurl>
    <islinkparamfield>
    </islinkparamfield>
    <ischeckbox>n</ischeckbox>
    <checkboxparamfield>
    </checkboxparamfield>
    <iscontrol>n</iscontrol>
    <controltype>
    </controltype>
    <controlparamfield>
    </controlparamfield>
    <displaytext>
    </displaytext>
    <editactionurl>
    </editactionurl>
    <editparamfield>
    </editparamfield>
    <deleteactionurl>
    </deleteactionurl>
    <deleteparamfield>
    </deleteparamfield>
    <viewactionurl>
    </viewactionurl>
    <viewparamfield>
    </viewparamfield>
    <imageactionurl>
    </imageactionurl>
    <imageparamfield>
    </imageparamfield>
    <manageactionurl>
    </manageactionurl>
    <manageparamfield>
    </manageparamfield>
    <copyactionurl>
    </copyactionurl>
    <copyparamfield>
    </copyparamfield>
    <xaxis>n</xaxis>
    <yaxis>n</yaxis>
    <isadvancesearch>y</isadvancesearch>
    <Class>
    </Class>
    <SearchControlType>--Select--</SearchControlType>
    <SearchControlParameters>
    </SearchControlParameters>
    <DbParamField>
    </DbParamField>
    <useMode>DataBase</useMode>
    <IsGraph>n</IsGraph>
    <allowdetailview>n</allowdetailview>
  </column>
  <column>
    <id>6</id>
    <name>IsSystemDefined</name>
    <headertext>Is System Defined</headertext>
    <width>0</width>
    <datatype>Boolean</datatype>
    <columntype>String</columntype>
    <allowsorting>false</allowsorting>
    <allowpaging>false</allowpaging>
    <format>
    </format>
    <isvisible>y</isvisible>
    <mustshow>n</mustshow>
    <musthide>n</musthide>
    <maxlength>0</maxlength>
    <isallowsearch>n</isallowsearch>
    <isconditional>n</isconditional>
    <isallowlink>n</isallowlink>
    <islinkactionurl>
    </islinkactionurl>
    <islinkparamfield>
    </islinkparamfield>
    <ischeckbox>n</ischeckbox>
    <checkboxparamfield>
    </checkboxparamfield>
    <iscontrol>n</iscontrol>
    <controltype>
    </controltype>
    <controlparamfield>
    </controlparamfield>
    <displaytext>
    </displaytext>
    <editactionurl>
    </editactionurl>
    <editparamfield>
    </editparamfield>
    <deleteactionurl>
    </deleteactionurl>
    <deleteparamfield>
    </deleteparamfield>
    <viewactionurl>
    </viewactionurl>
    <viewparamfield>
    </viewparamfield>
    <imageactionurl>
    </imageactionurl>
    <imageparamfield>
    </imageparamfield>
    <manageactionurl>
    </manageactionurl>
    <manageparamfield>
    </manageparamfield>
    <copyactionurl>
    </copyactionurl>
    <copyparamfield>
    </copyparamfield>
    <xaxis>n</xaxis>
    <yaxis>n</yaxis>
    <isadvancesearch>y</isadvancesearch>
    <Class>
    </Class>
    <SearchControlType>--Select--</SearchControlType>
    <SearchControlParameters>
    </SearchControlParameters>
    <DbParamField>
    </DbParamField>
    <useMode>DataBase</useMode>
    <IsGraph>n</IsGraph>
    <allowdetailview>n</allowdetailview>
  </column>
  <column>
    <id>7</id>
    <name>IsLocalizable</name>
    <headertext>Is Localizable</headertext>
    <width>0</width>
    <datatype>Boolean</datatype>
    <columntype>String</columntype>
    <allowsorting>false</allowsorting>
    <allowpaging>false</allowpaging>
    <format>
    </format>
    <isvisible>y</isvisible>
    <mustshow>n</mustshow>
    <musthide>n</musthide>
    <maxlength>0</maxlength>
    <isallowsearch>n</isallowsearch>
    <isconditional>n</isconditional>
    <isallowlink>n</isallowlink>
    <islinkactionurl>
    </islinkactionurl>
    <islinkparamfield>
    </islinkparamfield>
    <ischeckbox>n</ischeckbox>
    <checkboxparamfield>
    </checkboxparamfield>
    <iscontrol>n</iscontrol>
    <controltype>
    </controltype>
    <controlparamfield>
    </controlparamfield>
    <displaytext>
    </displaytext>
    <editactionurl>
    </editactionurl>
    <editparamfield>
    </editparamfield>
    <deleteactionurl>
    </deleteactionurl>
    <deleteparamfield>
    </deleteparamfield>
    <viewactionurl>
    </viewactionurl>
    <viewparamfield>
    </viewparamfield>
    <imageactionurl>
    </imageactionurl>
    <imageparamfield>
    </imageparamfield>
    <manageactionurl>
    </manageactionurl>
    <manageparamfield>
    </manageparamfield>
    <copyactionurl>
    </copyactionurl>
    <copyparamfield>
    </copyparamfield>
    <xaxis>n</xaxis>
    <yaxis>n</yaxis>
    <isadvancesearch>y</isadvancesearch>
    <Class>
    </Class>
    <SearchControlType>--Select--</SearchControlType>
    <SearchControlParameters>
    </SearchControlParameters>
    <DbParamField>
    </DbParamField>
    <useMode>DataBase</useMode>
    <IsGraph>n</IsGraph>
    <allowdetailview>n</allowdetailview>
  </column>
  <column>
    <id>8</id>
    <name>Manage</name>
    <headertext>Action</headertext>
    <width>0</width>
    <datatype>String</datatype>
    <columntype>String</columntype>
    <allowsorting>false</allowsorting>
    <allowpaging>false</allowpaging>
    <format>Delete</format>
    <isvisible>y</isvisible>
    <mustshow>n</mustshow>
    <musthide>n</musthide>
    <maxlength>0</maxlength>
    <isallowsearch>n</isallowsearch>
    <isconditional>n</isconditional>
    <isallowlink>n</isallowlink>
    <islinkactionurl>
    </islinkactionurl>
    <islinkparamfield>
    </islinkparamfield>
    <ischeckbox>n</ischeckbox>
    <checkboxparamfield>
    </checkboxparamfield>
    <iscontrol>n</iscontrol>
    <controltype>
    </controltype>
    <controlparamfield>
    </controlparamfield>
    <displaytext>Delete</displaytext>
    <editactionurl>
    </editactionurl>
    <editparamfield>
    </editparamfield>
    <deleteactionurl>
    </deleteactionurl>
    <deleteparamfield>
    </deleteparamfield>
    <viewactionurl>
    </viewactionurl>
    <viewparamfield>
    </viewparamfield>
    <imageactionurl>
    </imageactionurl>
    <imageparamfield>
    </imageparamfield>
    <manageactionurl>/PIM/CategoryAttributeGroup/RemoveAssociatedAttribute</manageactionurl>
    <manageparamfield>PimAttributeId,PimAttributeGroupId,IsSystemDefined</manageparamfield>
    <copyactionurl>
    </copyactionurl>
    <copyparamfield>
    </copyparamfield>
    <xaxis>n</xaxis>
    <yaxis>n</yaxis>
    <isadvancesearch>y</isadvancesearch>
    <Class>grid-action</Class>
    <SearchControlType>--Select--</SearchControlType>
    <SearchControlParameters>
    </SearchControlParameters>
    <DbParamField>
    </DbParamField>
    <useMode>DataBase</useMode>
    <IsGraph>n</IsGraph>
    <allowdetailview>n</allowdetailview>
  </column>
</columns>', N'ZnodeCategoryAssignedAttributes', N'ZnodeCategoryAssignedAttributes', N'ZnodeCategoryAssignedAttributes', 0, NULL, NULL, NULL, NULL, 2, CAST(N'2016-04-21 00:00:00.000' AS DateTime), 2, CAST(N'2016-05-10 09:39:27.317' AS DateTime))
INSERT [dbo].[ZnodeApplicationSetting] ([ApplicationSettingId], [GroupName], [ItemName], [Setting], [ViewOptions], [FrontPageName], [FrontObjectName], [IsCompressed], [OrderByFields], [ItemNameWithoutCurrency], [CreatedByName], [ModifiedByName], [CreatedBy], [CreatedDate], [ModifiedBy], [ModifiedDate]) VALUES (1227, N'Table', N'ZnodePimCatalog', N'<?xml version="1.0" encoding="utf-16"?>
<columns>
  <column>
    <id>1</id>
    <name>PimCatalogId</name>
    <headertext>Checkbox</headertext>
    <width>40</width>
    <datatype>String</datatype>
    <columntype>Int32</columntype>
    <allowsorting>false</allowsorting>
    <allowpaging>true</allowpaging>
    <format>
    </format>
    <isvisible>y</isvisible>
    <mustshow>n</mustshow>
    <musthide>n</musthide>
    <maxlength>0</maxlength>
    <isallowsearch>n</isallowsearch>
    <isconditional>n</isconditional>
    <isallowlink>n</isallowlink>
    <islinkactionurl>
    </islinkactionurl>
    <islinkparamfield>
    </islinkparamfield>
    <ischeckbox>y</ischeckbox>
    <checkboxparamfield>
    </checkboxparamfield>
    <iscontrol>n</iscontrol>
    <controltype>
    </controltype>
    <controlparamfield>
    </controlparamfield>
    <displaytext>
    </displaytext>
    <editactionurl>
    </editactionurl>
    <editparamfield>
    </editparamfield>
    <deleteactionurl>
    </deleteactionurl>
    <deleteparamfield>
    </deleteparamfield>
    <viewactionurl>
    </viewactionurl>
    <viewparamfield>
    </viewparamfield>
    <imageactionurl>
    </imageactionurl>
    <imageparamfield>
    </imageparamfield>
    <manageactionurl>
    </manageactionurl>
    <manageparamfield>
    </manageparamfield>
    <copyactionurl>
    </copyactionurl>
    <copyparamfield>
    </copyparamfield>
    <xaxis>n</xaxis>
    <yaxis>n</yaxis>
    <isadvancesearch>y</isadvancesearch>
    <Class>
    </Class>
    <SearchControlType>--Select--</SearchControlType>
    <SearchControlParameters>
    </SearchControlParameters>
    <DbParamField>
    </DbParamField>
    <useMode>DataBase</useMode>
    <IsGraph>n</IsGraph>
    <allowdetailview>n</allowdetailview>
  </column>
  <column>
    <id>2</id>
    <name>CatalogName</name>
    <headertext>Catalogs</headertext>
    <width>60</width>
    <datatype>String</datatype>
    <columntype>String</columntype>
    <allowsorting>true</allowsorting>
    <allowpaging>true</allowpaging>
    <format>
    </format>
    <isvisible>y</isvisible>
    <mustshow>n</mustshow>
    <musthide>n</musthide>
    <maxlength>0</maxlength>
    <isallowsearch>y</isallowsearch>
    <isconditional>n</isconditional>
    <isallowlink>n</isallowlink>
    <islinkactionurl>
    </islinkactionurl>
    <islinkparamfield>
    </islinkparamfield>
    <ischeckbox>n</ischeckbox>
    <checkboxparamfield>
    </checkboxparamfield>
    <iscontrol>n</iscontrol>
    <controltype>
    </controltype>
    <controlparamfield>
    </controlparamfield>
    <displaytext>
    </displaytext>
    <editactionurl>
    </editactionurl>
    <editparamfield>
    </editparamfield>
    <deleteactionurl>
    </deleteactionurl>
    <deleteparamfield>
    </deleteparamfield>
    <viewactionurl>
    </viewactionurl>
    <viewparamfield>
    </viewparamfield>
    <imageactionurl>
    </imageactionurl>
    <imageparamfield>
    </imageparamfield>
    <manageactionurl>
    </manageactionurl>
    <manageparamfield>
    </manageparamfield>
    <copyactionurl>
    </copyactionurl>
    <copyparamfield>
    </copyparamfield>
    <xaxis>n</xaxis>
    <yaxis>n</yaxis>
    <isadvancesearch>y</isadvancesearch>
    <Class>
    </Class>
    <SearchControlType>--Select--</SearchControlType>
    <SearchControlParameters>
    </SearchControlParameters>
    <DbParamField>
    </DbParamField>
    <useMode>DataBase</useMode>
    <IsGraph>n</IsGraph>
    <allowdetailview>n</allowdetailview>
  </column>
  <column>
    <id>3</id>
    <name>CreatedDate</name>
    <headertext>CreatedDate</headertext>
    <width>30</width>
    <datatype>String</datatype>
    <columntype>DateTime</columntype>
    <allowsorting>true</allowsorting>
    <allowpaging>true</allowpaging>
    <format>
    </format>
    <isvisible>y</isvisible>
    <mustshow>n</mustshow>
    <musthide>n</musthide>
    <maxlength>0</maxlength>
    <isallowsearch>n</isallowsearch>
    <isconditional>n</isconditional>
    <isallowlink>n</isallowlink>
    <islinkactionurl>
    </islinkactionurl>
    <islinkparamfield>
    </islinkparamfield>
    <ischeckbox>n</ischeckbox>
    <checkboxparamfield>
    </checkboxparamfield>
    <iscontrol>n</iscontrol>
    <controltype>
    </controltype>
    <controlparamfield>
    </controlparamfield>
    <displaytext>
    </displaytext>
    <editactionurl>
    </editactionurl>
    <editparamfield>
    </editparamfield>
    <deleteactionurl>
    </deleteactionurl>
    <deleteparamfield>
    </deleteparamfield>
    <viewactionurl>
    </viewactionurl>
    <viewparamfield>
    </viewparamfield>
    <imageactionurl>
    </imageactionurl>
    <imageparamfield>
    </imageparamfield>
    <manageactionurl>
    </manageactionurl>
    <manageparamfield>
    </manageparamfield>
    <copyactionurl>
    </copyactionurl>
    <copyparamfield>
    </copyparamfield>
    <xaxis>n</xaxis>
    <yaxis>n</yaxis>
    <isadvancesearch>y</isadvancesearch>
    <Class>
    </Class>
    <SearchControlType>--Select--</SearchControlType>
    <SearchControlParameters>
    </SearchControlParameters>
    <DbParamField>
    </DbParamField>
    <useMode>DataBase</useMode>
    <IsGraph>n</IsGraph>
    <allowdetailview>n</allowdetailview>
  </column>
  <column>
    <id>4</id>
    <name>ModifiedDate</name>
    <headertext>ModifiedDate</headertext>
    <width>30</width>
    <datatype>String</datatype>
    <columntype>DateTime</columntype>
    <allowsorting>true</allowsorting>
    <allowpaging>true</allowpaging>
    <format>
    </format>
    <isvisible>y</isvisible>
    <mustshow>n</mustshow>
    <musthide>n</musthide>
    <maxlength>0</maxlength>
    <isallowsearch>n</isallowsearch>
    <isconditional>n</isconditional>
    <isallowlink>n</isallowlink>
    <islinkactionurl>
    </islinkactionurl>
    <islinkparamfield>
    </islinkparamfield>
    <ischeckbox>n</ischeckbox>
    <checkboxparamfield>
    </checkboxparamfield>
    <iscontrol>n</iscontrol>
    <controltype>
    </controltype>
    <controlparamfield>
    </controlparamfield>
    <displaytext>
    </displaytext>
    <editactionurl>
    </editactionurl>
    <editparamfield>
    </editparamfield>
    <deleteactionurl>
    </deleteactionurl>
    <deleteparamfield>
    </deleteparamfield>
    <viewactionurl>
    </viewactionurl>
    <viewparamfield>
    </viewparamfield>
    <imageactionurl>
    </imageactionurl>
    <imageparamfield>
    </imageparamfield>
    <manageactionurl>
    </manageactionurl>
    <manageparamfield>
    </manageparamfield>
    <copyactionurl>
    </copyactionurl>
    <copyparamfield>
    </copyparamfield>
    <xaxis>n</xaxis>
    <yaxis>n</yaxis>
    <isadvancesearch>y</isadvancesearch>
    <Class>
    </Class>
    <SearchControlType>--Select--</SearchControlType>
    <SearchControlParameters>
    </SearchControlParameters>
    <DbParamField>
    </DbParamField>
    <useMode>DataBase</useMode>
    <IsGraph>n</IsGraph>
    <allowdetailview>n</allowdetailview>
  </column>
  <column>
    <id>5</id>
    <name>Status</name>
    <headertext>Status</headertext>
    <width>30</width>
    <datatype>String</datatype>
    <columntype>String</columntype>
    <allowsorting>true</allowsorting>
    <allowpaging>true</allowpaging>
    <format>
    </format>
    <isvisible>y</isvisible>
    <mustshow>n</mustshow>
    <musthide>n</musthide>
    <maxlength>0</maxlength>
    <isallowsearch>y</isallowsearch>
    <isconditional>n</isconditional>
    <isallowlink>n</isallowlink>
    <islinkactionurl>
    </islinkactionurl>
    <islinkparamfield>
    </islinkparamfield>
    <ischeckbox>n</ischeckbox>
    <checkboxparamfield>
    </checkboxparamfield>
    <iscontrol>n</iscontrol>
    <controltype>
    </controltype>
    <controlparamfield>
    </controlparamfield>
    <displaytext>Status</displaytext>
    <editactionurl>
    </editactionurl>
    <editparamfield>
    </editparamfield>
    <deleteactionurl>
    </deleteactionurl>
    <deleteparamfield>
    </deleteparamfield>
    <viewactionurl>
    </viewactionurl>
    <viewparamfield>
    </viewparamfield>
    <imageactionurl>
    </imageactionurl>
    <imageparamfield>
    </imageparamfield>
    <manageactionurl>
    </manageactionurl>
    <manageparamfield>
    </manageparamfield>
    <copyactionurl>
    </copyactionurl>
    <copyparamfield>
    </copyparamfield>
    <xaxis>n</xaxis>
    <yaxis>n</yaxis>
    <isadvancesearch>y</isadvancesearch>
    <Class>
    </Class>
    <SearchControlType>--Select--</SearchControlType>
    <SearchControlParameters>
    </SearchControlParameters>
    <DbParamField>
    </DbParamField>
    <useMode>DataBase</useMode>
    <IsGraph>n</IsGraph>
    <allowdetailview>n</allowdetailview>
  </column>
  <column>
    <id>6</id>
    <name>View</name>
    <headertext>Preview</headertext>
    <width>30</width>
    <datatype>String</datatype>
    <columntype>String</columntype>
    <allowsorting>false</allowsorting>
    <allowpaging>true</allowpaging>
    <format>View</format>
    <isvisible>y</isvisible>
    <mustshow>n</mustshow>
    <musthide>n</musthide>
    <maxlength>0</maxlength>
    <isallowsearch>n</isallowsearch>
    <isconditional>n</isconditional>
    <isallowlink>n</isallowlink>
    <islinkactionurl>
    </islinkactionurl>
    <islinkparamfield>
    </islinkparamfield>
    <ischeckbox>n</ischeckbox>
    <checkboxparamfield>
    </checkboxparamfield>
    <iscontrol>n</iscontrol>
    <controltype>
    </controltype>
    <controlparamfield>
    </controlparamfield>
    <displaytext>View</displaytext>
    <editactionurl>
    </editactionurl>
    <editparamfield>
    </editparamfield>
    <deleteactionurl>
    </deleteactionurl>
    <deleteparamfield>
    </deleteparamfield>
    <viewactionurl>/PIM/Catalog/View</viewactionurl>
    <viewparamfield>pimCatalogId</viewparamfield>
    <imageactionurl>
    </imageactionurl>
    <imageparamfield>
    </imageparamfield>
    <manageactionurl>
    </manageactionurl>
    <manageparamfield>
    </manageparamfield>
    <copyactionurl>
    </copyactionurl>
    <copyparamfield>
    </copyparamfield>
    <xaxis>n</xaxis>
    <yaxis>n</yaxis>
    <isadvancesearch>y</isadvancesearch>
    <Class>
    </Class>
    <SearchControlType>--Select--</SearchControlType>
    <SearchControlParameters>
    </SearchControlParameters>
    <DbParamField>
    </DbParamField>
    <useMode>DataBase</useMode>
    <IsGraph>n</IsGraph>
    <allowdetailview>n</allowdetailview>
  </column>
  <column>
    <id>7</id>
    <name>Manage</name>
    <headertext>Action</headertext>
    <width>30</width>
    <datatype>String</datatype>
    <columntype>String</columntype>
    <allowsorting>false</allowsorting>
    <allowpaging>true</allowpaging>
    <format>Edit|Copy|Delete</format>
    <isvisible>y</isvisible>
    <mustshow>n</mustshow>
    <musthide>n</musthide>
    <maxlength>0</maxlength>
    <isallowsearch>n</isallowsearch>
    <isconditional>n</isconditional>
    <isallowlink>n</isallowlink>
    <islinkactionurl>
    </islinkactionurl>
    <islinkparamfield>
    </islinkparamfield>
    <ischeckbox>n</ischeckbox>
    <checkboxparamfield>
    </checkboxparamfield>
    <iscontrol>n</iscontrol>
    <controltype>
    </controltype>
    <controlparamfield>
    </controlparamfield>
    <displaytext>Edit|Copy|Delete</displaytext>
    <editactionurl>
    </editactionurl>
    <editparamfield>
    </editparamfield>
    <deleteactionurl>
    </deleteactionurl>
    <deleteparamfield>
    </deleteparamfield>
    <viewactionurl>
    </viewactionurl>
    <viewparamfield>
    </viewparamfield>
    <imageactionurl>
    </imageactionurl>
    <imageparamfield>
    </imageparamfield>
    <manageactionurl>/PIM/Catalog/Edit|/PIM/Catalog/Copy|/PIM/Catalog/Delete</manageactionurl>
    <manageparamfield>pimCatalogId|pimCatalogId|pimCatalogId</manageparamfield>
    <copyactionurl>
    </copyactionurl>
    <copyparamfield>
    </copyparamfield>
    <xaxis>n</xaxis>
    <yaxis>n</yaxis>
    <isadvancesearch>y</isadvancesearch>
    <Class>
    </Class>
    <SearchControlType>--Select--</SearchControlType>
    <SearchControlParameters>
    </SearchControlParameters>
    <DbParamField>
    </DbParamField>
    <useMode>DataBase</useMode>
    <IsGraph>n</IsGraph>
    <allowdetailview>n</allowdetailview>
  </column>
</columns>', N'Catalogs', N'Catalogs', N'Catalogs', 0, NULL, NULL, NULL, NULL, 0, CAST(N'2016-04-22 09:12:01.093' AS DateTime), 2, CAST(N'2016-04-29 10:54:51.190' AS DateTime))
INSERT [dbo].[ZnodeApplicationSetting] ([ApplicationSettingId], [GroupName], [ItemName], [Setting], [ViewOptions], [FrontPageName], [FrontObjectName], [IsCompressed], [OrderByFields], [ItemNameWithoutCurrency], [CreatedByName], [ModifiedByName], [CreatedBy], [CreatedDate], [ModifiedBy], [ModifiedDate]) VALUES (1228, N'View', N'View_PimCategoryDetail', N'<?xml version="1.0" encoding="utf-16"?>
<columns>
  <column>
    <id>1</id>
    <name>PimCategoryId</name>
    <headertext>Checkbox</headertext>
    <width>30</width>
    <datatype>Int32</datatype>
    <columntype>Int32</columntype>
    <allowsorting>true</allowsorting>
    <allowpaging>true</allowpaging>
    <format>
    </format>
    <isvisible>y</isvisible>
    <mustshow>n</mustshow>
    <musthide>n</musthide>
    <maxlength>0</maxlength>
    <isallowsearch>n</isallowsearch>
    <isconditional>n</isconditional>
    <isallowlink>n</isallowlink>
    <islinkactionurl>
    </islinkactionurl>
    <islinkparamfield>
    </islinkparamfield>
    <ischeckbox>y</ischeckbox>
    <checkboxparamfield>
    </checkboxparamfield>
    <iscontrol>n</iscontrol>
    <controltype>
    </controltype>
    <controlparamfield>
    </controlparamfield>
    <displaytext>
    </displaytext>
    <editactionurl>
    </editactionurl>
    <editparamfield>
    </editparamfield>
    <deleteactionurl>
    </deleteactionurl>
    <deleteparamfield>
    </deleteparamfield>
    <viewactionurl>
    </viewactionurl>
    <viewparamfield>
    </viewparamfield>
    <imageactionurl>
    </imageactionurl>
    <imageparamfield>
    </imageparamfield>
    <manageactionurl>
    </manageactionurl>
    <manageparamfield>
    </manageparamfield>
    <copyactionurl>
    </copyactionurl>
    <copyparamfield>
    </copyparamfield>
    <xaxis>n</xaxis>
    <yaxis>n</yaxis>
    <isadvancesearch>y</isadvancesearch>
    <Class>
    </Class>
    <SearchControlType>--Select--</SearchControlType>
    <SearchControlParameters>
    </SearchControlParameters>
    <DbParamField>
    </DbParamField>
    <useMode>DataBase</useMode>
    <IsGraph>n</IsGraph>
    <allowdetailview>n</allowdetailview>
  </column>
  <column>
    <id>2</id>
    <name>PimCategoryId</name>
    <headertext>ID</headertext>
    <width>40</width>
    <datatype>Int32</datatype>
    <columntype>Int32</columntype>
    <allowsorting>true</allowsorting>
    <allowpaging>true</allowpaging>
    <format>
    </format>
    <isvisible>y</isvisible>
    <mustshow>n</mustshow>
    <musthide>n</musthide>
    <maxlength>0</maxlength>
    <isallowsearch>n</isallowsearch>
    <isconditional>n</isconditional>
    <isallowlink>n</isallowlink>
    <islinkactionurl>
    </islinkactionurl>
    <islinkparamfield>
    </islinkparamfield>
    <ischeckbox>n</ischeckbox>
    <checkboxparamfield>
    </checkboxparamfield>
    <iscontrol>n</iscontrol>
    <controltype>
    </controltype>
    <controlparamfield>
    </controlparamfield>
    <displaytext>
    </displaytext>
    <editactionurl>
    </editactionurl>
    <editparamfield>
    </editparamfield>
    <deleteactionurl>
    </deleteactionurl>
    <deleteparamfield>
    </deleteparamfield>
    <viewactionurl>
    </viewactionurl>
    <viewparamfield>
    </viewparamfield>
    <imageactionurl>
    </imageactionurl>
    <imageparamfield>
    </imageparamfield>
    <manageactionurl>
    </manageactionurl>
    <manageparamfield>
    </manageparamfield>
    <copyactionurl>
    </copyactionurl>
    <copyparamfield>
    </copyparamfield>
    <xaxis>n</xaxis>
    <yaxis>n</yaxis>
    <isadvancesearch>y</isadvancesearch>
    <Class>
    </Class>
    <SearchControlType>--Select--</SearchControlType>
    <SearchControlParameters>
    </SearchControlParameters>
    <DbParamField>
    </DbParamField>
    <useMode>DataBase</useMode>
    <IsGraph>n</IsGraph>
    <allowdetailview>n</allowdetailview>
  </column>
  <column>
    <id>3</id>
    <name>CategoryName</name>
    <headertext>Categories</headertext>
    <width>40</width>
    <datatype>String</datatype>
    <columntype>String</columntype>
    <allowsorting>true</allowsorting>
    <allowpaging>true</allowpaging>
    <format>
    </format>
    <isvisible>y</isvisible>
    <mustshow>n</mustshow>
    <musthide>n</musthide>
    <maxlength>0</maxlength>
    <isallowsearch>y</isallowsearch>
    <isconditional>n</isconditional>
    <isallowlink>n</isallowlink>
    <islinkactionurl>
    </islinkactionurl>
    <islinkparamfield>
    </islinkparamfield>
    <ischeckbox>n</ischeckbox>
    <checkboxparamfield>
    </checkboxparamfield>
    <iscontrol>n</iscontrol>
    <controltype>
    </controltype>
    <controlparamfield>
    </controlparamfield>
    <displaytext>
    </displaytext>
    <editactionurl>
    </editactionurl>
    <editparamfield>
    </editparamfield>
    <deleteactionurl>
    </deleteactionurl>
    <deleteparamfield>
    </deleteparamfield>
    <viewactionurl>
    </viewactionurl>
    <viewparamfield>
    </viewparamfield>
    <imageactionurl>
    </imageactionurl>
    <imageparamfield>
    </imageparamfield>
    <manageactionurl>
    </manageactionurl>
    <manageparamfield>
    </manageparamfield>
    <copyactionurl>
    </copyactionurl>
    <copyparamfield>
    </copyparamfield>
    <xaxis>n</xaxis>
    <yaxis>n</yaxis>
    <isadvancesearch>y</isadvancesearch>
    <Class>
    </Class>
    <SearchControlType>--Select--</SearchControlType>
    <SearchControlParameters>
    </SearchControlParameters>
    <DbParamField>
    </DbParamField>
    <useMode>DataBase</useMode>
    <IsGraph>n</IsGraph>
    <allowdetailview>n</allowdetailview>
  </column>
  <column>
    <id>4</id>
    <name>Status</name>
    <headertext>Status</headertext>
    <width>40</width>
    <datatype>String</datatype>
    <columntype>String</columntype>
    <allowsorting>true</allowsorting>
    <allowpaging>true</allowpaging>
    <format>
    </format>
    <isvisible>y</isvisible>
    <mustshow>n</mustshow>
    <musthide>n</musthide>
    <maxlength>0</maxlength>
    <isallowsearch>n</isallowsearch>
    <isconditional>n</isconditional>
    <isallowlink>n</isallowlink>
    <islinkactionurl>
    </islinkactionurl>
    <islinkparamfield>
    </islinkparamfield>
    <ischeckbox>n</ischeckbox>
    <checkboxparamfield>
    </checkboxparamfield>
    <iscontrol>n</iscontrol>
    <controltype>
    </controltype>
    <controlparamfield>
    </controlparamfield>
    <displaytext>
    </displaytext>
    <editactionurl>
    </editactionurl>
    <editparamfield>
    </editparamfield>
    <deleteactionurl>
    </deleteactionurl>
    <deleteparamfield>
    </deleteparamfield>
    <viewactionurl>
    </viewactionurl>
    <viewparamfield>
    </viewparamfield>
    <imageactionurl>
    </imageactionurl>
    <imageparamfield>
    </imageparamfield>
    <manageactionurl>
    </manageactionurl>
    <manageparamfield>
    </manageparamfield>
    <copyactionurl>
    </copyactionurl>
    <copyparamfield>
    </copyparamfield>
    <xaxis>n</xaxis>
    <yaxis>n</yaxis>
    <isadvancesearch>y</isadvancesearch>
    <Class>
    </Class>
    <SearchControlType>--Select--</SearchControlType>
    <SearchControlParameters>
    </SearchControlParameters>
    <DbParamField>
    </DbParamField>
    <useMode>DataBase</useMode>
    <IsGraph>n</IsGraph>
    <allowdetailview>n</allowdetailview>
  </column>
  <column>
    <id>5</id>
    <name>CreatedDate</name>
    <headertext>CreatedDate</headertext>
    <width>40</width>
    <datatype>String</datatype>
    <columntype>DateTime</columntype>
    <allowsorting>true</allowsorting>
    <allowpaging>true</allowpaging>
    <format>
    </format>
    <isvisible>y</isvisible>
    <mustshow>n</mustshow>
    <musthide>n</musthide>
    <maxlength>0</maxlength>
    <isallowsearch>n</isallowsearch>
    <isconditional>n</isconditional>
    <isallowlink>n</isallowlink>
    <islinkactionurl>
    </islinkactionurl>
    <islinkparamfield>
    </islinkparamfield>
    <ischeckbox>n</ischeckbox>
    <checkboxparamfield>
    </checkboxparamfield>
    <iscontrol>n</iscontrol>
    <controltype>
    </controltype>
    <controlparamfield>
    </controlparamfield>
    <displaytext>
    </displaytext>
    <editactionurl>
    </editactionurl>
    <editparamfield>
    </editparamfield>
    <deleteactionurl>
    </deleteactionurl>
    <deleteparamfield>
    </deleteparamfield>
    <viewactionurl>
    </viewactionurl>
    <viewparamfield>
    </viewparamfield>
    <imageactionurl>
    </imageactionurl>
    <imageparamfield>
    </imageparamfield>
    <manageactionurl>
    </manageactionurl>
    <manageparamfield>
    </manageparamfield>
    <copyactionurl>
    </copyactionurl>
    <copyparamfield>
    </copyparamfield>
    <xaxis>n</xaxis>
    <yaxis>n</yaxis>
    <isadvancesearch>y</isadvancesearch>
    <Class>
    </Class>
    <SearchControlType>--Select--</SearchControlType>
    <SearchControlParameters>
    </SearchControlParameters>
    <DbParamField>
    </DbParamField>
    <useMode>DataBase</useMode>
    <IsGraph>n</IsGraph>
    <allowdetailview>n</allowdetailview>
  </column>
  <column>
    <id>6</id>
    <name>ModifiedDate</name>
    <headertext>ModifiedDate</headertext>
    <width>40</width>
    <datatype>String</datatype>
    <columntype>DateTime</columntype>
    <allowsorting>true</allowsorting>
    <allowpaging>true</allowpaging>
    <format>
    </format>
    <isvisible>y</isvisible>
    <mustshow>n</mustshow>
    <musthide>n</musthide>
    <maxlength>0</maxlength>
    <isallowsearch>n</isallowsearch>
    <isconditional>n</isconditional>
    <isallowlink>n</isallowlink>
    <islinkactionurl>
    </islinkactionurl>
    <islinkparamfield>
    </islinkparamfield>
    <ischeckbox>n</ischeckbox>
    <checkboxparamfield>
    </checkboxparamfield>
    <iscontrol>n</iscontrol>
    <controltype>
    </controltype>
    <controlparamfield>
    </controlparamfield>
    <displaytext>
    </displaytext>
    <editactionurl>
    </editactionurl>
    <editparamfield>
    </editparamfield>
    <deleteactionurl>
    </deleteactionurl>
    <deleteparamfield>
    </deleteparamfield>
    <viewactionurl>
    </viewactionurl>
    <viewparamfield>
    </viewparamfield>
    <imageactionurl>
    </imageactionurl>
    <imageparamfield>
    </imageparamfield>
    <manageactionurl>
    </manageactionurl>
    <manageparamfield>
    </manageparamfield>
    <copyactionurl>
    </copyactionurl>
    <copyparamfield>
    </copyparamfield>
    <xaxis>n</xaxis>
    <yaxis>n</yaxis>
    <isadvancesearch>y</isadvancesearch>
    <Class>
    </Class>
    <SearchControlType>--Select--</SearchControlType>
    <SearchControlParameters>
    </SearchControlParameters>
    <DbParamField>
    </DbParamField>
    <useMode>DataBase</useMode>
    <IsGraph>n</IsGraph>
    <allowdetailview>n</allowdetailview>
  </column>
  <column>
    <id>7</id>
    <name>Manage</name>
    <headertext>Action</headertext>
    <width>40</width>
    <datatype>String</datatype>
    <columntype>String</columntype>
    <allowsorting>false</allowsorting>
    <allowpaging>true</allowpaging>
    <format>Edit|Delete</format>
    <isvisible>y</isvisible>
    <mustshow>n</mustshow>
    <musthide>n</musthide>
    <maxlength>0</maxlength>
    <isallowsearch>n</isallowsearch>
    <isconditional>n</isconditional>
    <isallowlink>n</isallowlink>
    <islinkactionurl>
    </islinkactionurl>
    <islinkparamfield>
    </islinkparamfield>
    <ischeckbox>n</ischeckbox>
    <checkboxparamfield>
    </checkboxparamfield>
    <iscontrol>n</iscontrol>
    <controltype>
    </controltype>
    <controlparamfield>
    </controlparamfield>
    <displaytext>Edit|Delete</displaytext>
    <editactionurl>
    </editactionurl>
    <editparamfield>
    </editparamfield>
    <deleteactionurl>
    </deleteactionurl>
    <deleteparamfield>
    </deleteparamfield>
    <viewactionurl>
    </viewactionurl>
    <viewparamfield>
    </viewparamfield>
    <imageactionurl>
    </imageactionurl>
    <imageparamfield>
    </imageparamfield>
    <manageactionurl>/PIM/Category/Edit|/PIM/Category/Delete</manageactionurl>
    <manageparamfield>pimCategoryId|pimCategoryId</manageparamfield>
    <copyactionurl>
    </copyactionurl>
    <copyparamfield>
    </copyparamfield>
    <xaxis>n</xaxis>
    <yaxis>n</yaxis>
    <isadvancesearch>y</isadvancesearch>
    <Class>
    </Class>
    <SearchControlType>--Select--</SearchControlType>
    <SearchControlParameters>
    </SearchControlParameters>
    <DbParamField>
    </DbParamField>
    <useMode>DataBase</useMode>
    <IsGraph>n</IsGraph>
    <allowdetailview>n</allowdetailview>
  </column>
</columns>', N'Category', N'Category', N'Category', 0, NULL, NULL, NULL, NULL, 2, CAST(N'2016-04-25 11:35:07.290' AS DateTime), 2, CAST(N'2016-04-26 12:34:11.190' AS DateTime))
INSERT [dbo].[ZnodeApplicationSetting] ([ApplicationSettingId], [GroupName], [ItemName], [Setting], [ViewOptions], [FrontPageName], [FrontObjectName], [IsCompressed], [OrderByFields], [ItemNameWithoutCurrency], [CreatedByName], [ModifiedByName], [CreatedBy], [CreatedDate], [ModifiedBy], [ModifiedDate]) VALUES (1230, N'View', N'View_PimProductImage', N'<?xml version="1.0" encoding="utf-16"?>
<columns>
  <column>
    <id>1</id>
    <name>PimProductId</name>
    <headertext>Checkbox</headertext>
    <width>0</width>
    <datatype>Int32</datatype>
    <columntype>Int32</columntype>
    <allowsorting>false</allowsorting>
    <allowpaging>false</allowpaging>
    <format>
    </format>
    <isvisible>y</isvisible>
    <mustshow>n</mustshow>
    <musthide>n</musthide>
    <maxlength>0</maxlength>
    <isallowsearch>n</isallowsearch>
    <isconditional>n</isconditional>
    <isallowlink>n</isallowlink>
    <islinkactionurl>
    </islinkactionurl>
    <islinkparamfield>
    </islinkparamfield>
    <ischeckbox>y</ischeckbox>
    <checkboxparamfield>PimProductId</checkboxparamfield>
    <iscontrol>n</iscontrol>
    <controltype>
    </controltype>
    <controlparamfield>
    </controlparamfield>
    <displaytext>Id</displaytext>
    <editactionurl>
    </editactionurl>
    <editparamfield>
    </editparamfield>
    <deleteactionurl>
    </deleteactionurl>
    <deleteparamfield>
    </deleteparamfield>
    <viewactionurl>
    </viewactionurl>
    <viewparamfield>
    </viewparamfield>
    <imageactionurl>
    </imageactionurl>
    <imageparamfield>
    </imageparamfield>
    <manageactionurl>
    </manageactionurl>
    <manageparamfield>
    </manageparamfield>
    <copyactionurl>
    </copyactionurl>
    <copyparamfield>
    </copyparamfield>
    <xaxis>n</xaxis>
    <yaxis>n</yaxis>
    <isadvancesearch>y</isadvancesearch>
    <Class>
    </Class>
    <SearchControlType>--Select--</SearchControlType>
    <SearchControlParameters>
    </SearchControlParameters>
    <DbParamField>
    </DbParamField>
    <useMode>DataBase</useMode>
    <IsGraph>n</IsGraph>
    <allowdetailview>n</allowdetailview>
  </column>
  <column>
    <id>2</id>
    <name>PimAttributeId</name>
    <headertext>PimAttributeId</headertext>
    <width>0</width>
    <datatype>Int32</datatype>
    <columntype>Int32</columntype>
    <allowsorting>true</allowsorting>
    <allowpaging>false</allowpaging>
    <format>
    </format>
    <isvisible>y</isvisible>
    <mustshow>n</mustshow>
    <musthide>n</musthide>
    <maxlength>0</maxlength>
    <isallowsearch>y</isallowsearch>
    <isconditional>n</isconditional>
    <isallowlink>n</isallowlink>
    <islinkactionurl>
    </islinkactionurl>
    <islinkparamfield>
    </islinkparamfield>
    <ischeckbox>n</ischeckbox>
    <checkboxparamfield>PimProductId</checkboxparamfield>
    <iscontrol>n</iscontrol>
    <controltype>
    </controltype>
    <controlparamfield>
    </controlparamfield>
    <displaytext>PimAttributeId</displaytext>
    <editactionurl>
    </editactionurl>
    <editparamfield>
    </editparamfield>
    <deleteactionurl>
    </deleteactionurl>
    <deleteparamfield>
    </deleteparamfield>
    <viewactionurl>
    </viewactionurl>
    <viewparamfield>
    </viewparamfield>
    <imageactionurl>
    </imageactionurl>
    <imageparamfield>
    </imageparamfield>
    <manageactionurl>
    </manageactionurl>
    <manageparamfield>
    </manageparamfield>
    <copyactionurl>
    </copyactionurl>
    <copyparamfield>
    </copyparamfield>
    <xaxis>n</xaxis>
    <yaxis>n</yaxis>
    <isadvancesearch>y</isadvancesearch>
    <Class>
    </Class>
    <SearchControlType>Text</SearchControlType>
    <SearchControlParameters>
    </SearchControlParameters>
    <DbParamField>
    </DbParamField>
    <useMode>DataBase</useMode>
    <IsGraph>n</IsGraph>
    <allowdetailview>n</allowdetailview>
  </column>
  <column>
    <id>3</id>
    <name>Path</name>
    <headertext>Path</headertext>
    <width>0</width>
    <datatype>String</datatype>
    <columntype>String</columntype>
    <allowsorting>true</allowsorting>
    <allowpaging>true</allowpaging>
    <format>
    </format>
    <isvisible>n</isvisible>
    <mustshow>n</mustshow>
    <musthide>n</musthide>
    <maxlength>0</maxlength>
    <isallowsearch>y</isallowsearch>
    <isconditional>n</isconditional>
    <isallowlink>n</isallowlink>
    <islinkactionurl>
    </islinkactionurl>
    <islinkparamfield>MediaId</islinkparamfield>
    <ischeckbox>n</ischeckbox>
    <checkboxparamfield>PimProductId</checkboxparamfield>
    <iscontrol>n</iscontrol>
    <controltype>
    </controltype>
    <controlparamfield>
    </controlparamfield>
    <displaytext>
    </displaytext>
    <editactionurl>
    </editactionurl>
    <editparamfield>
    </editparamfield>
    <deleteactionurl>
    </deleteactionurl>
    <deleteparamfield>
    </deleteparamfield>
    <viewactionurl>
    </viewactionurl>
    <viewparamfield>
    </viewparamfield>
    <imageactionurl>
    </imageactionurl>
    <imageparamfield>
    </imageparamfield>
    <manageactionurl>
    </manageactionurl>
    <manageparamfield>
    </manageparamfield>
    <copyactionurl>
    </copyactionurl>
    <copyparamfield>
    </copyparamfield>
    <xaxis>n</xaxis>
    <yaxis>n</yaxis>
    <isadvancesearch>n</isadvancesearch>
    <Class>
    </Class>
    <SearchControlType>--Select--</SearchControlType>
    <SearchControlParameters>
    </SearchControlParameters>
    <DbParamField>
    </DbParamField>
    <useMode>DataBase</useMode>
    <IsGraph>n</IsGraph>
    <allowdetailview>y</allowdetailview>
  </column>
  <column>
    <id>4</id>
    <name>FileName</name>
    <headertext>FileName</headertext>
    <width>0</width>
    <datatype>String</datatype>
    <columntype>String</columntype>
    <allowsorting>true</allowsorting>
    <allowpaging>true</allowpaging>
    <format>
    </format>
    <isvisible>n</isvisible>
    <mustshow>n</mustshow>
    <musthide>n</musthide>
    <maxlength>0</maxlength>
    <isallowsearch>y</isallowsearch>
    <isconditional>n</isconditional>
    <isallowlink>n</isallowlink>
    <islinkactionurl>
    </islinkactionurl>
    <islinkparamfield>MediaId</islinkparamfield>
    <ischeckbox>n</ischeckbox>
    <checkboxparamfield>PimProductId</checkboxparamfield>
    <iscontrol>n</iscontrol>
    <controltype>
    </controltype>
    <controlparamfield>
    </controlparamfield>
    <displaytext>
    </displaytext>
    <editactionurl>
    </editactionurl>
    <editparamfield>
    </editparamfield>
    <deleteactionurl>
    </deleteactionurl>
    <deleteparamfield>
    </deleteparamfield>
    <viewactionurl>
    </viewactionurl>
    <viewparamfield>
    </viewparamfield>
    <imageactionurl>
    </imageactionurl>
    <imageparamfield>
    </imageparamfield>
    <manageactionurl>
    </manageactionurl>
    <manageparamfield>
    </manageparamfield>
    <copyactionurl>
    </copyactionurl>
    <copyparamfield>
    </copyparamfield>
    <xaxis>n</xaxis>
    <yaxis>n</yaxis>
    <isadvancesearch>n</isadvancesearch>
    <Class>
    </Class>
    <SearchControlType>--Select--</SearchControlType>
    <SearchControlParameters>
    </SearchControlParameters>
    <DbParamField>
    </DbParamField>
    <useMode>DataBase</useMode>
    <IsGraph>n</IsGraph>
    <allowdetailview>y</allowdetailview>
  </column>
  <column>
    <id>5</id>
    <name>MediaId</name>
    <headertext>MediaId</headertext>
    <width>0</width>
    <datatype>Int32</datatype>
    <columntype>Int32</columntype>
    <allowsorting>false</allowsorting>
    <allowpaging>false</allowpaging>
    <format>
    </format>
    <isvisible>y</isvisible>
    <mustshow>n</mustshow>
    <musthide>n</musthide>
    <maxlength>0</maxlength>
    <isallowsearch>y</isallowsearch>
    <isconditional>n</isconditional>
    <isallowlink>n</isallowlink>
    <islinkactionurl>
    </islinkactionurl>
    <islinkparamfield>
    </islinkparamfield>
    <ischeckbox>n</ischeckbox>
    <checkboxparamfield>PimProductId</checkboxparamfield>
    <iscontrol>n</iscontrol>
    <controltype>
    </controltype>
    <controlparamfield>
    </controlparamfield>
    <displaytext>MediaId</displaytext>
    <editactionurl>
    </editactionurl>
    <editparamfield>
    </editparamfield>
    <deleteactionurl>
    </deleteactionurl>
    <deleteparamfield>
    </deleteparamfield>
    <viewactionurl>
    </viewactionurl>
    <viewparamfield>
    </viewparamfield>
    <imageactionurl>
    </imageactionurl>
    <imageparamfield>
    </imageparamfield>
    <manageactionurl>
    </manageactionurl>
    <manageparamfield>
    </manageparamfield>
    <copyactionurl>
    </copyactionurl>
    <copyparamfield>
    </copyparamfield>
    <xaxis>n</xaxis>
    <yaxis>n</yaxis>
    <isadvancesearch>y</isadvancesearch>
    <Class>
    </Class>
    <SearchControlType>--Select--</SearchControlType>
    <SearchControlParameters>
    </SearchControlParameters>
    <DbParamField>
    </DbParamField>
    <useMode>DataBase</useMode>
    <IsGraph>n</IsGraph>
    <allowdetailview>n</allowdetailview>
  </column>
  <column>
    <id>6</id>
    <name>Image</name>
    <headertext>Image</headertext>
    <width>0</width>
    <datatype>String</datatype>
    <columntype>String</columntype>
    <allowsorting>false</allowsorting>
    <allowpaging>false</allowpaging>
    <format>
    </format>
    <isvisible>y</isvisible>
    <mustshow>n</mustshow>
    <musthide>n</musthide>
    <maxlength>0</maxlength>
    <isallowsearch>n</isallowsearch>
    <isconditional>n</isconditional>
    <isallowlink>n</isallowlink>
    <islinkactionurl>
    </islinkactionurl>
    <islinkparamfield>
    </islinkparamfield>
    <ischeckbox>n</ischeckbox>
    <checkboxparamfield>PimProductId</checkboxparamfield>
    <iscontrol>n</iscontrol>
    <controltype>
    </controltype>
    <controlparamfield>
    </controlparamfield>
    <displaytext>
    </displaytext>
    <editactionurl>
    </editactionurl>
    <editparamfield>
    </editparamfield>
    <deleteactionurl>
    </deleteactionurl>
    <deleteparamfield>
    </deleteparamfield>
    <viewactionurl>
    </viewactionurl>
    <viewparamfield>
    </viewparamfield>
    <imageactionurl>
    </imageactionurl>
    <imageparamfield>Path,FileName</imageparamfield>
    <manageactionurl>
    </manageactionurl>
    <manageparamfield>
    </manageparamfield>
    <copyactionurl>
    </copyactionurl>
    <copyparamfield>
    </copyparamfield>
    <xaxis>n</xaxis>
    <yaxis>n</yaxis>
    <isadvancesearch>y</isadvancesearch>
    <Class>imageicon</Class>
    <SearchControlType>--Select--</SearchControlType>
    <SearchControlParameters>
    </SearchControlParameters>
    <DbParamField>
    </DbParamField>
    <useMode>DataBase</useMode>
    <IsGraph>n</IsGraph>
    <allowdetailview>n</allowdetailview>
  </column>
</columns>', N'ProductImage', N'ProductImage', N'ProductImage', 0, NULL, NULL, NULL, NULL, 2, CAST(N'2016-04-27 11:35:07.290' AS DateTime), 2, CAST(N'2016-05-09 05:24:02.773' AS DateTime))
INSERT [dbo].[ZnodeApplicationSetting] ([ApplicationSettingId], [GroupName], [ItemName], [Setting], [ViewOptions], [FrontPageName], [FrontObjectName], [IsCompressed], [OrderByFields], [ItemNameWithoutCurrency], [CreatedByName], [ModifiedByName], [CreatedBy], [CreatedDate], [ModifiedBy], [ModifiedDate]) VALUES (1231, N'View', N'View_ManageProductAddonList', N'<?xml version="1.0" encoding="utf-16"?>
<columns>
  <column>
    <id>1</id>
    <name>Productid</name>
    <headertext>Checkbox</headertext>
    <width>0</width>
    <datatype>Int32</datatype>
    <columntype>Int32</columntype>
    <allowsorting>false</allowsorting>
    <allowpaging>false</allowpaging>
    <format>
    </format>
    <isvisible>y</isvisible>
    <mustshow>n</mustshow>
    <musthide>n</musthide>
    <maxlength>0</maxlength>
    <isallowsearch>n</isallowsearch>
    <isconditional>n</isconditional>
    <isallowlink>n</isallowlink>
    <islinkactionurl>
    </islinkactionurl>
    <islinkparamfield>
    </islinkparamfield>
    <ischeckbox>y</ischeckbox>
    <checkboxparamfield>Productid</checkboxparamfield>
    <iscontrol>n</iscontrol>
    <controltype>
    </controltype>
    <controlparamfield>
    </controlparamfield>
    <displaytext>
    </displaytext>
    <editactionurl>
    </editactionurl>
    <editparamfield>
    </editparamfield>
    <deleteactionurl>
    </deleteactionurl>
    <deleteparamfield>
    </deleteparamfield>
    <viewactionurl>
    </viewactionurl>
    <viewparamfield>
    </viewparamfield>
    <imageactionurl>
    </imageactionurl>
    <imageparamfield>
    </imageparamfield>
    <manageactionurl>
    </manageactionurl>
    <manageparamfield>
    </manageparamfield>
    <copyactionurl>
    </copyactionurl>
    <copyparamfield>
    </copyparamfield>
    <xaxis>n</xaxis>
    <yaxis>n</yaxis>
    <isadvancesearch>y</isadvancesearch>
    <Class>
    </Class>
    <SearchControlType>--Select--</SearchControlType>
    <SearchControlParameters>
    </SearchControlParameters>
    <DbParamField>
    </DbParamField>
    <useMode>DataBase</useMode>
    <IsGraph>n</IsGraph>
    <allowdetailview>n</allowdetailview>
  </column>
  <column>
    <id>2</id>
    <name>ProductName</name>
    <headertext>Name</headertext>
    <width>0</width>
    <datatype>String</datatype>
    <columntype>String</columntype>
    <allowsorting>true</allowsorting>
    <allowpaging>true</allowpaging>
    <format>
    </format>
    <isvisible>y</isvisible>
    <mustshow>n</mustshow>
    <musthide>n</musthide>
    <maxlength>0</maxlength>
    <isallowsearch>n</isallowsearch>
    <isconditional>n</isconditional>
    <isallowlink>n</isallowlink>
    <islinkactionurl>
    </islinkactionurl>
    <islinkparamfield>
    </islinkparamfield>
    <ischeckbox>n</ischeckbox>
    <checkboxparamfield>
    </checkboxparamfield>
    <iscontrol>n</iscontrol>
    <controltype>
    </controltype>
    <controlparamfield>
    </controlparamfield>
    <displaytext>Name</displaytext>
    <editactionurl>
    </editactionurl>
    <editparamfield>
    </editparamfield>
    <deleteactionurl>
    </deleteactionurl>
    <deleteparamfield>
    </deleteparamfield>
    <viewactionurl>
    </viewactionurl>
    <viewparamfield>
    </viewparamfield>
    <imageactionurl>
    </imageactionurl>
    <imageparamfield>
    </imageparamfield>
    <manageactionurl>
    </manageactionurl>
    <manageparamfield>
    </manageparamfield>
    <copyactionurl>
    </copyactionurl>
    <copyparamfield>
    </copyparamfield>
    <xaxis>n</xaxis>
    <yaxis>n</yaxis>
    <isadvancesearch>y</isadvancesearch>
    <Class>
    </Class>
    <SearchControlType>--Select--</SearchControlType>
    <SearchControlParameters>
    </SearchControlParameters>
    <DbParamField>
    </DbParamField>
    <useMode>DataBase</useMode>
    <IsGraph>n</IsGraph>
    <allowdetailview>n</allowdetailview>
  </column>
  <column>
    <id>3</id>
    <name>SKU</name>
    <headertext>SKU</headertext>
    <width>0</width>
    <datatype>String</datatype>
    <columntype>String</columntype>
    <allowsorting>true</allowsorting>
    <allowpaging>true</allowpaging>
    <format>
    </format>
    <isvisible>y</isvisible>
    <mustshow>n</mustshow>
    <musthide>n</musthide>
    <maxlength>0</maxlength>
    <isallowsearch>n</isallowsearch>
    <isconditional>n</isconditional>
    <isallowlink>n</isallowlink>
    <islinkactionurl>
    </islinkactionurl>
    <islinkparamfield>
    </islinkparamfield>
    <ischeckbox>n</ischeckbox>
    <checkboxparamfield>
    </checkboxparamfield>
    <iscontrol>n</iscontrol>
    <controltype>
    </controltype>
    <controlparamfield>
    </controlparamfield>
    <displaytext>SKU</displaytext>
    <editactionurl>
    </editactionurl>
    <editparamfield>
    </editparamfield>
    <deleteactionurl>
    </deleteactionurl>
    <deleteparamfield>
    </deleteparamfield>
    <viewactionurl>
    </viewactionurl>
    <viewparamfield>
    </viewparamfield>
    <imageactionurl>
    </imageactionurl>
    <imageparamfield>
    </imageparamfield>
    <manageactionurl>
    </manageactionurl>
    <manageparamfield>
    </manageparamfield>
    <copyactionurl>
    </copyactionurl>
    <copyparamfield>
    </copyparamfield>
    <xaxis>n</xaxis>
    <yaxis>n</yaxis>
    <isadvancesearch>y</isadvancesearch>
    <Class>
    </Class>
    <SearchControlType>--Select--</SearchControlType>
    <SearchControlParameters>
    </SearchControlParameters>
    <DbParamField>
    </DbParamField>
    <useMode>DataBase</useMode>
    <IsGraph>n</IsGraph>
    <allowdetailview>n</allowdetailview>
  </column>
  <column>
    <id>4</id>
    <name>Price</name>
    <headertext>Price</headertext>
    <width>0</width>
    <datatype>String</datatype>
    <columntype>String</columntype>
    <allowsorting>false</allowsorting>
    <allowpaging>true</allowpaging>
    <format>
    </format>
    <isvisible>y</isvisible>
    <mustshow>n</mustshow>
    <musthide>n</musthide>
    <maxlength>0</maxlength>
    <isallowsearch>n</isallowsearch>
    <isconditional>n</isconditional>
    <isallowlink>n</isallowlink>
    <islinkactionurl>
    </islinkactionurl>
    <islinkparamfield>
    </islinkparamfield>
    <ischeckbox>n</ischeckbox>
    <checkboxparamfield>
    </checkboxparamfield>
    <iscontrol>n</iscontrol>
    <controltype>
    </controltype>
    <controlparamfield>
    </controlparamfield>
    <displaytext>Price</displaytext>
    <editactionurl>
    </editactionurl>
    <editparamfield>
    </editparamfield>
    <deleteactionurl>
    </deleteactionurl>
    <deleteparamfield>
    </deleteparamfield>
    <viewactionurl>
    </viewactionurl>
    <viewparamfield>
    </viewparamfield>
    <imageactionurl>
    </imageactionurl>
    <imageparamfield>
    </imageparamfield>
    <manageactionurl>
    </manageactionurl>
    <manageparamfield>
    </manageparamfield>
    <copyactionurl>
    </copyactionurl>
    <copyparamfield>
    </copyparamfield>
    <xaxis>n</xaxis>
    <yaxis>n</yaxis>
    <isadvancesearch>y</isadvancesearch>
    <Class>
    </Class>
    <SearchControlType>--Select--</SearchControlType>
    <SearchControlParameters>
    </SearchControlParameters>
    <DbParamField>
    </DbParamField>
    <useMode>DataBase</useMode>
    <IsGraph>n</IsGraph>
    <allowdetailview>n</allowdetailview>
  </column>
  <column>
    <id>5</id>
    <name>Qty</name>
    <headertext>Quantity</headertext>
    <width>0</width>
    <datatype>Int32</datatype>
    <columntype>Int32</columntype>
    <allowsorting>false</allowsorting>
    <allowpaging>true</allowpaging>
    <format>
    </format>
    <isvisible>y</isvisible>
    <mustshow>n</mustshow>
    <musthide>n</musthide>
    <maxlength>0</maxlength>
    <isallowsearch>n</isallowsearch>
    <isconditional>n</isconditional>
    <isallowlink>n</isallowlink>
    <islinkactionurl>
    </islinkactionurl>
    <islinkparamfield>
    </islinkparamfield>
    <ischeckbox>n</ischeckbox>
    <checkboxparamfield>
    </checkboxparamfield>
    <iscontrol>n</iscontrol>
    <controltype>
    </controltype>
    <controlparamfield>
    </controlparamfield>
    <displaytext>Quantity</displaytext>
    <editactionurl>
    </editactionurl>
    <editparamfield>
    </editparamfield>
    <deleteactionurl>
    </deleteactionurl>
    <deleteparamfield>
    </deleteparamfield>
    <viewactionurl>
    </viewactionurl>
    <viewparamfield>
    </viewparamfield>
    <imageactionurl>
    </imageactionurl>
    <imageparamfield>
    </imageparamfield>
    <manageactionurl>
    </manageactionurl>
    <manageparamfield>
    </manageparamfield>
    <copyactionurl>
    </copyactionurl>
    <copyparamfield>
    </copyparamfield>
    <xaxis>n</xaxis>
    <yaxis>n</yaxis>
    <isadvancesearch>y</isadvancesearch>
    <Class>
    </Class>
    <SearchControlType>--Select--</SearchControlType>
    <SearchControlParameters>
    </SearchControlParameters>
    <DbParamField>
    </DbParamField>
    <useMode>DataBase</useMode>
    <IsGraph>n</IsGraph>
    <allowdetailview>n</allowdetailview>
  </column>
  <column>
    <id>6</id>
    <name>Manage</name>
    <headertext>
    </headertext>
    <width>0</width>
    <datatype>String</datatype>
    <columntype>String</columntype>
    <allowsorting>false</allowsorting>
    <allowpaging>false</allowpaging>
    <format>Delete</format>
    <isvisible>y</isvisible>
    <mustshow>n</mustshow>
    <musthide>n</musthide>
    <maxlength>0</maxlength>
    <isallowsearch>n</isallowsearch>
    <isconditional>n</isconditional>
    <isallowlink>n</isallowlink>
    <islinkactionurl>
    </islinkactionurl>
    <islinkparamfield>
    </islinkparamfield>
    <ischeckbox>n</ischeckbox>
    <checkboxparamfield>
    </checkboxparamfield>
    <iscontrol>n</iscontrol>
    <controltype>
    </controltype>
    <controlparamfield>
    </controlparamfield>
    <displaytext>Delete</displaytext>
    <editactionurl>
    </editactionurl>
    <editparamfield>
    </editparamfield>
    <deleteactionurl>
    </deleteactionurl>
    <deleteparamfield>
    </deleteparamfield>
    <viewactionurl>
    </viewactionurl>
    <viewparamfield>
    </viewparamfield>
    <imageactionurl>
    </imageactionurl>
    <imageparamfield>
    </imageparamfield>
    <manageactionurl>/PIM/Products/UnassociateAddon</manageactionurl>
    <manageparamfield>
    </manageparamfield>
    <copyactionurl>
    </copyactionurl>
    <copyparamfield>
    </copyparamfield>
    <xaxis>n</xaxis>
    <yaxis>n</yaxis>
    <isadvancesearch>y</isadvancesearch>
    <Class>
    </Class>
    <SearchControlType>--Select--</SearchControlType>
    <SearchControlParameters>
    </SearchControlParameters>
    <DbParamField>
    </DbParamField>
    <useMode>DataBase</useMode>
    <IsGraph>n</IsGraph>
    <allowdetailview>n</allowdetailview>
  </column>
</columns>', N'AssociatedAddons', N'AssociatedAddons', N'AssociatedAddons', 0, NULL, NULL, NULL, NULL, 2, CAST(N'2016-05-04 11:38:27.043' AS DateTime), 2, CAST(N'2016-05-04 11:38:27.043' AS DateTime))
INSERT [dbo].[ZnodeApplicationSetting] ([ApplicationSettingId], [GroupName], [ItemName], [Setting], [ViewOptions], [FrontPageName], [FrontObjectName], [IsCompressed], [OrderByFields], [ItemNameWithoutCurrency], [CreatedByName], [ModifiedByName], [CreatedBy], [CreatedDate], [ModifiedBy], [ModifiedDate]) VALUES (1232, N'Table', N'ZnodePrice', N'<?xml version="1.0" encoding="utf-16"?>
<columns>
  <column>
    <id>1</id>
    <name>PriceId</name>
    <headertext>Checkbox</headertext>
    <width>50</width>
    <datatype>String</datatype>
    <columntype>Int32</columntype>
    <allowsorting>true</allowsorting>
    <allowpaging>true</allowpaging>
    <format>
    </format>
    <isvisible>y</isvisible>
    <mustshow>n</mustshow>
    <musthide>n</musthide>
    <maxlength>0</maxlength>
    <isallowsearch>n</isallowsearch>
    <isconditional>n</isconditional>
    <isallowlink>n</isallowlink>
    <islinkactionurl>
    </islinkactionurl>
    <islinkparamfield>
    </islinkparamfield>
    <ischeckbox>y</ischeckbox>
    <checkboxparamfield>
    </checkboxparamfield>
    <iscontrol>n</iscontrol>
    <controltype>
    </controltype>
    <controlparamfield>
    </controlparamfield>
    <displaytext>
    </displaytext>
    <editactionurl>
    </editactionurl>
    <editparamfield>
    </editparamfield>
    <deleteactionurl>
    </deleteactionurl>
    <deleteparamfield>
    </deleteparamfield>
    <viewactionurl>
    </viewactionurl>
    <viewparamfield>
    </viewparamfield>
    <imageactionurl>
    </imageactionurl>
    <imageparamfield>
    </imageparamfield>
    <manageactionurl>
    </manageactionurl>
    <manageparamfield>
    </manageparamfield>
    <copyactionurl>
    </copyactionurl>
    <copyparamfield>
    </copyparamfield>
    <xaxis>n</xaxis>
    <yaxis>n</yaxis>
    <isadvancesearch>y</isadvancesearch>
    <Class>
    </Class>
    <SearchControlType>--Select--</SearchControlType>
    <SearchControlParameters>
    </SearchControlParameters>
    <DbParamField>
    </DbParamField>
    <useMode>DataBase</useMode>
    <IsGraph>n</IsGraph>
    <allowdetailview>n</allowdetailview>
  </column>
  <column>
    <id>2</id>
    <name>SKU</name>
    <headertext>SKU</headertext>
    <width>50</width>
    <datatype>String</datatype>
    <columntype>String</columntype>
    <allowsorting>true</allowsorting>
    <allowpaging>true</allowpaging>
    <format>
    </format>
    <isvisible>y</isvisible>
    <mustshow>n</mustshow>
    <musthide>n</musthide>
    <maxlength>0</maxlength>
    <isallowsearch>y</isallowsearch>
    <isconditional>n</isconditional>
    <isallowlink>n</isallowlink>
    <islinkactionurl>
    </islinkactionurl>
    <islinkparamfield>
    </islinkparamfield>
    <ischeckbox>n</ischeckbox>
    <checkboxparamfield>
    </checkboxparamfield>
    <iscontrol>n</iscontrol>
    <controltype>
    </controltype>
    <controlparamfield>
    </controlparamfield>
    <displaytext>
    </displaytext>
    <editactionurl>
    </editactionurl>
    <editparamfield>
    </editparamfield>
    <deleteactionurl>
    </deleteactionurl>
    <deleteparamfield>
    </deleteparamfield>
    <viewactionurl>
    </viewactionurl>
    <viewparamfield>
    </viewparamfield>
    <imageactionurl>
    </imageactionurl>
    <imageparamfield>
    </imageparamfield>
    <manageactionurl>
    </manageactionurl>
    <manageparamfield>
    </manageparamfield>
    <copyactionurl>
    </copyactionurl>
    <copyparamfield>
    </copyparamfield>
    <xaxis>n</xaxis>
    <yaxis>n</yaxis>
    <isadvancesearch>y</isadvancesearch>
    <Class>
    </Class>
    <SearchControlType>--Select--</SearchControlType>
    <SearchControlParameters>
    </SearchControlParameters>
    <DbParamField>
    </DbParamField>
    <useMode>DataBase</useMode>
    <IsGraph>n</IsGraph>
    <allowdetailview>n</allowdetailview>
  </column>
  <column>
    <id>3</id>
    <name>RetailPrice</name>
    <headertext>RetailPrice</headertext>
    <width>40</width>
    <datatype>String</datatype>
    <columntype>Decimal</columntype>
    <allowsorting>true</allowsorting>
    <allowpaging>true</allowpaging>
    <format>
    </format>
    <isvisible>y</isvisible>
    <mustshow>n</mustshow>
    <musthide>n</musthide>
    <maxlength>0</maxlength>
    <isallowsearch>n</isallowsearch>
    <isconditional>n</isconditional>
    <isallowlink>n</isallowlink>
    <islinkactionurl>
    </islinkactionurl>
    <islinkparamfield>
    </islinkparamfield>
    <ischeckbox>n</ischeckbox>
    <checkboxparamfield>
    </checkboxparamfield>
    <iscontrol>n</iscontrol>
    <controltype>
    </controltype>
    <controlparamfield>
    </controlparamfield>
    <displaytext>
    </displaytext>
    <editactionurl>
    </editactionurl>
    <editparamfield>
    </editparamfield>
    <deleteactionurl>
    </deleteactionurl>
    <deleteparamfield>
    </deleteparamfield>
    <viewactionurl>
    </viewactionurl>
    <viewparamfield>
    </viewparamfield>
    <imageactionurl>
    </imageactionurl>
    <imageparamfield>
    </imageparamfield>
    <manageactionurl>
    </manageactionurl>
    <manageparamfield>
    </manageparamfield>
    <copyactionurl>
    </copyactionurl>
    <copyparamfield>
    </copyparamfield>
    <xaxis>n</xaxis>
    <yaxis>n</yaxis>
    <isadvancesearch>y</isadvancesearch>
    <Class>
    </Class>
    <SearchControlType>--Select--</SearchControlType>
    <SearchControlParameters>
    </SearchControlParameters>
    <DbParamField>
    </DbParamField>
    <useMode>DataBase</useMode>
    <IsGraph>n</IsGraph>
    <allowdetailview>n</allowdetailview>
  </column>
  <column>
    <id>4</id>
    <name>SalesPrice</name>
    <headertext>SalesPrice</headertext>
    <width>40</width>
    <datatype>String</datatype>
    <columntype>Decimal</columntype>
    <allowsorting>true</allowsorting>
    <allowpaging>true</allowpaging>
    <format>
    </format>
    <isvisible>y</isvisible>
    <mustshow>n</mustshow>
    <musthide>n</musthide>
    <maxlength>0</maxlength>
    <isallowsearch>n</isallowsearch>
    <isconditional>n</isconditional>
    <isallowlink>n</isallowlink>
    <islinkactionurl>
    </islinkactionurl>
    <islinkparamfield>
    </islinkparamfield>
    <ischeckbox>n</ischeckbox>
    <checkboxparamfield>
    </checkboxparamfield>
    <iscontrol>n</iscontrol>
    <controltype>
    </controltype>
    <controlparamfield>
    </controlparamfield>
    <displaytext>
    </displaytext>
    <editactionurl>
    </editactionurl>
    <editparamfield>
    </editparamfield>
    <deleteactionurl>
    </deleteactionurl>
    <deleteparamfield>
    </deleteparamfield>
    <viewactionurl>
    </viewactionurl>
    <viewparamfield>
    </viewparamfield>
    <imageactionurl>
    </imageactionurl>
    <imageparamfield>
    </imageparamfield>
    <manageactionurl>
    </manageactionurl>
    <manageparamfield>
    </manageparamfield>
    <copyactionurl>
    </copyactionurl>
    <copyparamfield>
    </copyparamfield>
    <xaxis>n</xaxis>
    <yaxis>n</yaxis>
    <isadvancesearch>y</isadvancesearch>
    <Class>
    </Class>
    <SearchControlType>--Select--</SearchControlType>
    <SearchControlParameters>
    </SearchControlParameters>
    <DbParamField>
    </DbParamField>
    <useMode>DataBase</useMode>
    <IsGraph>n</IsGraph>
    <allowdetailview>n</allowdetailview>
  </column>
  <column>
    <id>5</id>
    <name>ActivationDate</name>
    <headertext>Activation Date</headertext>
    <width>50</width>
    <datatype>String</datatype>
    <columntype>DateTime</columntype>
    <allowsorting>true</allowsorting>
    <allowpaging>true</allowpaging>
    <format>
    </format>
    <isvisible>y</isvisible>
    <mustshow>n</mustshow>
    <musthide>n</musthide>
    <maxlength>0</maxlength>
    <isallowsearch>n</isallowsearch>
    <isconditional>n</isconditional>
    <isallowlink>n</isallowlink>
    <islinkactionurl>
    </islinkactionurl>
    <islinkparamfield>
    </islinkparamfield>
    <ischeckbox>n</ischeckbox>
    <checkboxparamfield>
    </checkboxparamfield>
    <iscontrol>n</iscontrol>
    <controltype>
    </controltype>
    <controlparamfield>
    </controlparamfield>
    <displaytext>
    </displaytext>
    <editactionurl>
    </editactionurl>
    <editparamfield>
    </editparamfield>
    <deleteactionurl>
    </deleteactionurl>
    <deleteparamfield>
    </deleteparamfield>
    <viewactionurl>
    </viewactionurl>
    <viewparamfield>
    </viewparamfield>
    <imageactionurl>
    </imageactionurl>
    <imageparamfield>
    </imageparamfield>
    <manageactionurl>
    </manageactionurl>
    <manageparamfield>
    </manageparamfield>
    <copyactionurl>
    </copyactionurl>
    <copyparamfield>
    </copyparamfield>
    <xaxis>n</xaxis>
    <yaxis>n</yaxis>
    <isadvancesearch>y</isadvancesearch>
    <Class>
    </Class>
    <SearchControlType>--Select--</SearchControlType>
    <SearchControlParameters>
    </SearchControlParameters>
    <DbParamField>
    </DbParamField>
    <useMode>DataBase</useMode>
    <IsGraph>n</IsGraph>
    <allowdetailview>n</allowdetailview>
  </column>
  <column>
    <id>6</id>
    <name>ExpirationDate</name>
    <headertext>Expiration Date</headertext>
    <width>50</width>
    <datatype>String</datatype>
    <columntype>DateTime</columntype>
    <allowsorting>true</allowsorting>
    <allowpaging>true</allowpaging>
    <format>
    </format>
    <isvisible>y</isvisible>
    <mustshow>n</mustshow>
    <musthide>n</musthide>
    <maxlength>0</maxlength>
    <isallowsearch>n</isallowsearch>
    <isconditional>n</isconditional>
    <isallowlink>n</isallowlink>
    <islinkactionurl>
    </islinkactionurl>
    <islinkparamfield>
    </islinkparamfield>
    <ischeckbox>n</ischeckbox>
    <checkboxparamfield>
    </checkboxparamfield>
    <iscontrol>n</iscontrol>
    <controltype>
    </controltype>
    <controlparamfield>
    </controlparamfield>
    <displaytext>
    </displaytext>
    <editactionurl>
    </editactionurl>
    <editparamfield>
    </editparamfield>
    <deleteactionurl>
    </deleteactionurl>
    <deleteparamfield>
    </deleteparamfield>
    <viewactionurl>
    </viewactionurl>
    <viewparamfield>
    </viewparamfield>
    <imageactionurl>
    </imageactionurl>
    <imageparamfield>
    </imageparamfield>
    <manageactionurl>
    </manageactionurl>
    <manageparamfield>
    </manageparamfield>
    <copyactionurl>
    </copyactionurl>
    <copyparamfield>
    </copyparamfield>
    <xaxis>n</xaxis>
    <yaxis>n</yaxis>
    <isadvancesearch>y</isadvancesearch>
    <Class>
    </Class>
    <SearchControlType>--Select--</SearchControlType>
    <SearchControlParameters>
    </SearchControlParameters>
    <DbParamField>
    </DbParamField>
    <useMode>DataBase</useMode>
    <IsGraph>n</IsGraph>
    <allowdetailview>n</allowdetailview>
  </column>
  <column>
    <id>7</id>
    <name>Manage</name>
    <headertext>Action</headertext>
    <width>30</width>
    <datatype>String</datatype>
    <columntype>String</columntype>
    <allowsorting>false</allowsorting>
    <allowpaging>true</allowpaging>
    <format>Edit|Delete</format>
    <isvisible>y</isvisible>
    <mustshow>n</mustshow>
    <musthide>n</musthide>
    <maxlength>0</maxlength>
    <isallowsearch>n</isallowsearch>
    <isconditional>n</isconditional>
    <isallowlink>n</isallowlink>
    <islinkactionurl>
    </islinkactionurl>
    <islinkparamfield>
    </islinkparamfield>
    <ischeckbox>n</ischeckbox>
    <checkboxparamfield>
    </checkboxparamfield>
    <iscontrol>n</iscontrol>
    <controltype>
    </controltype>
    <controlparamfield>
    </controlparamfield>
    <displaytext>Edit|Delete</displaytext>
    <editactionurl>
    </editactionurl>
    <editparamfield>
    </editparamfield>
    <deleteactionurl>
    </deleteactionurl>
    <deleteparamfield>
    </deleteparamfield>
    <viewactionurl>
    </viewactionurl>
    <viewparamfield>
    </viewparamfield>
    <imageactionurl>
    </imageactionurl>
    <imageparamfield>
    </imageparamfield>
    <manageactionurl>/Price/EditSKUPrice|/Price/DeleteSKUPrice</manageactionurl>
    <manageparamfield>priceId|priceId,priceListId</manageparamfield>
    <copyactionurl>
    </copyactionurl>
    <copyparamfield>
    </copyparamfield>
    <xaxis>n</xaxis>
    <yaxis>n</yaxis>
    <isadvancesearch>y</isadvancesearch>
    <Class>
    </Class>
    <SearchControlType>--Select--</SearchControlType>
    <SearchControlParameters>
    </SearchControlParameters>
    <DbParamField>
    </DbParamField>
    <useMode>DataBase</useMode>
    <IsGraph>n</IsGraph>
    <allowdetailview>n</allowdetailview>
  </column>
</columns>', N'PricingSKU', N'PricingSKU', N'PricingSKU', 0, NULL, NULL, NULL, NULL, 2, CAST(N'2016-05-04 11:38:41.313' AS DateTime), 2, CAST(N'2016-05-14 08:34:06.653' AS DateTime))
INSERT [dbo].[ZnodeApplicationSetting] ([ApplicationSettingId], [GroupName], [ItemName], [Setting], [ViewOptions], [FrontPageName], [FrontObjectName], [IsCompressed], [OrderByFields], [ItemNameWithoutCurrency], [CreatedByName], [ModifiedByName], [CreatedBy], [CreatedDate], [ModifiedBy], [ModifiedDate]) VALUES (1233, N'Table', N'ZnodeB2BAccount', N'<?xml version="1.0" encoding="utf-16"?><columns><column><id>1</id><name>AccountId</name><headertext>Account ID</headertext><width>0</width><datatype>String</datatype><columntype>Int32</columntype><allowsorting>true</allowsorting><allowpaging>true</allowpaging><format></format><isvisible>y</isvisible><mustshow>n</mustshow><musthide>n</musthide><maxlength>0</maxlength><isallowsearch>y</isallowsearch><isconditional>n</isconditional><isallowlink>n</isallowlink><islinkactionurl></islinkactionurl><islinkparamfield></islinkparamfield><ischeckbox>n</ischeckbox><checkboxparamfield></checkboxparamfield><iscontrol>n</iscontrol><controltype></controltype><controlparamfield></controlparamfield><displaytext></displaytext><editactionurl></editactionurl><editparamfield></editparamfield><deleteactionurl></deleteactionurl><deleteparamfield></deleteparamfield><viewactionurl></viewactionurl><viewparamfield></viewparamfield><imageactionurl></imageactionurl><imageparamfield></imageparamfield><manageactionurl></manageactionurl><manageparamfield></manageparamfield><copyactionurl></copyactionurl><copyparamfield></copyparamfield><xaxis>n</xaxis><yaxis>n</yaxis><isadvancesearch>n</isadvancesearch><Class></Class><SearchControlType>--Select--</SearchControlType><SearchControlParameters></SearchControlParameters><DbParamField></DbParamField><useMode>DataBase</useMode><IsGraph>n</IsGraph><allowdetailview>n</allowdetailview></column><column><id>2</id><name>ExternalId</name><headertext>External ID</headertext><width>0</width><datatype>String</datatype><columntype>Int32</columntype><allowsorting>true</allowsorting><allowpaging>true</allowpaging><format></format><isvisible>y</isvisible><mustshow>n</mustshow><musthide>n</musthide><maxlength>0</maxlength><isallowsearch>y</isallowsearch><isconditional>n</isconditional><isallowlink>n</isallowlink><islinkactionurl></islinkactionurl><islinkparamfield></islinkparamfield><ischeckbox>n</ischeckbox><checkboxparamfield></checkboxparamfield><iscontrol>n</iscontrol><controltype></controltype><controlparamfield></controlparamfield><displaytext></displaytext><editactionurl></editactionurl><editparamfield></editparamfield><deleteactionurl></deleteactionurl><deleteparamfield></deleteparamfield><viewactionurl></viewactionurl><viewparamfield></viewparamfield><imageactionurl></imageactionurl><imageparamfield></imageparamfield><manageactionurl></manageactionurl><manageparamfield></manageparamfield><copyactionurl></copyactionurl><copyparamfield></copyparamfield><xaxis>n</xaxis><yaxis>n</yaxis><isadvancesearch>n</isadvancesearch><Class></Class><SearchControlType>--Select--</SearchControlType><SearchControlParameters></SearchControlParameters><DbParamField></DbParamField><useMode>DataBase</useMode><IsGraph>n</IsGraph><allowdetailview>n</allowdetailview></column><column><id>3</id><name>ParentAccountId</name><headertext>Parent Account</headertext><width>0</width><datatype>String</datatype><columntype>String</columntype><allowsorting>true</allowsorting><allowpaging>true</allowpaging><format></format><isvisible>y</isvisible><mustshow>n</mustshow><musthide>n</musthide><maxlength>0</maxlength><isallowsearch>y</isallowsearch><isconditional>n</isconditional><isallowlink>n</isallowlink><islinkactionurl></islinkactionurl><islinkparamfield></islinkparamfield><ischeckbox>n</ischeckbox><checkboxparamfield></checkboxparamfield><iscontrol>n</iscontrol><controltype></controltype><controlparamfield></controlparamfield><displaytext></displaytext><editactionurl></editactionurl><editparamfield></editparamfield><deleteactionurl></deleteactionurl><deleteparamfield></deleteparamfield><viewactionurl></viewactionurl><viewparamfield></viewparamfield><imageactionurl></imageactionurl><imageparamfield></imageparamfield><manageactionurl></manageactionurl><manageparamfield></manageparamfield><copyactionurl></copyactionurl><copyparamfield></copyparamfield><xaxis>n</xaxis><yaxis>n</yaxis><isadvancesearch>y</isadvancesearch><Class></Class><SearchControlType>--Select--</SearchControlType><SearchControlParameters></SearchControlParameters><DbParamField></DbParamField><useMode>DataBase</useMode><IsGraph>n</IsGraph><allowdetailview>n</allowdetailview></column><column><id>4</id><name>CompanyName</name><headertext>Account Name</headertext><width>0</width><datatype>String</datatype><columntype>String</columntype><allowsorting>true</allowsorting><allowpaging>true</allowpaging><format></format><isvisible>y</isvisible><mustshow>n</mustshow><musthide>n</musthide><maxlength>0</maxlength><isallowsearch>y</isallowsearch><isconditional>n</isconditional><isallowlink>n</isallowlink><islinkactionurl></islinkactionurl><islinkparamfield></islinkparamfield><ischeckbox>n</ischeckbox><checkboxparamfield></checkboxparamfield><iscontrol>y</iscontrol><controltype></controltype><controlparamfield></controlparamfield><displaytext></displaytext><editactionurl></editactionurl><editparamfield></editparamfield><deleteactionurl></deleteactionurl><deleteparamfield></deleteparamfield><viewactionurl></viewactionurl><viewparamfield></viewparamfield><imageactionurl></imageactionurl><imageparamfield></imageparamfield><manageactionurl></manageactionurl><manageparamfield></manageparamfield><copyactionurl></copyactionurl><copyparamfield></copyparamfield><xaxis>n</xaxis><yaxis>n</yaxis><isadvancesearch>y</isadvancesearch><Class></Class><SearchControlType>--Select--</SearchControlType><SearchControlParameters></SearchControlParameters><DbParamField></DbParamField><useMode>DataBase</useMode><IsGraph>n</IsGraph><allowdetailview>n</allowdetailview></column><column><id>5</id><name>PhoneNumber</name><headertext>Phone Number</headertext><width>0</width><datatype>String</datatype><columntype>String</columntype><allowsorting>true</allowsorting><allowpaging>true</allowpaging><format></format><isvisible>y</isvisible><mustshow>n</mustshow><musthide>n</musthide><maxlength>0</maxlength><isallowsearch>y</isallowsearch><isconditional>n</isconditional><isallowlink>n</isallowlink><islinkactionurl></islinkactionurl><islinkparamfield></islinkparamfield><ischeckbox>n</ischeckbox><checkboxparamfield></checkboxparamfield><iscontrol>n</iscontrol><controltype></controltype><controlparamfield></controlparamfield><displaytext></displaytext><editactionurl></editactionurl><editparamfield></editparamfield><deleteactionurl></deleteactionurl><deleteparamfield></deleteparamfield><viewactionurl></viewactionurl><viewparamfield></viewparamfield><imageactionurl></imageactionurl><imageparamfield></imageparamfield><manageactionurl></manageactionurl><manageparamfield></manageparamfield><copyactionurl></copyactionurl><copyparamfield></copyparamfield><xaxis>n</xaxis><yaxis>n</yaxis><isadvancesearch>y</isadvancesearch><Class></Class><SearchControlType>--Select--</SearchControlType><SearchControlParameters></SearchControlParameters><DbParamField></DbParamField><useMode>DataBase</useMode><IsGraph>n</IsGraph><allowdetailview>n</allowdetailview></column></columns>', N'ZnodeB2BAccount', N'ZnodeB2BAccount', N'ZnodeB2BAccount', 0, NULL, NULL, NULL, NULL, 2, CAST(N'2016-05-04 13:07:37.293' AS DateTime), 2, CAST(N'2016-05-04 13:59:47.767' AS DateTime))
INSERT [dbo].[ZnodeApplicationSetting] ([ApplicationSettingId], [GroupName], [ItemName], [Setting], [ViewOptions], [FrontPageName], [FrontObjectName], [IsCompressed], [OrderByFields], [ItemNameWithoutCurrency], [CreatedByName], [ModifiedByName], [CreatedBy], [CreatedDate], [ModifiedBy], [ModifiedDate]) VALUES (1235, N'Table', N'ZnodePriceList', N'<?xml version="1.0" encoding="utf-16"?>
<columns>
  <column>
    <id>1</id>
    <name>PriceListId</name>
    <headertext>Checkbox</headertext>
    <width>40</width>
    <datatype>String</datatype>
    <columntype>Int32</columntype>
    <allowsorting>true</allowsorting>
    <allowpaging>false</allowpaging>
    <format>
    </format>
    <isvisible>y</isvisible>
    <mustshow>n</mustshow>
    <musthide>n</musthide>
    <maxlength>0</maxlength>
    <isallowsearch>n</isallowsearch>
    <isconditional>n</isconditional>
    <isallowlink>n</isallowlink>
    <islinkactionurl>
    </islinkactionurl>
    <islinkparamfield>
    </islinkparamfield>
    <ischeckbox>y</ischeckbox>
    <checkboxparamfield>
    </checkboxparamfield>
    <iscontrol>n</iscontrol>
    <controltype>
    </controltype>
    <controlparamfield>
    </controlparamfield>
    <displaytext>
    </displaytext>
    <editactionurl>
    </editactionurl>
    <editparamfield>
    </editparamfield>
    <deleteactionurl>
    </deleteactionurl>
    <deleteparamfield>
    </deleteparamfield>
    <viewactionurl>
    </viewactionurl>
    <viewparamfield>
    </viewparamfield>
    <imageactionurl>
    </imageactionurl>
    <imageparamfield>
    </imageparamfield>
    <manageactionurl>
    </manageactionurl>
    <manageparamfield>
    </manageparamfield>
    <copyactionurl>
    </copyactionurl>
    <copyparamfield>
    </copyparamfield>
    <xaxis>n</xaxis>
    <yaxis>n</yaxis>
    <isadvancesearch>n</isadvancesearch>
    <Class>
    </Class>
    <SearchControlType>--Select--</SearchControlType>
    <SearchControlParameters>
    </SearchControlParameters>
    <DbParamField>
    </DbParamField>
    <useMode>DataBase</useMode>
    <IsGraph>n</IsGraph>
    <allowdetailview>n</allowdetailview>
  </column>
  <column>
    <id>2</id>
    <name>ListCode</name>
    <headertext>Code</headertext>
    <width>60</width>
    <datatype>String</datatype>
    <columntype>String</columntype>
    <allowsorting>true</allowsorting>
    <allowpaging>false</allowpaging>
    <format>
    </format>
    <isvisible>y</isvisible>
    <mustshow>n</mustshow>
    <musthide>n</musthide>
    <maxlength>0</maxlength>
    <isallowsearch>y</isallowsearch>
    <isconditional>n</isconditional>
    <isallowlink>n</isallowlink>
    <islinkactionurl>
    </islinkactionurl>
    <islinkparamfield>
    </islinkparamfield>
    <ischeckbox>n</ischeckbox>
    <checkboxparamfield>
    </checkboxparamfield>
    <iscontrol>n</iscontrol>
    <controltype>
    </controltype>
    <controlparamfield>
    </controlparamfield>
    <displaytext>
    </displaytext>
    <editactionurl>
    </editactionurl>
    <editparamfield>
    </editparamfield>
    <deleteactionurl>
    </deleteactionurl>
    <deleteparamfield>
    </deleteparamfield>
    <viewactionurl>
    </viewactionurl>
    <viewparamfield>
    </viewparamfield>
    <imageactionurl>
    </imageactionurl>
    <imageparamfield>
    </imageparamfield>
    <manageactionurl>
    </manageactionurl>
    <manageparamfield>
    </manageparamfield>
    <copyactionurl>
    </copyactionurl>
    <copyparamfield>
    </copyparamfield>
    <xaxis>n</xaxis>
    <yaxis>n</yaxis>
    <isadvancesearch>y</isadvancesearch>
    <Class>
    </Class>
    <SearchControlType>--Select--</SearchControlType>
    <SearchControlParameters>
    </SearchControlParameters>
    <DbParamField>
    </DbParamField>
    <useMode>DataBase</useMode>
    <IsGraph>n</IsGraph>
    <allowdetailview>n</allowdetailview>
  </column>
  <column>
    <id>3</id>
    <name>ListName</name>
    <headertext>Name</headertext>
    <width>60</width>
    <datatype>String</datatype>
    <columntype>String</columntype>
    <allowsorting>true</allowsorting>
    <allowpaging>false</allowpaging>
    <format>
    </format>
    <isvisible>y</isvisible>
    <mustshow>n</mustshow>
    <musthide>n</musthide>
    <maxlength>0</maxlength>
    <isallowsearch>y</isallowsearch>
    <isconditional>n</isconditional>
    <isallowlink>n</isallowlink>
    <islinkactionurl>
    </islinkactionurl>
    <islinkparamfield>
    </islinkparamfield>
    <ischeckbox>n</ischeckbox>
    <checkboxparamfield>
    </checkboxparamfield>
    <iscontrol>n</iscontrol>
    <controltype>
    </controltype>
    <controlparamfield>
    </controlparamfield>
    <displaytext>
    </displaytext>
    <editactionurl>
    </editactionurl>
    <editparamfield>
    </editparamfield>
    <deleteactionurl>
    </deleteactionurl>
    <deleteparamfield>
    </deleteparamfield>
    <viewactionurl>
    </viewactionurl>
    <viewparamfield>
    </viewparamfield>
    <imageactionurl>
    </imageactionurl>
    <imageparamfield>
    </imageparamfield>
    <manageactionurl>
    </manageactionurl>
    <manageparamfield>
    </manageparamfield>
    <copyactionurl>
    </copyactionurl>
    <copyparamfield>
    </copyparamfield>
    <xaxis>n</xaxis>
    <yaxis>n</yaxis>
    <isadvancesearch>n</isadvancesearch>
    <Class>
    </Class>
    <SearchControlType>--Select--</SearchControlType>
    <SearchControlParameters>
    </SearchControlParameters>
    <DbParamField>
    </DbParamField>
    <useMode>DataBase</useMode>
    <IsGraph>n</IsGraph>
    <allowdetailview>n</allowdetailview>
  </column>
  <column>
    <id>4</id>
    <name>CurrencyName</name>
    <headertext>Currency</headertext>
    <width>60</width>
    <datatype>String</datatype>
    <columntype>String</columntype>
    <allowsorting>false</allowsorting>
    <allowpaging>false</allowpaging>
    <format>
    </format>
    <isvisible>y</isvisible>
    <mustshow>n</mustshow>
    <musthide>n</musthide>
    <maxlength>0</maxlength>
    <isallowsearch>y</isallowsearch>
    <isconditional>n</isconditional>
    <isallowlink>n</isallowlink>
    <islinkactionurl>
    </islinkactionurl>
    <islinkparamfield>
    </islinkparamfield>
    <ischeckbox>n</ischeckbox>
    <checkboxparamfield>
    </checkboxparamfield>
    <iscontrol>n</iscontrol>
    <controltype>
    </controltype>
    <controlparamfield>
    </controlparamfield>
    <displaytext>
    </displaytext>
    <editactionurl>
    </editactionurl>
    <editparamfield>
    </editparamfield>
    <deleteactionurl>
    </deleteactionurl>
    <deleteparamfield>
    </deleteparamfield>
    <viewactionurl>
    </viewactionurl>
    <viewparamfield>
    </viewparamfield>
    <imageactionurl>
    </imageactionurl>
    <imageparamfield>
    </imageparamfield>
    <manageactionurl>
    </manageactionurl>
    <manageparamfield>
    </manageparamfield>
    <copyactionurl>
    </copyactionurl>
    <copyparamfield>
    </copyparamfield>
    <xaxis>n</xaxis>
    <yaxis>n</yaxis>
    <isadvancesearch>n</isadvancesearch>
    <Class>
    </Class>
    <SearchControlType>--Select--</SearchControlType>
    <SearchControlParameters>
    </SearchControlParameters>
    <DbParamField>
    </DbParamField>
    <useMode>DataBase</useMode>
    <IsGraph>n</IsGraph>
    <allowdetailview>n</allowdetailview>
  </column>
  <column>
    <id>5</id>
    <name>ActivationDate</name>
    <headertext>Activation Date</headertext>
    <width>30</width>
    <datatype>String</datatype>
    <columntype>DateTime</columntype>
    <allowsorting>true</allowsorting>
    <allowpaging>false</allowpaging>
    <format>
    </format>
    <isvisible>y</isvisible>
    <mustshow>n</mustshow>
    <musthide>n</musthide>
    <maxlength>0</maxlength>
    <isallowsearch>y</isallowsearch>
    <isconditional>n</isconditional>
    <isallowlink>n</isallowlink>
    <islinkactionurl>
    </islinkactionurl>
    <islinkparamfield>
    </islinkparamfield>
    <ischeckbox>n</ischeckbox>
    <checkboxparamfield>
    </checkboxparamfield>
    <iscontrol>n</iscontrol>
    <controltype>
    </controltype>
    <controlparamfield>
    </controlparamfield>
    <displaytext>
    </displaytext>
    <editactionurl>
    </editactionurl>
    <editparamfield>
    </editparamfield>
    <deleteactionurl>
    </deleteactionurl>
    <deleteparamfield>
    </deleteparamfield>
    <viewactionurl>
    </viewactionurl>
    <viewparamfield>
    </viewparamfield>
    <imageactionurl>
    </imageactionurl>
    <imageparamfield>
    </imageparamfield>
    <manageactionurl>
    </manageactionurl>
    <manageparamfield>
    </manageparamfield>
    <copyactionurl>
    </copyactionurl>
    <copyparamfield>
    </copyparamfield>
    <xaxis>n</xaxis>
    <yaxis>n</yaxis>
    <isadvancesearch>n</isadvancesearch>
    <Class>
    </Class>
    <SearchControlType>--Select--</SearchControlType>
    <SearchControlParameters>
    </SearchControlParameters>
    <DbParamField>
    </DbParamField>
    <useMode>DataBase</useMode>
    <IsGraph>n</IsGraph>
    <allowdetailview>n</allowdetailview>
  </column>
  <column>
    <id>6</id>
    <name>ExpirationDate</name>
    <headertext>Expiration Date</headertext>
    <width>30</width>
    <datatype>String</datatype>
    <columntype>DateTime</columntype>
    <allowsorting>true</allowsorting>
    <allowpaging>false</allowpaging>
    <format>
    </format>
    <isvisible>y</isvisible>
    <mustshow>n</mustshow>
    <musthide>n</musthide>
    <maxlength>0</maxlength>
    <isallowsearch>y</isallowsearch>
    <isconditional>n</isconditional>
    <isallowlink>n</isallowlink>
    <islinkactionurl>
    </islinkactionurl>
    <islinkparamfield>
    </islinkparamfield>
    <ischeckbox>n</ischeckbox>
    <checkboxparamfield>
    </checkboxparamfield>
    <iscontrol>n</iscontrol>
    <controltype>
    </controltype>
    <controlparamfield>
    </controlparamfield>
    <displaytext>
    </displaytext>
    <editactionurl>
    </editactionurl>
    <editparamfield>
    </editparamfield>
    <deleteactionurl>
    </deleteactionurl>
    <deleteparamfield>
    </deleteparamfield>
    <viewactionurl>
    </viewactionurl>
    <viewparamfield>
    </viewparamfield>
    <imageactionurl>
    </imageactionurl>
    <imageparamfield>
    </imageparamfield>
    <manageactionurl>
    </manageactionurl>
    <manageparamfield>
    </manageparamfield>
    <copyactionurl>
    </copyactionurl>
    <copyparamfield>
    </copyparamfield>
    <xaxis>n</xaxis>
    <yaxis>n</yaxis>
    <isadvancesearch>n</isadvancesearch>
    <Class>
    </Class>
    <SearchControlType>--Select--</SearchControlType>
    <SearchControlParameters>
    </SearchControlParameters>
    <DbParamField>
    </DbParamField>
    <useMode>DataBase</useMode>
    <IsGraph>n</IsGraph>
    <allowdetailview>n</allowdetailview>
  </column>
  <column>
    <id>7</id>
    <name>Manage</name>
    <headertext>Action</headertext>
    <width>30</width>
    <datatype>String</datatype>
    <columntype>String</columntype>
    <allowsorting>false</allowsorting>
    <allowpaging>false</allowpaging>
    <format>Edit|Delete|Manage</format>
    <isvisible>y</isvisible>
    <mustshow>n</mustshow>
    <musthide>n</musthide>
    <maxlength>0</maxlength>
    <isallowsearch>n</isallowsearch>
    <isconditional>n</isconditional>
    <isallowlink>n</isallowlink>
    <islinkactionurl>
    </islinkactionurl>
    <islinkparamfield>
    </islinkparamfield>
    <ischeckbox>n</ischeckbox>
    <checkboxparamfield>
    </checkboxparamfield>
    <iscontrol>n</iscontrol>
    <controltype>
    </controltype>
    <controlparamfield>
    </controlparamfield>
    <displaytext>Edit|Delete|Manage</displaytext>
    <editactionurl>
    </editactionurl>
    <editparamfield>
    </editparamfield>
    <deleteactionurl>
    </deleteactionurl>
    <deleteparamfield>
    </deleteparamfield>
    <viewactionurl>
    </viewactionurl>
    <viewparamfield>
    </viewparamfield>
    <imageactionurl>
    </imageactionurl>
    <imageparamfield>
    </imageparamfield>
    <manageactionurl>/Price/Edit|/Price/Delete|/Price/PriceSKUList</manageactionurl>
    <manageparamfield>priceListId|priceListId|priceListId</manageparamfield>
    <copyactionurl>
    </copyactionurl>
    <copyparamfield>
    </copyparamfield>
    <xaxis>n</xaxis>
    <yaxis>n</yaxis>
    <isadvancesearch>n</isadvancesearch>
    <Class>
    </Class>
    <SearchControlType>--Select--</SearchControlType>
    <SearchControlParameters>
    </SearchControlParameters>
    <DbParamField>
    </DbParamField>
    <useMode>DataBase</useMode>
    <IsGraph>n</IsGraph>
    <allowdetailview>n</allowdetailview>
  </column>
</columns>', N'ZnodePriceList', N'ZnodePriceList', N'ZnodePriceList', 0, NULL, NULL, NULL, NULL, 0, CAST(N'2016-05-05 00:00:00.000' AS DateTime), 2, CAST(N'2016-05-13 12:34:21.877' AS DateTime))
INSERT [dbo].[ZnodeApplicationSetting] ([ApplicationSettingId], [GroupName], [ItemName], [Setting], [ViewOptions], [FrontPageName], [FrontObjectName], [IsCompressed], [OrderByFields], [ItemNameWithoutCurrency], [CreatedByName], [ModifiedByName], [CreatedBy], [CreatedDate], [ModifiedBy], [ModifiedDate]) VALUES (1236, N'Table', N'ZnodeInventoryList', N'<?xml version="1.0" encoding="utf-16"?>
<columns>
  <column>
    <id>1</id>
    <name>InventoryListId</name>
    <headertext>Checkbox</headertext>
    <width>60</width>
    <datatype>String</datatype>
    <columntype>Int32</columntype>
    <allowsorting>true</allowsorting>
    <allowpaging>false</allowpaging>
    <format>
    </format>
    <isvisible>y</isvisible>
    <mustshow>n</mustshow>
    <musthide>n</musthide>
    <maxlength>0</maxlength>
    <isallowsearch>n</isallowsearch>
    <isconditional>n</isconditional>
    <isallowlink>n</isallowlink>
    <islinkactionurl>
    </islinkactionurl>
    <islinkparamfield>InventoryListId</islinkparamfield>
    <ischeckbox>y</ischeckbox>
    <checkboxparamfield>
    </checkboxparamfield>
    <iscontrol>n</iscontrol>
    <controltype>
    </controltype>
    <controlparamfield>
    </controlparamfield>
    <displaytext>
    </displaytext>
    <editactionurl>
    </editactionurl>
    <editparamfield>
    </editparamfield>
    <deleteactionurl>
    </deleteactionurl>
    <deleteparamfield>
    </deleteparamfield>
    <viewactionurl>
    </viewactionurl>
    <viewparamfield>
    </viewparamfield>
    <imageactionurl>
    </imageactionurl>
    <imageparamfield>
    </imageparamfield>
    <manageactionurl>
    </manageactionurl>
    <manageparamfield>
    </manageparamfield>
    <copyactionurl>
    </copyactionurl>
    <copyparamfield>
    </copyparamfield>
    <xaxis>n</xaxis>
    <yaxis>n</yaxis>
    <isadvancesearch>n</isadvancesearch>
    <Class>
    </Class>
    <SearchControlType>--Select--</SearchControlType>
    <SearchControlParameters>
    </SearchControlParameters>
    <DbParamField>
    </DbParamField>
    <useMode>DataBase</useMode>
    <IsGraph>n</IsGraph>
    <allowdetailview>n</allowdetailview>
  </column>
  <column>
    <id>2</id>
    <name>ListCode</name>
    <headertext>Code</headertext>
    <width>60</width>
    <datatype>String</datatype>
    <columntype>String</columntype>
    <allowsorting>true</allowsorting>
    <allowpaging>false</allowpaging>
    <format>
    </format>
    <isvisible>y</isvisible>
    <mustshow>n</mustshow>
    <musthide>n</musthide>
    <maxlength>0</maxlength>
    <isallowsearch>y</isallowsearch>
    <isconditional>n</isconditional>
    <isallowlink>n</isallowlink>
    <islinkactionurl>
    </islinkactionurl>
    <islinkparamfield>InventoryListId</islinkparamfield>
    <ischeckbox>n</ischeckbox>
    <checkboxparamfield>
    </checkboxparamfield>
    <iscontrol>n</iscontrol>
    <controltype>
    </controltype>
    <controlparamfield>
    </controlparamfield>
    <displaytext>
    </displaytext>
    <editactionurl>
    </editactionurl>
    <editparamfield>
    </editparamfield>
    <deleteactionurl>
    </deleteactionurl>
    <deleteparamfield>
    </deleteparamfield>
    <viewactionurl>
    </viewactionurl>
    <viewparamfield>
    </viewparamfield>
    <imageactionurl>
    </imageactionurl>
    <imageparamfield>
    </imageparamfield>
    <manageactionurl>
    </manageactionurl>
    <manageparamfield>
    </manageparamfield>
    <copyactionurl>
    </copyactionurl>
    <copyparamfield>
    </copyparamfield>
    <xaxis>n</xaxis>
    <yaxis>n</yaxis>
    <isadvancesearch>y</isadvancesearch>
    <Class>
    </Class>
    <SearchControlType>--Select--</SearchControlType>
    <SearchControlParameters>
    </SearchControlParameters>
    <DbParamField>
    </DbParamField>
    <useMode>DataBase</useMode>
    <IsGraph>n</IsGraph>
    <allowdetailview>n</allowdetailview>
  </column>
  <column>
    <id>3</id>
    <name>ListName</name>
    <headertext>Name</headertext>
    <width>60</width>
    <datatype>String</datatype>
    <columntype>String</columntype>
    <allowsorting>false</allowsorting>
    <allowpaging>false</allowpaging>
    <format>
    </format>
    <isvisible>y</isvisible>
    <mustshow>n</mustshow>
    <musthide>n</musthide>
    <maxlength>0</maxlength>
    <isallowsearch>y</isallowsearch>
    <isconditional>n</isconditional>
    <isallowlink>n</isallowlink>
    <islinkactionurl>
    </islinkactionurl>
    <islinkparamfield>InventoryListId</islinkparamfield>
    <ischeckbox>n</ischeckbox>
    <checkboxparamfield>
    </checkboxparamfield>
    <iscontrol>n</iscontrol>
    <controltype>
    </controltype>
    <controlparamfield>
    </controlparamfield>
    <displaytext>
    </displaytext>
    <editactionurl>
    </editactionurl>
    <editparamfield>
    </editparamfield>
    <deleteactionurl>
    </deleteactionurl>
    <deleteparamfield>
    </deleteparamfield>
    <viewactionurl>
    </viewactionurl>
    <viewparamfield>
    </viewparamfield>
    <imageactionurl>
    </imageactionurl>
    <imageparamfield>
    </imageparamfield>
    <manageactionurl>
    </manageactionurl>
    <manageparamfield>
    </manageparamfield>
    <copyactionurl>
    </copyactionurl>
    <copyparamfield>
    </copyparamfield>
    <xaxis>n</xaxis>
    <yaxis>n</yaxis>
    <isadvancesearch>y</isadvancesearch>
    <Class>
    </Class>
    <SearchControlType>--Select--</SearchControlType>
    <SearchControlParameters>
    </SearchControlParameters>
    <DbParamField>
    </DbParamField>
    <useMode>DataBase</useMode>
    <IsGraph>n</IsGraph>
    <allowdetailview>n</allowdetailview>
  </column>
  <column>
    <id>4</id>
    <name>Manage</name>
    <headertext>Action</headertext>
    <width>30</width>
    <datatype>String</datatype>
    <columntype>String</columntype>
    <allowsorting>false</allowsorting>
    <allowpaging>false</allowpaging>
    <format>Edit|Delete|Manage|Copy</format>
    <isvisible>y</isvisible>
    <mustshow>n</mustshow>
    <musthide>n</musthide>
    <maxlength>0</maxlength>
    <isallowsearch>n</isallowsearch>
    <isconditional>n</isconditional>
    <isallowlink>n</isallowlink>
    <islinkactionurl>
    </islinkactionurl>
    <islinkparamfield>InventoryListId</islinkparamfield>
    <ischeckbox>n</ischeckbox>
    <checkboxparamfield>
    </checkboxparamfield>
    <iscontrol>n</iscontrol>
    <controltype>
    </controltype>
    <controlparamfield>
    </controlparamfield>
    <displaytext>Edit|Delete|Manage|Copy</displaytext>
    <editactionurl>
    </editactionurl>
    <editparamfield>
    </editparamfield>
    <deleteactionurl>
    </deleteactionurl>
    <deleteparamfield>
    </deleteparamfield>
    <viewactionurl>
    </viewactionurl>
    <viewparamfield>
    </viewparamfield>
    <imageactionurl>
    </imageactionurl>
    <imageparamfield>
    </imageparamfield>
    <manageactionurl>/Inventory/Edit|/Inventory/Delete|/Inventory/InventorySKUList|/Inventory/Copy</manageactionurl>
    <manageparamfield>inventoryListId|inventoryListId|inventoryListId|inventoryListId</manageparamfield>
    <copyactionurl>
    </copyactionurl>
    <copyparamfield>
    </copyparamfield>
    <xaxis>n</xaxis>
    <yaxis>n</yaxis>
    <isadvancesearch>n</isadvancesearch>
    <Class>
    </Class>
    <SearchControlType>--Select--</SearchControlType>
    <SearchControlParameters>
    </SearchControlParameters>
    <DbParamField>
    </DbParamField>
    <useMode>DataBase</useMode>
    <IsGraph>n</IsGraph>
    <allowdetailview>n</allowdetailview>
  </column>
</columns>', N'ZnodeInventoryList', N'ZnodeInventoryList', N'ZnodeInventoryList', 0, NULL, NULL, NULL, NULL, 2, CAST(N'2016-05-09 11:21:08.763' AS DateTime), 2, CAST(N'2016-05-12 11:18:53.033' AS DateTime))
INSERT [dbo].[ZnodeApplicationSetting] ([ApplicationSettingId], [GroupName], [ItemName], [Setting], [ViewOptions], [FrontPageName], [FrontObjectName], [IsCompressed], [OrderByFields], [ItemNameWithoutCurrency], [CreatedByName], [ModifiedByName], [CreatedBy], [CreatedDate], [ModifiedBy], [ModifiedDate]) VALUES (1237, N'Table', N'ZnodePriceTier', N'<?xml version="1.0" encoding="utf-16"?>
<columns>
  <column>
    <id>1</id>
    <name>PriceTierId</name>
    <headertext>Checkbox</headertext>
    <width>30</width>
    <datatype>String</datatype>
    <columntype>Int32</columntype>
    <allowsorting>true</allowsorting>
    <allowpaging>true</allowpaging>
    <format>
    </format>
    <isvisible>y</isvisible>
    <mustshow>n</mustshow>
    <musthide>n</musthide>
    <maxlength>0</maxlength>
    <isallowsearch>n</isallowsearch>
    <isconditional>n</isconditional>
    <isallowlink>n</isallowlink>
    <islinkactionurl>
    </islinkactionurl>
    <islinkparamfield>
    </islinkparamfield>
    <ischeckbox>y</ischeckbox>
    <checkboxparamfield>
    </checkboxparamfield>
    <iscontrol>n</iscontrol>
    <controltype>
    </controltype>
    <controlparamfield>
    </controlparamfield>
    <displaytext>
    </displaytext>
    <editactionurl>
    </editactionurl>
    <editparamfield>
    </editparamfield>
    <deleteactionurl>
    </deleteactionurl>
    <deleteparamfield>
    </deleteparamfield>
    <viewactionurl>
    </viewactionurl>
    <viewparamfield>
    </viewparamfield>
    <imageactionurl>
    </imageactionurl>
    <imageparamfield>
    </imageparamfield>
    <manageactionurl>
    </manageactionurl>
    <manageparamfield>
    </manageparamfield>
    <copyactionurl>
    </copyactionurl>
    <copyparamfield>
    </copyparamfield>
    <xaxis>n</xaxis>
    <yaxis>n</yaxis>
    <isadvancesearch>y</isadvancesearch>
    <Class>
    </Class>
    <SearchControlType>--Select--</SearchControlType>
    <SearchControlParameters>
    </SearchControlParameters>
    <DbParamField>
    </DbParamField>
    <useMode>DataBase</useMode>
    <IsGraph>n</IsGraph>
    <allowdetailview>n</allowdetailview>
  </column>
  <column>
    <id>2</id>
    <name>Price</name>
    <headertext>Price</headertext>
    <width>30</width>
    <datatype>String</datatype>
    <columntype>Decimal</columntype>
    <allowsorting>true</allowsorting>
    <allowpaging>true</allowpaging>
    <format>
    </format>
    <isvisible>y</isvisible>
    <mustshow>n</mustshow>
    <musthide>n</musthide>
    <maxlength>0</maxlength>
    <isallowsearch>n</isallowsearch>
    <isconditional>n</isconditional>
    <isallowlink>n</isallowlink>
    <islinkactionurl>
    </islinkactionurl>
    <islinkparamfield>
    </islinkparamfield>
    <ischeckbox>n</ischeckbox>
    <checkboxparamfield>
    </checkboxparamfield>
    <iscontrol>n</iscontrol>
    <controltype>
    </controltype>
    <controlparamfield>
    </controlparamfield>
    <displaytext>
    </displaytext>
    <editactionurl>
    </editactionurl>
    <editparamfield>
    </editparamfield>
    <deleteactionurl>
    </deleteactionurl>
    <deleteparamfield>
    </deleteparamfield>
    <viewactionurl>
    </viewactionurl>
    <viewparamfield>
    </viewparamfield>
    <imageactionurl>
    </imageactionurl>
    <imageparamfield>
    </imageparamfield>
    <manageactionurl>
    </manageactionurl>
    <manageparamfield>
    </manageparamfield>
    <copyactionurl>
    </copyactionurl>
    <copyparamfield>
    </copyparamfield>
    <xaxis>n</xaxis>
    <yaxis>n</yaxis>
    <isadvancesearch>y</isadvancesearch>
    <Class>
    </Class>
    <SearchControlType>--Select--</SearchControlType>
    <SearchControlParameters>
    </SearchControlParameters>
    <DbParamField>
    </DbParamField>
    <useMode>DataBase</useMode>
    <IsGraph>n</IsGraph>
    <allowdetailview>n</allowdetailview>
  </column>
  <column>
    <id>3</id>
    <name>MinQuantity</name>
    <headertext>Min Quantity</headertext>
    <width>30</width>
    <datatype>String</datatype>
    <columntype>Int32</columntype>
    <allowsorting>true</allowsorting>
    <allowpaging>true</allowpaging>
    <format>
    </format>
    <isvisible>y</isvisible>
    <mustshow>n</mustshow>
    <musthide>n</musthide>
    <maxlength>0</maxlength>
    <isallowsearch>n</isallowsearch>
    <isconditional>n</isconditional>
    <isallowlink>n</isallowlink>
    <islinkactionurl>
    </islinkactionurl>
    <islinkparamfield>
    </islinkparamfield>
    <ischeckbox>n</ischeckbox>
    <checkboxparamfield>
    </checkboxparamfield>
    <iscontrol>n</iscontrol>
    <controltype>
    </controltype>
    <controlparamfield>
    </controlparamfield>
    <displaytext>
    </displaytext>
    <editactionurl>
    </editactionurl>
    <editparamfield>
    </editparamfield>
    <deleteactionurl>
    </deleteactionurl>
    <deleteparamfield>
    </deleteparamfield>
    <viewactionurl>
    </viewactionurl>
    <viewparamfield>
    </viewparamfield>
    <imageactionurl>
    </imageactionurl>
    <imageparamfield>
    </imageparamfield>
    <manageactionurl>
    </manageactionurl>
    <manageparamfield>
    </manageparamfield>
    <copyactionurl>
    </copyactionurl>
    <copyparamfield>
    </copyparamfield>
    <xaxis>n</xaxis>
    <yaxis>n</yaxis>
    <isadvancesearch>y</isadvancesearch>
    <Class>
    </Class>
    <SearchControlType>--Select--</SearchControlType>
    <SearchControlParameters>
    </SearchControlParameters>
    <DbParamField>
    </DbParamField>
    <useMode>DataBase</useMode>
    <IsGraph>n</IsGraph>
    <allowdetailview>n</allowdetailview>
  </column>
  <column>
    <id>4</id>
    <name>MaxQuantity</name>
    <headertext>Max Quantity</headertext>
    <width>30</width>
    <datatype>String</datatype>
    <columntype>Int32</columntype>
    <allowsorting>true</allowsorting>
    <allowpaging>true</allowpaging>
    <format>
    </format>
    <isvisible>y</isvisible>
    <mustshow>n</mustshow>
    <musthide>n</musthide>
    <maxlength>0</maxlength>
    <isallowsearch>n</isallowsearch>
    <isconditional>n</isconditional>
    <isallowlink>n</isallowlink>
    <islinkactionurl>
    </islinkactionurl>
    <islinkparamfield>
    </islinkparamfield>
    <ischeckbox>n</ischeckbox>
    <checkboxparamfield>
    </checkboxparamfield>
    <iscontrol>n</iscontrol>
    <controltype>
    </controltype>
    <controlparamfield>
    </controlparamfield>
    <displaytext>
    </displaytext>
    <editactionurl>
    </editactionurl>
    <editparamfield>
    </editparamfield>
    <deleteactionurl>
    </deleteactionurl>
    <deleteparamfield>
    </deleteparamfield>
    <viewactionurl>
    </viewactionurl>
    <viewparamfield>
    </viewparamfield>
    <imageactionurl>
    </imageactionurl>
    <imageparamfield>
    </imageparamfield>
    <manageactionurl>
    </manageactionurl>
    <manageparamfield>
    </manageparamfield>
    <copyactionurl>
    </copyactionurl>
    <copyparamfield>
    </copyparamfield>
    <xaxis>n</xaxis>
    <yaxis>n</yaxis>
    <isadvancesearch>y</isadvancesearch>
    <Class>
    </Class>
    <SearchControlType>--Select--</SearchControlType>
    <SearchControlParameters>
    </SearchControlParameters>
    <DbParamField>
    </DbParamField>
    <useMode>DataBase</useMode>
    <IsGraph>n</IsGraph>
    <allowdetailview>n</allowdetailview>
  </column>
  <column>
    <id>5</id>
    <name>ActivationDate</name>
    <headertext>ActivationDate</headertext>
    <width>30</width>
    <datatype>String</datatype>
    <columntype>DateTime</columntype>
    <allowsorting>true</allowsorting>
    <allowpaging>true</allowpaging>
    <format>
    </format>
    <isvisible>y</isvisible>
    <mustshow>n</mustshow>
    <musthide>n</musthide>
    <maxlength>0</maxlength>
    <isallowsearch>n</isallowsearch>
    <isconditional>n</isconditional>
    <isallowlink>n</isallowlink>
    <islinkactionurl>
    </islinkactionurl>
    <islinkparamfield>
    </islinkparamfield>
    <ischeckbox>n</ischeckbox>
    <checkboxparamfield>
    </checkboxparamfield>
    <iscontrol>n</iscontrol>
    <controltype>
    </controltype>
    <controlparamfield>
    </controlparamfield>
    <displaytext>
    </displaytext>
    <editactionurl>
    </editactionurl>
    <editparamfield>
    </editparamfield>
    <deleteactionurl>
    </deleteactionurl>
    <deleteparamfield>
    </deleteparamfield>
    <viewactionurl>
    </viewactionurl>
    <viewparamfield>
    </viewparamfield>
    <imageactionurl>
    </imageactionurl>
    <imageparamfield>
    </imageparamfield>
    <manageactionurl>
    </manageactionurl>
    <manageparamfield>
    </manageparamfield>
    <copyactionurl>
    </copyactionurl>
    <copyparamfield>
    </copyparamfield>
    <xaxis>n</xaxis>
    <yaxis>n</yaxis>
    <isadvancesearch>y</isadvancesearch>
    <Class>
    </Class>
    <SearchControlType>--Select--</SearchControlType>
    <SearchControlParameters>
    </SearchControlParameters>
    <DbParamField>
    </DbParamField>
    <useMode>DataBase</useMode>
    <IsGraph>n</IsGraph>
    <allowdetailview>n</allowdetailview>
  </column>
  <column>
    <id>6</id>
    <name>ExpirationDate</name>
    <headertext>ExpirationDate</headertext>
    <width>30</width>
    <datatype>String</datatype>
    <columntype>DateTime</columntype>
    <allowsorting>true</allowsorting>
    <allowpaging>true</allowpaging>
    <format>
    </format>
    <isvisible>y</isvisible>
    <mustshow>n</mustshow>
    <musthide>n</musthide>
    <maxlength>0</maxlength>
    <isallowsearch>n</isallowsearch>
    <isconditional>n</isconditional>
    <isallowlink>n</isallowlink>
    <islinkactionurl>
    </islinkactionurl>
    <islinkparamfield>
    </islinkparamfield>
    <ischeckbox>n</ischeckbox>
    <checkboxparamfield>
    </checkboxparamfield>
    <iscontrol>n</iscontrol>
    <controltype>
    </controltype>
    <controlparamfield>
    </controlparamfield>
    <displaytext>
    </displaytext>
    <editactionurl>
    </editactionurl>
    <editparamfield>
    </editparamfield>
    <deleteactionurl>
    </deleteactionurl>
    <deleteparamfield>
    </deleteparamfield>
    <viewactionurl>
    </viewactionurl>
    <viewparamfield>
    </viewparamfield>
    <imageactionurl>
    </imageactionurl>
    <imageparamfield>
    </imageparamfield>
    <manageactionurl>
    </manageactionurl>
    <manageparamfield>
    </manageparamfield>
    <copyactionurl>
    </copyactionurl>
    <copyparamfield>
    </copyparamfield>
    <xaxis>n</xaxis>
    <yaxis>n</yaxis>
    <isadvancesearch>y</isadvancesearch>
    <Class>
    </Class>
    <SearchControlType>--Select--</SearchControlType>
    <SearchControlParameters>
    </SearchControlParameters>
    <DbParamField>
    </DbParamField>
    <useMode>DataBase</useMode>
    <IsGraph>n</IsGraph>
    <allowdetailview>n</allowdetailview>
  </column>
  <column>
    <id>7</id>
    <name>Manage</name>
    <headertext>Action</headertext>
    <width>30</width>
    <datatype>String</datatype>
    <columntype>String</columntype>
    <allowsorting>false</allowsorting>
    <allowpaging>true</allowpaging>
    <format>Edit|Delete</format>
    <isvisible>y</isvisible>
    <mustshow>n</mustshow>
    <musthide>n</musthide>
    <maxlength>0</maxlength>
    <isallowsearch>n</isallowsearch>
    <isconditional>n</isconditional>
    <isallowlink>n</isallowlink>
    <islinkactionurl>
    </islinkactionurl>
    <islinkparamfield>
    </islinkparamfield>
    <ischeckbox>n</ischeckbox>
    <checkboxparamfield>
    </checkboxparamfield>
    <iscontrol>n</iscontrol>
    <controltype>
    </controltype>
    <controlparamfield>
    </controlparamfield>
    <displaytext>Edit|Delete</displaytext>
    <editactionurl>
    </editactionurl>
    <editparamfield>
    </editparamfield>
    <deleteactionurl>
    </deleteactionurl>
    <deleteparamfield>
    </deleteparamfield>
    <viewactionurl>
    </viewactionurl>
    <viewparamfield>
    </viewparamfield>
    <imageactionurl>
    </imageactionurl>
    <imageparamfield>
    </imageparamfield>
    <manageactionurl>/Price/EditTierPrice|/Price/DeleteTierPrice</manageactionurl>
    <manageparamfield>priceTierId|priceTierId,priceListId,sku</manageparamfield>
    <copyactionurl>
    </copyactionurl>
    <copyparamfield>
    </copyparamfield>
    <xaxis>n</xaxis>
    <yaxis>n</yaxis>
    <isadvancesearch>y</isadvancesearch>
    <Class>
    </Class>
    <SearchControlType>--Select--</SearchControlType>
    <SearchControlParameters>
    </SearchControlParameters>
    <DbParamField>
    </DbParamField>
    <useMode>DataBase</useMode>
    <IsGraph>n</IsGraph>
    <allowdetailview>n</allowdetailview>
  </column>
</columns>', N'ZnodePriceTier', N'ZnodePriceTier', N'ZnodePriceTier', 0, NULL, NULL, NULL, NULL, 0, CAST(N'2016-05-09 11:35:04.887' AS DateTime), 0, CAST(N'2016-05-13 05:24:04.310' AS DateTime))
INSERT [dbo].[ZnodeApplicationSetting] ([ApplicationSettingId], [GroupName], [ItemName], [Setting], [ViewOptions], [FrontPageName], [FrontObjectName], [IsCompressed], [OrderByFields], [ItemNameWithoutCurrency], [CreatedByName], [ModifiedByName], [CreatedBy], [CreatedDate], [ModifiedBy], [ModifiedDate]) VALUES (1238, N'Table', N'ZnodeInventory', N'<?xml version="1.0" encoding="utf-16"?>
<columns>
  <column>
    <id>1</id>
    <name>InventoryId</name>
    <headertext>Checkbox</headertext>
    <width>50</width>
    <datatype>String</datatype>
    <columntype>String</columntype>
    <allowsorting>true</allowsorting>
    <allowpaging>true</allowpaging>
    <format>
    </format>
    <isvisible>y</isvisible>
    <mustshow>n</mustshow>
    <musthide>n</musthide>
    <maxlength>0</maxlength>
    <isallowsearch>n</isallowsearch>
    <isconditional>n</isconditional>
    <isallowlink>n</isallowlink>
    <islinkactionurl>
    </islinkactionurl>
    <islinkparamfield>
    </islinkparamfield>
    <ischeckbox>y</ischeckbox>
    <checkboxparamfield>
    </checkboxparamfield>
    <iscontrol>n</iscontrol>
    <controltype>
    </controltype>
    <controlparamfield>
    </controlparamfield>
    <displaytext>
    </displaytext>
    <editactionurl>
    </editactionurl>
    <editparamfield>
    </editparamfield>
    <deleteactionurl>
    </deleteactionurl>
    <deleteparamfield>
    </deleteparamfield>
    <viewactionurl>
    </viewactionurl>
    <viewparamfield>
    </viewparamfield>
    <imageactionurl>
    </imageactionurl>
    <imageparamfield>
    </imageparamfield>
    <manageactionurl>
    </manageactionurl>
    <manageparamfield>
    </manageparamfield>
    <copyactionurl>
    </copyactionurl>
    <copyparamfield>
    </copyparamfield>
    <xaxis>n</xaxis>
    <yaxis>n</yaxis>
    <isadvancesearch>y</isadvancesearch>
    <Class>
    </Class>
    <SearchControlType>--Select--</SearchControlType>
    <SearchControlParameters>
    </SearchControlParameters>
    <DbParamField>
    </DbParamField>
    <useMode>DataBase</useMode>
    <IsGraph>n</IsGraph>
    <allowdetailview>n</allowdetailview>
  </column>
  <column>
    <id>2</id>
    <name>SKU</name>
    <headertext>SKU</headertext>
    <width>50</width>
    <datatype>String</datatype>
    <columntype>String</columntype>
    <allowsorting>true</allowsorting>
    <allowpaging>true</allowpaging>
    <format>
    </format>
    <isvisible>y</isvisible>
    <mustshow>n</mustshow>
    <musthide>n</musthide>
    <maxlength>0</maxlength>
    <isallowsearch>y</isallowsearch>
    <isconditional>n</isconditional>
    <isallowlink>n</isallowlink>
    <islinkactionurl>
    </islinkactionurl>
    <islinkparamfield>
    </islinkparamfield>
    <ischeckbox>n</ischeckbox>
    <checkboxparamfield>
    </checkboxparamfield>
    <iscontrol>n</iscontrol>
    <controltype>
    </controltype>
    <controlparamfield>
    </controlparamfield>
    <displaytext>
    </displaytext>
    <editactionurl>
    </editactionurl>
    <editparamfield>
    </editparamfield>
    <deleteactionurl>
    </deleteactionurl>
    <deleteparamfield>
    </deleteparamfield>
    <viewactionurl>
    </viewactionurl>
    <viewparamfield>
    </viewparamfield>
    <imageactionurl>
    </imageactionurl>
    <imageparamfield>
    </imageparamfield>
    <manageactionurl>
    </manageactionurl>
    <manageparamfield>
    </manageparamfield>
    <copyactionurl>
    </copyactionurl>
    <copyparamfield>
    </copyparamfield>
    <xaxis>n</xaxis>
    <yaxis>n</yaxis>
    <isadvancesearch>y</isadvancesearch>
    <Class>
    </Class>
    <SearchControlType>--Select--</SearchControlType>
    <SearchControlParameters>
    </SearchControlParameters>
    <DbParamField>
    </DbParamField>
    <useMode>DataBase</useMode>
    <IsGraph>n</IsGraph>
    <allowdetailview>n</allowdetailview>
  </column>
  <column>
    <id>3</id>
    <name>Quantity</name>
    <headertext>Quantity On Hand</headertext>
    <width>50</width>
    <datatype>String</datatype>
    <columntype>Decimal</columntype>
    <allowsorting>true</allowsorting>
    <allowpaging>true</allowpaging>
    <format>
    </format>
    <isvisible>y</isvisible>
    <mustshow>n</mustshow>
    <musthide>n</musthide>
    <maxlength>0</maxlength>
    <isallowsearch>y</isallowsearch>
    <isconditional>n</isconditional>
    <isallowlink>n</isallowlink>
    <islinkactionurl>
    </islinkactionurl>
    <islinkparamfield>
    </islinkparamfield>
    <ischeckbox>n</ischeckbox>
    <checkboxparamfield>
    </checkboxparamfield>
    <iscontrol>n</iscontrol>
    <controltype>
    </controltype>
    <controlparamfield>
    </controlparamfield>
    <displaytext>
    </displaytext>
    <editactionurl>
    </editactionurl>
    <editparamfield>
    </editparamfield>
    <deleteactionurl>
    </deleteactionurl>
    <deleteparamfield>
    </deleteparamfield>
    <viewactionurl>
    </viewactionurl>
    <viewparamfield>
    </viewparamfield>
    <imageactionurl>
    </imageactionurl>
    <imageparamfield>
    </imageparamfield>
    <manageactionurl>
    </manageactionurl>
    <manageparamfield>
    </manageparamfield>
    <copyactionurl>
    </copyactionurl>
    <copyparamfield>
    </copyparamfield>
    <xaxis>n</xaxis>
    <yaxis>n</yaxis>
    <isadvancesearch>y</isadvancesearch>
    <Class>
    </Class>
    <SearchControlType>--Select--</SearchControlType>
    <SearchControlParameters>
    </SearchControlParameters>
    <DbParamField>
    </DbParamField>
    <useMode>DataBase</useMode>
    <IsGraph>n</IsGraph>
    <allowdetailview>n</allowdetailview>
  </column>
  <column>
    <id>4</id>
    <name>ReOrderLevel</name>
    <headertext>Re-Order Level</headertext>
    <width>50</width>
    <datatype>String</datatype>
    <columntype>Decimal</columntype>
    <allowsorting>true</allowsorting>
    <allowpaging>true</allowpaging>
    <format>
    </format>
    <isvisible>y</isvisible>
    <mustshow>n</mustshow>
    <musthide>n</musthide>
    <maxlength>0</maxlength>
    <isallowsearch>n</isallowsearch>
    <isconditional>n</isconditional>
    <isallowlink>n</isallowlink>
    <islinkactionurl>
    </islinkactionurl>
    <islinkparamfield>
    </islinkparamfield>
    <ischeckbox>n</ischeckbox>
    <checkboxparamfield>
    </checkboxparamfield>
    <iscontrol>n</iscontrol>
    <controltype>
    </controltype>
    <controlparamfield>
    </controlparamfield>
    <displaytext>
    </displaytext>
    <editactionurl>
    </editactionurl>
    <editparamfield>
    </editparamfield>
    <deleteactionurl>
    </deleteactionurl>
    <deleteparamfield>
    </deleteparamfield>
    <viewactionurl>
    </viewactionurl>
    <viewparamfield>
    </viewparamfield>
    <imageactionurl>
    </imageactionurl>
    <imageparamfield>
    </imageparamfield>
    <manageactionurl>
    </manageactionurl>
    <manageparamfield>
    </manageparamfield>
    <copyactionurl>
    </copyactionurl>
    <copyparamfield>
    </copyparamfield>
    <xaxis>n</xaxis>
    <yaxis>n</yaxis>
    <isadvancesearch>y</isadvancesearch>
    <Class>
    </Class>
    <SearchControlType>--Select--</SearchControlType>
    <SearchControlParameters>
    </SearchControlParameters>
    <DbParamField>
    </DbParamField>
    <useMode>DataBase</useMode>
    <IsGraph>n</IsGraph>
    <allowdetailview>n</allowdetailview>
  </column>
  <column>
    <id>5</id>
    <name>Manage</name>
    <headertext>Action</headertext>
    <width>30</width>
    <datatype>String</datatype>
    <columntype>String</columntype>
    <allowsorting>false</allowsorting>
    <allowpaging>false</allowpaging>
    <format>Edit|Delete</format>
    <isvisible>y</isvisible>
    <mustshow>n</mustshow>
    <musthide>n</musthide>
    <maxlength>0</maxlength>
    <isallowsearch>n</isallowsearch>
    <isconditional>n</isconditional>
    <isallowlink>n</isallowlink>
    <islinkactionurl>
    </islinkactionurl>
    <islinkparamfield>
    </islinkparamfield>
    <ischeckbox>n</ischeckbox>
    <checkboxparamfield>
    </checkboxparamfield>
    <iscontrol>n</iscontrol>
    <controltype>
    </controltype>
    <controlparamfield>
    </controlparamfield>
    <displaytext>Edit|Delete</displaytext>
    <editactionurl>
    </editactionurl>
    <editparamfield>
    </editparamfield>
    <deleteactionurl>
    </deleteactionurl>
    <deleteparamfield>
    </deleteparamfield>
    <viewactionurl>
    </viewactionurl>
    <viewparamfield>
    </viewparamfield>
    <imageactionurl>
    </imageactionurl>
    <imageparamfield>
    </imageparamfield>
    <manageactionurl>/Inventory/EditSKUInventory|/Inventory/DeleteSKUInventory</manageactionurl>
    <manageparamfield>inventoryId|inventoryId,inventoryListId</manageparamfield>
    <copyactionurl>
    </copyactionurl>
    <copyparamfield>
    </copyparamfield>
    <xaxis>n</xaxis>
    <yaxis>n</yaxis>
    <isadvancesearch>y</isadvancesearch>
    <Class>
    </Class>
    <SearchControlType>--Select--</SearchControlType>
    <SearchControlParameters>
    </SearchControlParameters>
    <DbParamField>
    </DbParamField>
    <useMode>DataBase</useMode>
    <IsGraph>n</IsGraph>
    <allowdetailview>n</allowdetailview>
  </column>
</columns>', N'ZnodeInventory', N'ZnodeInventory', N'ZnodeInventory', 0, NULL, NULL, NULL, NULL, 2, CAST(N'2016-05-11 05:29:20.307' AS DateTime), 2, CAST(N'2016-05-11 07:31:51.233' AS DateTime))
INSERT [dbo].[ZnodeApplicationSetting] ([ApplicationSettingId], [GroupName], [ItemName], [Setting], [ViewOptions], [FrontPageName], [FrontObjectName], [IsCompressed], [OrderByFields], [ItemNameWithoutCurrency], [CreatedByName], [ModifiedByName], [CreatedBy], [CreatedDate], [ModifiedBy], [ModifiedDate]) VALUES (2238, N'Table', N'ZnodePriceListPortal', N'<?xml version="1.0" encoding="utf-16"?>
<columns>
  <column>
    <id>1</id>
    <name>PriceListPortalId</name>
    <headertext>Checkbox</headertext>
    <width>30</width>
    <datatype>String</datatype>
    <columntype>Int32</columntype>
    <allowsorting>true</allowsorting>
    <allowpaging>true</allowpaging>
    <format>
    </format>
    <isvisible>y</isvisible>
    <mustshow>n</mustshow>
    <musthide>n</musthide>
    <maxlength>0</maxlength>
    <isallowsearch>n</isallowsearch>
    <isconditional>n</isconditional>
    <isallowlink>n</isallowlink>
    <islinkactionurl>
    </islinkactionurl>
    <islinkparamfield>
    </islinkparamfield>
    <ischeckbox>y</ischeckbox>
    <checkboxparamfield>
    </checkboxparamfield>
    <iscontrol>n</iscontrol>
    <controltype>
    </controltype>
    <controlparamfield>
    </controlparamfield>
    <displaytext>
    </displaytext>
    <editactionurl>
    </editactionurl>
    <editparamfield>
    </editparamfield>
    <deleteactionurl>
    </deleteactionurl>
    <deleteparamfield>
    </deleteparamfield>
    <viewactionurl>
    </viewactionurl>
    <viewparamfield>
    </viewparamfield>
    <imageactionurl>
    </imageactionurl>
    <imageparamfield>
    </imageparamfield>
    <manageactionurl>
    </manageactionurl>
    <manageparamfield>
    </manageparamfield>
    <copyactionurl>
    </copyactionurl>
    <copyparamfield>
    </copyparamfield>
    <xaxis>n</xaxis>
    <yaxis>n</yaxis>
    <isadvancesearch>y</isadvancesearch>
    <Class>
    </Class>
    <SearchControlType>--Select--</SearchControlType>
    <SearchControlParameters>
    </SearchControlParameters>
    <DbParamField>
    </DbParamField>
    <useMode>DataBase</useMode>
    <IsGraph>n</IsGraph>
    <allowdetailview>n</allowdetailview>
  </column>
  <column>
    <id>2</id>
    <name>PortalName</name>
    <headertext>Stores</headertext>
    <width>30</width>
    <datatype>String</datatype>
    <columntype>String</columntype>
    <allowsorting>false</allowsorting>
    <allowpaging>false</allowpaging>
    <format>
    </format>
    <isvisible>y</isvisible>
    <mustshow>n</mustshow>
    <musthide>n</musthide>
    <maxlength>0</maxlength>
    <isallowsearch>y</isallowsearch>
    <isconditional>n</isconditional>
    <isallowlink>n</isallowlink>
    <islinkactionurl>
    </islinkactionurl>
    <islinkparamfield>
    </islinkparamfield>
    <ischeckbox>n</ischeckbox>
    <checkboxparamfield>
    </checkboxparamfield>
    <iscontrol>n</iscontrol>
    <controltype>
    </controltype>
    <controlparamfield>
    </controlparamfield>
    <displaytext>
    </displaytext>
    <editactionurl>
    </editactionurl>
    <editparamfield>
    </editparamfield>
    <deleteactionurl>
    </deleteactionurl>
    <deleteparamfield>
    </deleteparamfield>
    <viewactionurl>
    </viewactionurl>
    <viewparamfield>
    </viewparamfield>
    <imageactionurl>
    </imageactionurl>
    <imageparamfield>
    </imageparamfield>
    <manageactionurl>
    </manageactionurl>
    <manageparamfield>
    </manageparamfield>
    <copyactionurl>
    </copyactionurl>
    <copyparamfield>
    </copyparamfield>
    <xaxis>n</xaxis>
    <yaxis>n</yaxis>
    <isadvancesearch>y</isadvancesearch>
    <Class>
    </Class>
    <SearchControlType>--Select--</SearchControlType>
    <SearchControlParameters>
    </SearchControlParameters>
    <DbParamField>
    </DbParamField>
    <useMode>DataBase</useMode>
    <IsGraph>n</IsGraph>
    <allowdetailview>n</allowdetailview>
  </column>
  <column>
    <id>3</id>
    <name>CreatedDate</name>
    <headertext>Created Date</headertext>
    <width>30</width>
    <datatype>String</datatype>
    <columntype>DateTime</columntype>
    <allowsorting>true</allowsorting>
    <allowpaging>true</allowpaging>
    <format>
    </format>
    <isvisible>y</isvisible>
    <mustshow>n</mustshow>
    <musthide>n</musthide>
    <maxlength>0</maxlength>
    <isallowsearch>n</isallowsearch>
    <isconditional>n</isconditional>
    <isallowlink>n</isallowlink>
    <islinkactionurl>
    </islinkactionurl>
    <islinkparamfield>
    </islinkparamfield>
    <ischeckbox>n</ischeckbox>
    <checkboxparamfield>
    </checkboxparamfield>
    <iscontrol>n</iscontrol>
    <controltype>
    </controltype>
    <controlparamfield>
    </controlparamfield>
    <displaytext>
    </displaytext>
    <editactionurl>
    </editactionurl>
    <editparamfield>
    </editparamfield>
    <deleteactionurl>
    </deleteactionurl>
    <deleteparamfield>
    </deleteparamfield>
    <viewactionurl>
    </viewactionurl>
    <viewparamfield>
    </viewparamfield>
    <imageactionurl>
    </imageactionurl>
    <imageparamfield>
    </imageparamfield>
    <manageactionurl>
    </manageactionurl>
    <manageparamfield>
    </manageparamfield>
    <copyactionurl>
    </copyactionurl>
    <copyparamfield>
    </copyparamfield>
    <xaxis>n</xaxis>
    <yaxis>n</yaxis>
    <isadvancesearch>y</isadvancesearch>
    <Class>
    </Class>
    <SearchControlType>--Select--</SearchControlType>
    <SearchControlParameters>
    </SearchControlParameters>
    <DbParamField>
    </DbParamField>
    <useMode>DataBase</useMode>
    <IsGraph>n</IsGraph>
    <allowdetailview>n</allowdetailview>
  </column>
  <column>
    <id>4</id>
    <name>ModifiedDate</name>
    <headertext>Modified Date</headertext>
    <width>30</width>
    <datatype>String</datatype>
    <columntype>DateTime</columntype>
    <allowsorting>true</allowsorting>
    <allowpaging>true</allowpaging>
    <format>
    </format>
    <isvisible>y</isvisible>
    <mustshow>n</mustshow>
    <musthide>n</musthide>
    <maxlength>0</maxlength>
    <isallowsearch>n</isallowsearch>
    <isconditional>n</isconditional>
    <isallowlink>n</isallowlink>
    <islinkactionurl>
    </islinkactionurl>
    <islinkparamfield>
    </islinkparamfield>
    <ischeckbox>n</ischeckbox>
    <checkboxparamfield>
    </checkboxparamfield>
    <iscontrol>n</iscontrol>
    <controltype>
    </controltype>
    <controlparamfield>
    </controlparamfield>
    <displaytext>
    </displaytext>
    <editactionurl>
    </editactionurl>
    <editparamfield>
    </editparamfield>
    <deleteactionurl>
    </deleteactionurl>
    <deleteparamfield>
    </deleteparamfield>
    <viewactionurl>
    </viewactionurl>
    <viewparamfield>
    </viewparamfield>
    <imageactionurl>
    </imageactionurl>
    <imageparamfield>
    </imageparamfield>
    <manageactionurl>
    </manageactionurl>
    <manageparamfield>
    </manageparamfield>
    <copyactionurl>
    </copyactionurl>
    <copyparamfield>
    </copyparamfield>
    <xaxis>n</xaxis>
    <yaxis>n</yaxis>
    <isadvancesearch>y</isadvancesearch>
    <Class>
    </Class>
    <SearchControlType>--Select--</SearchControlType>
    <SearchControlParameters>
    </SearchControlParameters>
    <DbParamField>
    </DbParamField>
    <useMode>DataBase</useMode>
    <IsGraph>n</IsGraph>
    <allowdetailview>n</allowdetailview>
  </column>
  <column>
    <id>5</id>
    <name>Manage</name>
    <headertext>Action</headertext>
    <width>0</width>
    <datatype>String</datatype>
    <columntype>String</columntype>
    <allowsorting>false</allowsorting>
    <allowpaging>true</allowpaging>
    <format>Delete</format>
    <isvisible>y</isvisible>
    <mustshow>n</mustshow>
    <musthide>n</musthide>
    <maxlength>0</maxlength>
    <isallowsearch>n</isallowsearch>
    <isconditional>n</isconditional>
    <isallowlink>n</isallowlink>
    <islinkactionurl>
    </islinkactionurl>
    <islinkparamfield>
    </islinkparamfield>
    <ischeckbox>n</ischeckbox>
    <checkboxparamfield>
    </checkboxparamfield>
    <iscontrol>n</iscontrol>
    <controltype>
    </controltype>
    <controlparamfield>
    </controlparamfield>
    <displaytext>Delete</displaytext>
    <editactionurl>
    </editactionurl>
    <editparamfield>
    </editparamfield>
    <deleteactionurl>
    </deleteactionurl>
    <deleteparamfield>
    </deleteparamfield>
    <viewactionurl>
    </viewactionurl>
    <viewparamfield>
    </viewparamfield>
    <imageactionurl>
    </imageactionurl>
    <imageparamfield>
    </imageparamfield>
    <manageactionurl>/Price/RemoveAssociatedStores</manageactionurl>
    <manageparamfield>PriceListPortalId,PriceListId</manageparamfield>
    <copyactionurl>
    </copyactionurl>
    <copyparamfield>
    </copyparamfield>
    <xaxis>n</xaxis>
    <yaxis>n</yaxis>
    <isadvancesearch>y</isadvancesearch>
    <Class>
    </Class>
    <SearchControlType>--Select--</SearchControlType>
    <SearchControlParameters>
    </SearchControlParameters>
    <DbParamField>
    </DbParamField>
    <useMode>DataBase</useMode>
    <IsGraph>n</IsGraph>
    <allowdetailview>n</allowdetailview>
  </column>
</columns>', N'ZnodePriceListPortal', N'ZnodePriceListPortal', N'ZnodePriceListPortal', 0, NULL, NULL, NULL, NULL, 2, CAST(N'2016-05-11 11:00:45.900' AS DateTime), 2, CAST(N'2016-05-16 04:51:00.413' AS DateTime))
INSERT [dbo].[ZnodeApplicationSetting] ([ApplicationSettingId], [GroupName], [ItemName], [Setting], [ViewOptions], [FrontPageName], [FrontObjectName], [IsCompressed], [OrderByFields], [ItemNameWithoutCurrency], [CreatedByName], [ModifiedByName], [CreatedBy], [CreatedDate], [ModifiedBy], [ModifiedDate]) VALUES (2239, N'Table', N'ZnodePortal', N'<?xml version="1.0" encoding="utf-16"?>
<columns>
  <column>
    <id>1</id>
    <name>PortalId</name>
    <headertext>Checkbox</headertext>
    <width>30</width>
    <datatype>String</datatype>
    <columntype>Int32</columntype>
    <allowsorting>true</allowsorting>
    <allowpaging>true</allowpaging>
    <format>
    </format>
    <isvisible>y</isvisible>
    <mustshow>n</mustshow>
    <musthide>n</musthide>
    <maxlength>0</maxlength>
    <isallowsearch>n</isallowsearch>
    <isconditional>n</isconditional>
    <isallowlink>n</isallowlink>
    <islinkactionurl>
    </islinkactionurl>
    <islinkparamfield>
    </islinkparamfield>
    <ischeckbox>y</ischeckbox>
    <checkboxparamfield>
    </checkboxparamfield>
    <iscontrol>n</iscontrol>
    <controltype>
    </controltype>
    <controlparamfield>
    </controlparamfield>
    <displaytext>
    </displaytext>
    <editactionurl>
    </editactionurl>
    <editparamfield>
    </editparamfield>
    <deleteactionurl>
    </deleteactionurl>
    <deleteparamfield>
    </deleteparamfield>
    <viewactionurl>
    </viewactionurl>
    <viewparamfield>
    </viewparamfield>
    <imageactionurl>
    </imageactionurl>
    <imageparamfield>
    </imageparamfield>
    <manageactionurl>
    </manageactionurl>
    <manageparamfield>
    </manageparamfield>
    <copyactionurl>
    </copyactionurl>
    <copyparamfield>
    </copyparamfield>
    <xaxis>n</xaxis>
    <yaxis>n</yaxis>
    <isadvancesearch>y</isadvancesearch>
    <Class>
    </Class>
    <SearchControlType>--Select--</SearchControlType>
    <SearchControlParameters>
    </SearchControlParameters>
    <DbParamField>
    </DbParamField>
    <useMode>DataBase</useMode>
    <IsGraph>n</IsGraph>
    <allowdetailview>n</allowdetailview>
  </column>
  <column>
    <id>2</id>
    <name>StoreName</name>
    <headertext>Stores</headertext>
    <width>30</width>
    <datatype>String</datatype>
    <columntype>String</columntype>
    <allowsorting>false</allowsorting>
    <allowpaging>true</allowpaging>
    <format>
    </format>
    <isvisible>y</isvisible>
    <mustshow>n</mustshow>
    <musthide>n</musthide>
    <maxlength>0</maxlength>
    <isallowsearch>y</isallowsearch>
    <isconditional>n</isconditional>
    <isallowlink>n</isallowlink>
    <islinkactionurl>
    </islinkactionurl>
    <islinkparamfield>
    </islinkparamfield>
    <ischeckbox>n</ischeckbox>
    <checkboxparamfield>
    </checkboxparamfield>
    <iscontrol>n</iscontrol>
    <controltype>
    </controltype>
    <controlparamfield>
    </controlparamfield>
    <displaytext>
    </displaytext>
    <editactionurl>
    </editactionurl>
    <editparamfield>
    </editparamfield>
    <deleteactionurl>
    </deleteactionurl>
    <deleteparamfield>
    </deleteparamfield>
    <viewactionurl>
    </viewactionurl>
    <viewparamfield>
    </viewparamfield>
    <imageactionurl>
    </imageactionurl>
    <imageparamfield>
    </imageparamfield>
    <manageactionurl>
    </manageactionurl>
    <manageparamfield>
    </manageparamfield>
    <copyactionurl>
    </copyactionurl>
    <copyparamfield>
    </copyparamfield>
    <xaxis>n</xaxis>
    <yaxis>n</yaxis>
    <isadvancesearch>y</isadvancesearch>
    <Class>
    </Class>
    <SearchControlType>--Select--</SearchControlType>
    <SearchControlParameters>
    </SearchControlParameters>
    <DbParamField>
    </DbParamField>
    <useMode>DataBase</useMode>
    <IsGraph>n</IsGraph>
    <allowdetailview>n</allowdetailview>
  </column>
</columns>', N'ZnodeAssociatePortals', N'ZnodeAssociatePortals', N'ZnodeAssociatePortals', 0, NULL, NULL, NULL, NULL, 2, CAST(N'2016-05-11 11:05:11.137' AS DateTime), 2, CAST(N'2016-05-13 09:49:52.257' AS DateTime))
INSERT [dbo].[ZnodeApplicationSetting] ([ApplicationSettingId], [GroupName], [ItemName], [Setting], [ViewOptions], [FrontPageName], [FrontObjectName], [IsCompressed], [OrderByFields], [ItemNameWithoutCurrency], [CreatedByName], [ModifiedByName], [CreatedBy], [CreatedDate], [ModifiedBy], [ModifiedDate]) VALUES (2240, N'Table', N'PriceListAccount', N'<?xml version="1.0" encoding="utf-16"?><columns><column><id>1</id><name>PriceListAccountId</name><headertext>Checkbox</headertext><width>0</width><datatype>String</datatype><columntype>Int32</columntype><allowsorting>true</allowsorting><allowpaging>true</allowpaging><format></format><isvisible>y</isvisible><mustshow>n</mustshow><musthide>n</musthide><maxlength>0</maxlength><isallowsearch>n</isallowsearch><isconditional>n</isconditional><isallowlink>n</isallowlink><islinkactionurl></islinkactionurl><islinkparamfield></islinkparamfield><ischeckbox>y</ischeckbox><checkboxparamfield></checkboxparamfield><iscontrol>n</iscontrol><controltype></controltype><controlparamfield></controlparamfield><displaytext></displaytext><editactionurl></editactionurl><editparamfield></editparamfield><deleteactionurl></deleteactionurl><deleteparamfield></deleteparamfield><viewactionurl></viewactionurl><viewparamfield></viewparamfield><imageactionurl></imageactionurl><imageparamfield></imageparamfield><manageactionurl></manageactionurl><manageparamfield></manageparamfield><copyactionurl></copyactionurl><copyparamfield></copyparamfield><xaxis>n</xaxis><yaxis>n</yaxis><isadvancesearch>y</isadvancesearch><Class></Class><SearchControlType>--Select--</SearchControlType><SearchControlParameters></SearchControlParameters><DbParamField></DbParamField><useMode>DataBase</useMode><IsGraph>n</IsGraph><allowdetailview>n</allowdetailview></column><column><id>2</id><name>Customer</name><headertext>Customer Name</headertext><width>0</width><datatype>String</datatype><columntype>String</columntype><allowsorting>true</allowsorting><allowpaging>true</allowpaging><format></format><isvisible>y</isvisible><mustshow>n</mustshow><musthide>n</musthide><maxlength>0</maxlength><isallowsearch>y</isallowsearch><isconditional>n</isconditional><isallowlink>n</isallowlink><islinkactionurl></islinkactionurl><islinkparamfield></islinkparamfield><ischeckbox>n</ischeckbox><checkboxparamfield></checkboxparamfield><iscontrol>n</iscontrol><controltype></controltype><controlparamfield></controlparamfield><displaytext></displaytext><editactionurl></editactionurl><editparamfield></editparamfield><deleteactionurl></deleteactionurl><deleteparamfield></deleteparamfield><viewactionurl></viewactionurl><viewparamfield></viewparamfield><imageactionurl></imageactionurl><imageparamfield></imageparamfield><manageactionurl></manageactionurl><manageparamfield></manageparamfield><copyactionurl></copyactionurl><copyparamfield></copyparamfield><xaxis>n</xaxis><yaxis>n</yaxis><isadvancesearch>y</isadvancesearch><Class></Class><SearchControlType>--Select--</SearchControlType><SearchControlParameters></SearchControlParameters><DbParamField></DbParamField><useMode>DataBase</useMode><IsGraph>n</IsGraph><allowdetailview>n</allowdetailview></column><column><id>3</id><name>CreatedDate</name><headertext>Created Date</headertext><width>0</width><datatype>String</datatype><columntype>DateTime</columntype><allowsorting>true</allowsorting><allowpaging>true</allowpaging><format></format><isvisible>y</isvisible><mustshow>n</mustshow><musthide>n</musthide><maxlength>0</maxlength><isallowsearch>n</isallowsearch><isconditional>n</isconditional><isallowlink>n</isallowlink><islinkactionurl></islinkactionurl><islinkparamfield></islinkparamfield><ischeckbox>n</ischeckbox><checkboxparamfield></checkboxparamfield><iscontrol>n</iscontrol><controltype></controltype><controlparamfield></controlparamfield><displaytext></displaytext><editactionurl></editactionurl><editparamfield></editparamfield><deleteactionurl></deleteactionurl><deleteparamfield></deleteparamfield><viewactionurl></viewactionurl><viewparamfield></viewparamfield><imageactionurl></imageactionurl><imageparamfield></imageparamfield><manageactionurl></manageactionurl><manageparamfield></manageparamfield><copyactionurl></copyactionurl><copyparamfield></copyparamfield><xaxis>n</xaxis><yaxis>n</yaxis><isadvancesearch>y</isadvancesearch><Class></Class><SearchControlType>--Select--</SearchControlType><SearchControlParameters></SearchControlParameters><DbParamField></DbParamField><useMode>DataBase</useMode><IsGraph>n</IsGraph><allowdetailview>n</allowdetailview></column><column><id>4</id><name>ModifiedDate</name><headertext>Modified Date</headertext><width>0</width><datatype>String</datatype><columntype>DateTime</columntype><allowsorting>true</allowsorting><allowpaging>true</allowpaging><format></format><isvisible>y</isvisible><mustshow>n</mustshow><musthide>n</musthide><maxlength>0</maxlength><isallowsearch>n</isallowsearch><isconditional>n</isconditional><isallowlink>n</isallowlink><islinkactionurl></islinkactionurl><islinkparamfield></islinkparamfield><ischeckbox>n</ischeckbox><checkboxparamfield></checkboxparamfield><iscontrol>n</iscontrol><controltype></controltype><controlparamfield></controlparamfield><displaytext></displaytext><editactionurl></editactionurl><editparamfield></editparamfield><deleteactionurl></deleteactionurl><deleteparamfield></deleteparamfield><viewactionurl></viewactionurl><viewparamfield></viewparamfield><imageactionurl></imageactionurl><imageparamfield></imageparamfield><manageactionurl></manageactionurl><manageparamfield></manageparamfield><copyactionurl></copyactionurl><copyparamfield></copyparamfield><xaxis>n</xaxis><yaxis>n</yaxis><isadvancesearch>y</isadvancesearch><Class></Class><SearchControlType>--Select--</SearchControlType><SearchControlParameters></SearchControlParameters><DbParamField></DbParamField><useMode>DataBase</useMode><IsGraph>n</IsGraph><allowdetailview>n</allowdetailview></column><column><id>5</id><name>Delete</name><headertext>Action</headertext><width>0</width><datatype>String</datatype><columntype>String</columntype><allowsorting>false</allowsorting><allowpaging>true</allowpaging><format>Delete</format><isvisible>y</isvisible><mustshow>n</mustshow><musthide>n</musthide><maxlength>0</maxlength><isallowsearch>n</isallowsearch><isconditional>n</isconditional><isallowlink>n</isallowlink><islinkactionurl></islinkactionurl><islinkparamfield></islinkparamfield><ischeckbox>n</ischeckbox><checkboxparamfield></checkboxparamfield><iscontrol>n</iscontrol><controltype></controltype><controlparamfield></controlparamfield><displaytext>Delete</displaytext><editactionurl></editactionurl><editparamfield></editparamfield><deleteactionurl></deleteactionurl><deleteparamfield></deleteparamfield><viewactionurl></viewactionurl><viewparamfield></viewparamfield><imageactionurl></imageactionurl><imageparamfield></imageparamfield><manageactionurl>/Price/DeleteCustomerPrice</manageactionurl><manageparamfield>PriceListAccountId</manageparamfield><copyactionurl></copyactionurl><copyparamfield></copyparamfield><xaxis>n</xaxis><yaxis>n</yaxis><isadvancesearch>y</isadvancesearch><Class></Class><SearchControlType>--Select--</SearchControlType><SearchControlParameters></SearchControlParameters><DbParamField></DbParamField><useMode>DataBase</useMode><IsGraph>n</IsGraph><allowdetailview>n</allowdetailview></column></columns>', N'PriceListAccount', N'PriceListAccount', N'PriceListAccount', 0, NULL, NULL, NULL, NULL, 2, CAST(N'2016-05-13 10:36:43.050' AS DateTime), 2, CAST(N'2016-05-13 10:36:43.050' AS DateTime))
SET IDENTITY_INSERT [dbo].[ZnodeApplicationSetting] OFF
SET IDENTITY_INSERT [dbo].[ZnodeCountry] ON 

INSERT [dbo].[ZnodeCountry] ([CountryId], [CountryCode], [CountryName], [IsActive], [IsDefault], [CreatedBy], [CreatedDate], [ModifiedBy], [ModifiedDate]) VALUES (1, N'AF', N'Afghanistan', 1, 0, 1, CAST(N'2016-02-22 11:30:13.227' AS DateTime), 2, CAST(N'2016-03-30 13:04:13.127' AS DateTime))
INSERT [dbo].[ZnodeCountry] ([CountryId], [CountryCode], [CountryName], [IsActive], [IsDefault], [CreatedBy], [CreatedDate], [ModifiedBy], [ModifiedDate]) VALUES (2, N'AL', N'Albania', 1, 0, 2, CAST(N'2016-02-22 11:30:13.227' AS DateTime), 2, CAST(N'2016-03-30 13:04:13.140' AS DateTime))
INSERT [dbo].[ZnodeCountry] ([CountryId], [CountryCode], [CountryName], [IsActive], [IsDefault], [CreatedBy], [CreatedDate], [ModifiedBy], [ModifiedDate]) VALUES (3, N'DZ', N'Algeria', 1, 0, 1, CAST(N'2016-02-22 11:30:13.227' AS DateTime), 2, CAST(N'2016-05-06 07:28:43.843' AS DateTime))
INSERT [dbo].[ZnodeCountry] ([CountryId], [CountryCode], [CountryName], [IsActive], [IsDefault], [CreatedBy], [CreatedDate], [ModifiedBy], [ModifiedDate]) VALUES (4, N'US', N'United States', 1, 1, 1, CAST(N'2016-02-22 11:30:13.227' AS DateTime), 2, CAST(N'2016-04-12 10:00:02.337' AS DateTime))
SET IDENTITY_INSERT [dbo].[ZnodeCountry] OFF
SET IDENTITY_INSERT [dbo].[ZnodeDateFormat] ON 

INSERT [dbo].[ZnodeDateFormat] ([DateFormatId], [DateFormat], [ConversionFactor], [IsDefault], [IsActive], [CreatedBy], [CreatedDate], [ModifiedBy], [ModifiedDate]) VALUES (5, N'hh:mm:tt  MM/dd/yyyy', 1, 0, 1, 1, CAST(N'2016-03-12 00:00:00.000' AS DateTime), 1, CAST(N'2016-03-12 00:00:00.000' AS DateTime))
INSERT [dbo].[ZnodeDateFormat] ([DateFormatId], [DateFormat], [ConversionFactor], [IsDefault], [IsActive], [CreatedBy], [CreatedDate], [ModifiedBy], [ModifiedDate]) VALUES (7, N'dd/MM/yyyy hh:mm:tt', 1, 0, 1, 1, CAST(N'2016-03-12 00:00:00.000' AS DateTime), 1, CAST(N'2016-03-12 00:00:00.000' AS DateTime))
INSERT [dbo].[ZnodeDateFormat] ([DateFormatId], [DateFormat], [ConversionFactor], [IsDefault], [IsActive], [CreatedBy], [CreatedDate], [ModifiedBy], [ModifiedDate]) VALUES (8, N'dd-MMM-yyyy', 1, 1, 1, 2, CAST(N'2016-03-12 00:00:00.000' AS DateTime), 2, CAST(N'2016-03-12 00:00:00.000' AS DateTime))
SET IDENTITY_INSERT [dbo].[ZnodeDateFormat] OFF
SET IDENTITY_INSERT [dbo].[ZnodeDisplayUnit] ON 

INSERT [dbo].[ZnodeDisplayUnit] ([DisplayUnitId], [DisplayUnitName], [DisplayUnitCode], [IsActive], [IsDefault], [CreatedBy], [CreatedDate], [ModifiedBy], [ModifiedDate]) VALUES (1, N'Kilobyte', N'KB', 1, 1, 2, CAST(N'2016-02-22 11:30:13.227' AS DateTime), 2, CAST(N'2016-04-12 12:11:53.850' AS DateTime))
INSERT [dbo].[ZnodeDisplayUnit] ([DisplayUnitId], [DisplayUnitName], [DisplayUnitCode], [IsActive], [IsDefault], [CreatedBy], [CreatedDate], [ModifiedBy], [ModifiedDate]) VALUES (2, N'Megabyte', N'MB', 1, 0, 1, CAST(N'2016-02-22 11:30:13.227' AS DateTime), 2, CAST(N'2016-04-12 10:53:16.663' AS DateTime))
SET IDENTITY_INSERT [dbo].[ZnodeDisplayUnit] OFF
SET IDENTITY_INSERT [dbo].[ZnodeEmailTemplate] ON 

INSERT [dbo].[ZnodeEmailTemplate] ([EmailTemplateId], [TemplateName], [Descriptions], [Subject], [IsActive], [CreatedBy], [CreatedDate], [ModifiedBy], [ModifiedDate]) VALUES (5, N'Test1', N'Test1', N'Test1', 1, 0, CAST(N'2016-03-22 07:05:23.123' AS DateTime), 2, CAST(N'2016-03-22 11:31:53.133' AS DateTime))
INSERT [dbo].[ZnodeEmailTemplate] ([EmailTemplateId], [TemplateName], [Descriptions], [Subject], [IsActive], [CreatedBy], [CreatedDate], [ModifiedBy], [ModifiedDate]) VALUES (6, N'Test2', N'Test2', N'Test2', 1, 2, CAST(N'2016-03-22 07:06:03.290' AS DateTime), 2, CAST(N'2016-03-22 11:37:09.153' AS DateTime))
INSERT [dbo].[ZnodeEmailTemplate] ([EmailTemplateId], [TemplateName], [Descriptions], [Subject], [IsActive], [CreatedBy], [CreatedDate], [ModifiedBy], [ModifiedDate]) VALUES (7, N'eeee', N'eee', N'eee', 0, 0, CAST(N'2016-03-22 07:42:44.577' AS DateTime), 2, CAST(N'2016-03-22 09:23:27.883' AS DateTime))
INSERT [dbo].[ZnodeEmailTemplate] ([EmailTemplateId], [TemplateName], [Descriptions], [Subject], [IsActive], [CreatedBy], [CreatedDate], [ModifiedBy], [ModifiedDate]) VALUES (11, N'rrr', N'rrr', N'rrr', 1, 2, CAST(N'2016-03-22 10:02:55.767' AS DateTime), 2, CAST(N'2016-04-05 06:11:01.860' AS DateTime))
INSERT [dbo].[ZnodeEmailTemplate] ([EmailTemplateId], [TemplateName], [Descriptions], [Subject], [IsActive], [CreatedBy], [CreatedDate], [ModifiedBy], [ModifiedDate]) VALUES (21, N'New Test', N'New Test', N'New Test', 1, 2, CAST(N'2016-04-05 06:06:55.803' AS DateTime), 2, CAST(N'2016-04-05 06:07:21.507' AS DateTime))
INSERT [dbo].[ZnodeEmailTemplate] ([EmailTemplateId], [TemplateName], [Descriptions], [Subject], [IsActive], [CreatedBy], [CreatedDate], [ModifiedBy], [ModifiedDate]) VALUES (22, N'TestEmailTemplate1', N'Test Description', N'TestEmailTemplate1', 1, 2, CAST(N'2016-04-05 06:10:12.377' AS DateTime), 2, CAST(N'2016-04-05 06:10:48.057' AS DateTime))
SET IDENTITY_INSERT [dbo].[ZnodeEmailTemplate] OFF
SET IDENTITY_INSERT [dbo].[ZnodeGlobalSetting] ON 

INSERT [dbo].[ZnodeGlobalSetting] ([ZNodeGlobalSettingId], [FeatureName], [FeatureValues], [FeatureSubValues], [CreatedBy], [CreatedDate], [ModifiedBy], [ModifiedDate]) VALUES (4, N'Locale', N'1', NULL, 2, CAST(N'2016-02-22 11:30:13.227' AS DateTime), 2, CAST(N'2016-05-06 07:29:19.267' AS DateTime))
INSERT [dbo].[ZnodeGlobalSetting] ([ZNodeGlobalSettingId], [FeatureName], [FeatureValues], [FeatureSubValues], [CreatedBy], [CreatedDate], [ModifiedBy], [ModifiedDate]) VALUES (5, N'DateFormat', N'dd-MMM-yyyy', N'dd-MMM-yyyy', 1, CAST(N'2016-03-12 00:00:00.000' AS DateTime), 1, CAST(N'2016-03-12 00:00:00.000' AS DateTime))
INSERT [dbo].[ZnodeGlobalSetting] ([ZNodeGlobalSettingId], [FeatureName], [FeatureValues], [FeatureSubValues], [CreatedBy], [CreatedDate], [ModifiedBy], [ModifiedDate]) VALUES (6, N'TimeZone', N'Dateline Standard Time', NULL, 1, CAST(N'2016-02-25 12:21:15.257' AS DateTime), 2, CAST(N'2016-04-12 12:11:54.023' AS DateTime))
INSERT [dbo].[ZnodeGlobalSetting] ([ZNodeGlobalSettingId], [FeatureName], [FeatureValues], [FeatureSubValues], [CreatedBy], [CreatedDate], [ModifiedBy], [ModifiedDate]) VALUES (7, N'WeightUnit', N'Lbs', NULL, 2, CAST(N'2016-02-22 11:30:13.227' AS DateTime), 2, CAST(N'2016-04-12 12:11:54.093' AS DateTime))
INSERT [dbo].[ZnodeGlobalSetting] ([ZNodeGlobalSettingId], [FeatureName], [FeatureValues], [FeatureSubValues], [CreatedBy], [CreatedDate], [ModifiedBy], [ModifiedDate]) VALUES (8, N'Currency', N'en-US', N'en-US|USS', 2, CAST(N'2016-02-22 11:30:13.227' AS DateTime), 2, CAST(N'2016-05-06 07:28:37.553' AS DateTime))
INSERT [dbo].[ZnodeGlobalSetting] ([ZNodeGlobalSettingId], [FeatureName], [FeatureValues], [FeatureSubValues], [CreatedBy], [CreatedDate], [ModifiedBy], [ModifiedDate]) VALUES (9, N'DisplayUnit', N'KB', NULL, 2, CAST(N'2016-02-22 11:30:13.227' AS DateTime), 2, CAST(N'2016-05-06 07:28:37.553' AS DateTime))
SET IDENTITY_INSERT [dbo].[ZnodeGlobalSetting] OFF
SET IDENTITY_INSERT [dbo].[ZnodePasswordLog] ON 

INSERT [dbo].[ZnodePasswordLog] ([PasswordLogId], [UserId], [Password], [CreatedBy], [CreatedDate], [ModifiedBy], [ModifiedDate]) VALUES (1, N'ab9ac88f-cdeb-4ddd-a7e7-9193d71cc91d', N'zpqAgUm0yOp1xOlpLlDqIw==', NULL, CAST(N'2016-04-05 12:44:45.037' AS DateTime), NULL, CAST(N'2016-04-05 12:44:45.037' AS DateTime))
SET IDENTITY_INSERT [dbo].[ZnodePasswordLog] OFF
SET IDENTITY_INSERT [dbo].[ZnodePromotionType] ON 

INSERT [dbo].[ZnodePromotionType] ([PromotionTypeId], [ClassType], [ClassName], [Name], [Description], [IsActive], [CreatedBy], [CreatedDate], [ModifiedBy], [ModifiedDate]) VALUES (13, NULL, N'ZnodeProductPromotionCallForPricing', N'Call For Pricing', N'Shows a "call for price" message.', 1, 2, CAST(N'2016-03-16 09:35:19.007' AS DateTime), 2, CAST(N'2016-03-16 09:35:19.007' AS DateTime))
INSERT [dbo].[ZnodePromotionType] ([PromotionTypeId], [ClassType], [ClassName], [Name], [Description], [IsActive], [CreatedBy], [CreatedDate], [ModifiedBy], [ModifiedDate]) VALUES (15, NULL, N'ZnodeCartPromotionAmountOffShipping', N'Amount Off Shipping', N'Applies an amount off shipping for an order; affects the shopping cart.', 0, 2, CAST(N'2016-03-18 11:21:00.213' AS DateTime), 2, CAST(N'2016-03-31 13:46:58.743' AS DateTime))
INSERT [dbo].[ZnodePromotionType] ([PromotionTypeId], [ClassType], [ClassName], [Name], [Description], [IsActive], [CreatedBy], [CreatedDate], [ModifiedBy], [ModifiedDate]) VALUES (16, NULL, N'ZnodeCartPromotionAmountOffBrand', N'Amount Off Brand', N'Applies an amount off products for a particular brand or manufacturer; affects the shopping cart.', 1, 2, CAST(N'2016-03-31 13:51:08.673' AS DateTime), 2, CAST(N'2016-03-31 13:54:50.903' AS DateTime))
INSERT [dbo].[ZnodePromotionType] ([PromotionTypeId], [ClassType], [ClassName], [Name], [Description], [IsActive], [CreatedBy], [CreatedDate], [ModifiedBy], [ModifiedDate]) VALUES (17, NULL, N'ZnodePricePromotionAmountOffProduct', N'Amount Off Displayed Product Price', N'Displays a discounted price for the product based on the amount off.', 1, 2, CAST(N'2016-04-01 14:01:54.073' AS DateTime), 2, CAST(N'2016-04-01 14:01:54.073' AS DateTime))
SET IDENTITY_INSERT [dbo].[ZnodePromotionType] OFF
SET IDENTITY_INSERT [dbo].[ZnodeShippingServiceCode] ON 

INSERT [dbo].[ZnodeShippingServiceCode] ([ShippingServiceCodeID], [ShippingTypeID], [Code], [Description], [DisplayOrder], [IsActive], [CreatedBy], [CreatedDate], [ModifiedBy], [ModifiedDate]) VALUES (1, 10, N'01', N'UPS - Next Day Air', 0, 1, 1, CAST(N'2016-03-17 00:00:00.000' AS DateTime), 1, CAST(N'2016-03-17 00:00:00.000' AS DateTime))
INSERT [dbo].[ZnodeShippingServiceCode] ([ShippingServiceCodeID], [ShippingTypeID], [Code], [Description], [DisplayOrder], [IsActive], [CreatedBy], [CreatedDate], [ModifiedBy], [ModifiedDate]) VALUES (2, 10, N'02', N'UPS - 2nd Day Air', 1, 1, 1, CAST(N'2016-03-17 00:00:00.000' AS DateTime), 1, CAST(N'2016-03-17 00:00:00.000' AS DateTime))
INSERT [dbo].[ZnodeShippingServiceCode] ([ShippingServiceCodeID], [ShippingTypeID], [Code], [Description], [DisplayOrder], [IsActive], [CreatedBy], [CreatedDate], [ModifiedBy], [ModifiedDate]) VALUES (3, 3, N'03', N'UPS - Ground', 2, 1, 1, CAST(N'2016-03-17 00:00:00.000' AS DateTime), 1, CAST(N'2016-03-17 00:00:00.000' AS DateTime))
INSERT [dbo].[ZnodeShippingServiceCode] ([ShippingServiceCodeID], [ShippingTypeID], [Code], [Description], [DisplayOrder], [IsActive], [CreatedBy], [CreatedDate], [ModifiedBy], [ModifiedDate]) VALUES (4, 3, N'07', N'UPS - Worldwide Express', 3, 1, 1, CAST(N'2016-03-17 00:00:00.000' AS DateTime), 1, CAST(N'2016-03-17 00:00:00.000' AS DateTime))
INSERT [dbo].[ZnodeShippingServiceCode] ([ShippingServiceCodeID], [ShippingTypeID], [Code], [Description], [DisplayOrder], [IsActive], [CreatedBy], [CreatedDate], [ModifiedBy], [ModifiedDate]) VALUES (5, 3, N'08', N'UPS - Worldwide Expedited', 4, 1, 1, CAST(N'2016-03-17 00:00:00.000' AS DateTime), 1, CAST(N'2016-03-17 00:00:00.000' AS DateTime))
INSERT [dbo].[ZnodeShippingServiceCode] ([ShippingServiceCodeID], [ShippingTypeID], [Code], [Description], [DisplayOrder], [IsActive], [CreatedBy], [CreatedDate], [ModifiedBy], [ModifiedDate]) VALUES (6, 3, N'11', N'UPS - Standard', 5, 1, 1, CAST(N'2016-03-17 00:00:00.000' AS DateTime), 1, CAST(N'2016-03-17 00:00:00.000' AS DateTime))
INSERT [dbo].[ZnodeShippingServiceCode] ([ShippingServiceCodeID], [ShippingTypeID], [Code], [Description], [DisplayOrder], [IsActive], [CreatedBy], [CreatedDate], [ModifiedBy], [ModifiedDate]) VALUES (7, 3, N'12', N'UPS - 3-Day Select', 6, 1, 1, CAST(N'2016-03-17 00:00:00.000' AS DateTime), 1, CAST(N'2016-03-17 00:00:00.000' AS DateTime))
INSERT [dbo].[ZnodeShippingServiceCode] ([ShippingServiceCodeID], [ShippingTypeID], [Code], [Description], [DisplayOrder], [IsActive], [CreatedBy], [CreatedDate], [ModifiedBy], [ModifiedDate]) VALUES (8, 3, N'13', N'UPS - Next Day Air Saver', 7, 1, 1, CAST(N'2016-03-17 00:00:00.000' AS DateTime), 1, CAST(N'2016-03-17 00:00:00.000' AS DateTime))
INSERT [dbo].[ZnodeShippingServiceCode] ([ShippingServiceCodeID], [ShippingTypeID], [Code], [Description], [DisplayOrder], [IsActive], [CreatedBy], [CreatedDate], [ModifiedBy], [ModifiedDate]) VALUES (9, 3, N'14', N'UPS - Next Day Air Early AM', 8, 1, 1, CAST(N'2016-03-17 00:00:00.000' AS DateTime), 1, CAST(N'2016-03-17 00:00:00.000' AS DateTime))
INSERT [dbo].[ZnodeShippingServiceCode] ([ShippingServiceCodeID], [ShippingTypeID], [Code], [Description], [DisplayOrder], [IsActive], [CreatedBy], [CreatedDate], [ModifiedBy], [ModifiedDate]) VALUES (10, 3, N'54', N'UPS - Worldwide Express Plus', 9, 1, 1, CAST(N'2016-03-17 00:00:00.000' AS DateTime), 1, CAST(N'2016-03-17 00:00:00.000' AS DateTime))
INSERT [dbo].[ZnodeShippingServiceCode] ([ShippingServiceCodeID], [ShippingTypeID], [Code], [Description], [DisplayOrder], [IsActive], [CreatedBy], [CreatedDate], [ModifiedBy], [ModifiedDate]) VALUES (11, 3, N'59', N'UPS - 2nd Day Air AM', 10, 1, 1, CAST(N'2016-03-17 00:00:00.000' AS DateTime), 1, CAST(N'2016-03-17 00:00:00.000' AS DateTime))
INSERT [dbo].[ZnodeShippingServiceCode] ([ShippingServiceCodeID], [ShippingTypeID], [Code], [Description], [DisplayOrder], [IsActive], [CreatedBy], [CreatedDate], [ModifiedBy], [ModifiedDate]) VALUES (12, 3, N'65', N'Express Saver', 11, 1, 1, CAST(N'2016-03-17 00:00:00.000' AS DateTime), 1, CAST(N'2016-03-17 00:00:00.000' AS DateTime))
INSERT [dbo].[ZnodeShippingServiceCode] ([ShippingServiceCodeID], [ShippingTypeID], [Code], [Description], [DisplayOrder], [IsActive], [CreatedBy], [CreatedDate], [ModifiedBy], [ModifiedDate]) VALUES (15, 9, N'FEDEX_2_DAY', N'FedEx 2 Day&reg;', 4, 1, 1, CAST(N'2016-03-17 00:00:00.000' AS DateTime), 1, CAST(N'2016-03-17 00:00:00.000' AS DateTime))
INSERT [dbo].[ZnodeShippingServiceCode] ([ShippingServiceCodeID], [ShippingTypeID], [Code], [Description], [DisplayOrder], [IsActive], [CreatedBy], [CreatedDate], [ModifiedBy], [ModifiedDate]) VALUES (18, 9, N'FEDEX_EXPRESS_SAVER', N'FedEx Express Saver&reg;', 5, 1, 1, CAST(N'2016-03-17 00:00:00.000' AS DateTime), 1, CAST(N'2016-03-17 00:00:00.000' AS DateTime))
INSERT [dbo].[ZnodeShippingServiceCode] ([ShippingServiceCodeID], [ShippingTypeID], [Code], [Description], [DisplayOrder], [IsActive], [CreatedBy], [CreatedDate], [ModifiedBy], [ModifiedDate]) VALUES (19, 9, N'FEDEX_GROUND', N'FedEx Ground&reg;', 9, 1, 1, CAST(N'2016-03-17 00:00:00.000' AS DateTime), 1, CAST(N'2016-03-17 00:00:00.000' AS DateTime))
INSERT [dbo].[ZnodeShippingServiceCode] ([ShippingServiceCodeID], [ShippingTypeID], [Code], [Description], [DisplayOrder], [IsActive], [CreatedBy], [CreatedDate], [ModifiedBy], [ModifiedDate]) VALUES (20, 2, N'FIRST_OVERNIGHT', N'FedEx First OverNight&reg;', 1, 1, 1, CAST(N'2016-03-17 00:00:00.000' AS DateTime), 1, CAST(N'2016-03-17 00:00:00.000' AS DateTime))
INSERT [dbo].[ZnodeShippingServiceCode] ([ShippingServiceCodeID], [ShippingTypeID], [Code], [Description], [DisplayOrder], [IsActive], [CreatedBy], [CreatedDate], [ModifiedBy], [ModifiedDate]) VALUES (23, 2, N'INTERNATIONAL_ECONOMY', N'FedEx International Economy&reg;', 8, 1, 1, CAST(N'2016-03-17 00:00:00.000' AS DateTime), 1, CAST(N'2016-03-17 00:00:00.000' AS DateTime))
INSERT [dbo].[ZnodeShippingServiceCode] ([ShippingServiceCodeID], [ShippingTypeID], [Code], [Description], [DisplayOrder], [IsActive], [CreatedBy], [CreatedDate], [ModifiedBy], [ModifiedDate]) VALUES (26, 2, N'INTERNATIONAL_FIRST', N'FedEx International First&reg;', 6, 1, 1, CAST(N'2016-03-17 00:00:00.000' AS DateTime), 1, CAST(N'2016-03-17 00:00:00.000' AS DateTime))
INSERT [dbo].[ZnodeShippingServiceCode] ([ShippingServiceCodeID], [ShippingTypeID], [Code], [Description], [DisplayOrder], [IsActive], [CreatedBy], [CreatedDate], [ModifiedBy], [ModifiedDate]) VALUES (27, 2, N'INTERNATIONAL_PRIORITY', N'FedEx International Priority&reg;', 7, 1, 1, CAST(N'2016-03-17 00:00:00.000' AS DateTime), 1, CAST(N'2016-03-17 00:00:00.000' AS DateTime))
INSERT [dbo].[ZnodeShippingServiceCode] ([ShippingServiceCodeID], [ShippingTypeID], [Code], [Description], [DisplayOrder], [IsActive], [CreatedBy], [CreatedDate], [ModifiedBy], [ModifiedDate]) VALUES (30, 2, N'PRIORITY_OVERNIGHT', N'FedEx Priority Overnight&reg;', 2, 1, 1, CAST(N'2016-03-17 00:00:00.000' AS DateTime), 1, CAST(N'2016-03-17 00:00:00.000' AS DateTime))
INSERT [dbo].[ZnodeShippingServiceCode] ([ShippingServiceCodeID], [ShippingTypeID], [Code], [Description], [DisplayOrder], [IsActive], [CreatedBy], [CreatedDate], [ModifiedBy], [ModifiedDate]) VALUES (31, 2, N'STANDARD_OVERNIGHT', N'FedEx Standard Overnight&reg;', 3, 1, 1, CAST(N'2016-03-17 00:00:00.000' AS DateTime), 1, CAST(N'2016-03-17 00:00:00.000' AS DateTime))
SET IDENTITY_INSERT [dbo].[ZnodeShippingServiceCode] OFF
SET IDENTITY_INSERT [dbo].[ZnodeTimeZone] ON 

INSERT [dbo].[ZnodeTimeZone] ([TimeZoneId], [TimeZoneDetailsCode], [TimeZoneDetailsDesc], [DifferenceInSeconds], [DaylightBeginsAt], [DaylightEndsAt], [DSTInSeconds], [IsDefault], [IsActive], [CreatedBy], [CreatedDate], [ModifiedBy], [ModifiedDate]) VALUES (2, N'Dateline Standard Time', N'(GMT-12:00) International Date Line West', -43200, NULL, NULL, NULL, 0, 1, 1, CAST(N'2016-02-25 12:21:15.257' AS DateTime), 1, CAST(N'2016-02-25 12:21:15.257' AS DateTime))
INSERT [dbo].[ZnodeTimeZone] ([TimeZoneId], [TimeZoneDetailsCode], [TimeZoneDetailsDesc], [DifferenceInSeconds], [DaylightBeginsAt], [DaylightEndsAt], [DSTInSeconds], [IsDefault], [IsActive], [CreatedBy], [CreatedDate], [ModifiedBy], [ModifiedDate]) VALUES (3, N'Samoa Standard Time', N'(GMT-11:00) Midway Island, Samoa', -39600, NULL, NULL, NULL, 0, 1, 1, CAST(N'2016-02-25 12:21:15.257' AS DateTime), 1, CAST(N'2016-02-25 12:21:15.257' AS DateTime))
INSERT [dbo].[ZnodeTimeZone] ([TimeZoneId], [TimeZoneDetailsCode], [TimeZoneDetailsDesc], [DifferenceInSeconds], [DaylightBeginsAt], [DaylightEndsAt], [DSTInSeconds], [IsDefault], [IsActive], [CreatedBy], [CreatedDate], [ModifiedBy], [ModifiedDate]) VALUES (4, N'Hawaiian Standard Time', N'(GMT-10:00) Hawaii', -36000, NULL, NULL, NULL, 0, 1, 1, CAST(N'2016-02-25 12:21:15.257' AS DateTime), 1, CAST(N'2016-02-25 12:21:15.257' AS DateTime))
INSERT [dbo].[ZnodeTimeZone] ([TimeZoneId], [TimeZoneDetailsCode], [TimeZoneDetailsDesc], [DifferenceInSeconds], [DaylightBeginsAt], [DaylightEndsAt], [DSTInSeconds], [IsDefault], [IsActive], [CreatedBy], [CreatedDate], [ModifiedBy], [ModifiedDate]) VALUES (5, N'Alaskan Standard Time', N'(GMT-09:00) Alaska', -32400, NULL, NULL, NULL, 0, 1, 1, CAST(N'2016-02-25 12:21:15.257' AS DateTime), 1, CAST(N'2016-02-25 12:21:15.257' AS DateTime))
INSERT [dbo].[ZnodeTimeZone] ([TimeZoneId], [TimeZoneDetailsCode], [TimeZoneDetailsDesc], [DifferenceInSeconds], [DaylightBeginsAt], [DaylightEndsAt], [DSTInSeconds], [IsDefault], [IsActive], [CreatedBy], [CreatedDate], [ModifiedBy], [ModifiedDate]) VALUES (6, N'Pacific Standard Time', N'(GMT-08:00) Pacific Time (US & Canada)', -28800, NULL, NULL, NULL, 0, 1, 1, CAST(N'2016-02-25 12:21:15.257' AS DateTime), 1, CAST(N'2016-02-25 12:21:15.257' AS DateTime))
INSERT [dbo].[ZnodeTimeZone] ([TimeZoneId], [TimeZoneDetailsCode], [TimeZoneDetailsDesc], [DifferenceInSeconds], [DaylightBeginsAt], [DaylightEndsAt], [DSTInSeconds], [IsDefault], [IsActive], [CreatedBy], [CreatedDate], [ModifiedBy], [ModifiedDate]) VALUES (7, N'Pacific Standard Time (Mexico)', N'(GMT-08:00) Tijuana, Baja California', -28800, NULL, NULL, NULL, 0, 1, 1, CAST(N'2016-02-25 12:21:15.257' AS DateTime), 1, CAST(N'2016-02-25 12:21:15.257' AS DateTime))
INSERT [dbo].[ZnodeTimeZone] ([TimeZoneId], [TimeZoneDetailsCode], [TimeZoneDetailsDesc], [DifferenceInSeconds], [DaylightBeginsAt], [DaylightEndsAt], [DSTInSeconds], [IsDefault], [IsActive], [CreatedBy], [CreatedDate], [ModifiedBy], [ModifiedDate]) VALUES (8, N'US Mountain Standard Time', N'(GMT-07:00) Arizona', -25200, NULL, NULL, NULL, 0, 1, 1, CAST(N'2016-02-25 12:21:15.257' AS DateTime), 1, CAST(N'2016-02-25 12:21:15.257' AS DateTime))
INSERT [dbo].[ZnodeTimeZone] ([TimeZoneId], [TimeZoneDetailsCode], [TimeZoneDetailsDesc], [DifferenceInSeconds], [DaylightBeginsAt], [DaylightEndsAt], [DSTInSeconds], [IsDefault], [IsActive], [CreatedBy], [CreatedDate], [ModifiedBy], [ModifiedDate]) VALUES (9, N'Mountain Standard Time (Mexico)', N'(GMT-07:00) Chihuahua, La Paz, Mazatlan - New', -25200, NULL, NULL, NULL, 0, 1, 1, CAST(N'2016-02-25 12:21:15.257' AS DateTime), 1, CAST(N'2016-02-25 12:21:15.257' AS DateTime))
INSERT [dbo].[ZnodeTimeZone] ([TimeZoneId], [TimeZoneDetailsCode], [TimeZoneDetailsDesc], [DifferenceInSeconds], [DaylightBeginsAt], [DaylightEndsAt], [DSTInSeconds], [IsDefault], [IsActive], [CreatedBy], [CreatedDate], [ModifiedBy], [ModifiedDate]) VALUES (10, N'Mexico Standard Time 2', N'(GMT-07:00) Chihuahua, La Paz, Mazatlan - Old', -25200, NULL, NULL, NULL, 0, 1, 1, CAST(N'2016-02-25 12:21:15.257' AS DateTime), 1, CAST(N'2016-02-25 12:21:15.257' AS DateTime))
INSERT [dbo].[ZnodeTimeZone] ([TimeZoneId], [TimeZoneDetailsCode], [TimeZoneDetailsDesc], [DifferenceInSeconds], [DaylightBeginsAt], [DaylightEndsAt], [DSTInSeconds], [IsDefault], [IsActive], [CreatedBy], [CreatedDate], [ModifiedBy], [ModifiedDate]) VALUES (11, N'Mountain Standard Time', N'(GMT-07:00) Mountain Time (US & Canada)', -25200, NULL, NULL, NULL, 0, 1, 1, CAST(N'2016-02-25 12:21:15.257' AS DateTime), 1, CAST(N'2016-02-25 12:21:15.257' AS DateTime))
INSERT [dbo].[ZnodeTimeZone] ([TimeZoneId], [TimeZoneDetailsCode], [TimeZoneDetailsDesc], [DifferenceInSeconds], [DaylightBeginsAt], [DaylightEndsAt], [DSTInSeconds], [IsDefault], [IsActive], [CreatedBy], [CreatedDate], [ModifiedBy], [ModifiedDate]) VALUES (12, N'Central America Standard Time', N'(GMT-06:00) Central America', -21600, NULL, NULL, NULL, 0, 1, 1, CAST(N'2016-02-25 12:21:15.257' AS DateTime), 1, CAST(N'2016-02-25 12:21:15.257' AS DateTime))
INSERT [dbo].[ZnodeTimeZone] ([TimeZoneId], [TimeZoneDetailsCode], [TimeZoneDetailsDesc], [DifferenceInSeconds], [DaylightBeginsAt], [DaylightEndsAt], [DSTInSeconds], [IsDefault], [IsActive], [CreatedBy], [CreatedDate], [ModifiedBy], [ModifiedDate]) VALUES (13, N'Central Standard Time', N'(GMT-06:00) Central Time (US & Canada)', -21600, NULL, NULL, NULL, 0, 1, 1, CAST(N'2016-02-25 12:21:15.257' AS DateTime), 1, CAST(N'2016-02-25 12:21:15.257' AS DateTime))
INSERT [dbo].[ZnodeTimeZone] ([TimeZoneId], [TimeZoneDetailsCode], [TimeZoneDetailsDesc], [DifferenceInSeconds], [DaylightBeginsAt], [DaylightEndsAt], [DSTInSeconds], [IsDefault], [IsActive], [CreatedBy], [CreatedDate], [ModifiedBy], [ModifiedDate]) VALUES (14, N'Central Standard Time (Mexico)', N'(GMT-06:00) Guadalajara, Mexico City, Monterrey - New', -21600, NULL, NULL, NULL, 0, 1, 1, CAST(N'2016-02-25 12:21:15.257' AS DateTime), 1, CAST(N'2016-02-25 12:21:15.257' AS DateTime))
INSERT [dbo].[ZnodeTimeZone] ([TimeZoneId], [TimeZoneDetailsCode], [TimeZoneDetailsDesc], [DifferenceInSeconds], [DaylightBeginsAt], [DaylightEndsAt], [DSTInSeconds], [IsDefault], [IsActive], [CreatedBy], [CreatedDate], [ModifiedBy], [ModifiedDate]) VALUES (15, N'Mexico Standard Time', N'(GMT-06:00) Guadalajara, Mexico City, Monterrey - Old', -21600, NULL, NULL, NULL, 0, 1, 1, CAST(N'2016-02-25 12:21:15.257' AS DateTime), 1, CAST(N'2016-02-25 12:21:15.257' AS DateTime))
INSERT [dbo].[ZnodeTimeZone] ([TimeZoneId], [TimeZoneDetailsCode], [TimeZoneDetailsDesc], [DifferenceInSeconds], [DaylightBeginsAt], [DaylightEndsAt], [DSTInSeconds], [IsDefault], [IsActive], [CreatedBy], [CreatedDate], [ModifiedBy], [ModifiedDate]) VALUES (16, N'Canada Central Standard Time', N'(GMT-06:00) Saskatchewan', -21600, NULL, NULL, NULL, 0, 1, 1, CAST(N'2016-02-25 12:21:15.257' AS DateTime), 1, CAST(N'2016-02-25 12:21:15.257' AS DateTime))
INSERT [dbo].[ZnodeTimeZone] ([TimeZoneId], [TimeZoneDetailsCode], [TimeZoneDetailsDesc], [DifferenceInSeconds], [DaylightBeginsAt], [DaylightEndsAt], [DSTInSeconds], [IsDefault], [IsActive], [CreatedBy], [CreatedDate], [ModifiedBy], [ModifiedDate]) VALUES (17, N'SA Pacific Standard Time', N'(GMT-05:00) Bogota, Lima, Quito', -18000, NULL, NULL, NULL, 0, 1, 1, CAST(N'2016-02-25 12:21:15.257' AS DateTime), 1, CAST(N'2016-02-25 12:21:15.257' AS DateTime))
INSERT [dbo].[ZnodeTimeZone] ([TimeZoneId], [TimeZoneDetailsCode], [TimeZoneDetailsDesc], [DifferenceInSeconds], [DaylightBeginsAt], [DaylightEndsAt], [DSTInSeconds], [IsDefault], [IsActive], [CreatedBy], [CreatedDate], [ModifiedBy], [ModifiedDate]) VALUES (18, N'Eastern Standard Time', N'(GMT-05:00) Eastern Time (US & Canada)', -18000, NULL, NULL, NULL, 0, 1, 1, CAST(N'2016-02-25 12:21:15.257' AS DateTime), 1, CAST(N'2016-02-25 12:21:15.257' AS DateTime))
INSERT [dbo].[ZnodeTimeZone] ([TimeZoneId], [TimeZoneDetailsCode], [TimeZoneDetailsDesc], [DifferenceInSeconds], [DaylightBeginsAt], [DaylightEndsAt], [DSTInSeconds], [IsDefault], [IsActive], [CreatedBy], [CreatedDate], [ModifiedBy], [ModifiedDate]) VALUES (19, N'US Eastern Standard Time', N'(GMT-05:00) Indiana (East)', -18000, NULL, NULL, NULL, 0, 1, 1, CAST(N'2016-02-25 12:21:15.257' AS DateTime), 1, CAST(N'2016-02-25 12:21:15.257' AS DateTime))
INSERT [dbo].[ZnodeTimeZone] ([TimeZoneId], [TimeZoneDetailsCode], [TimeZoneDetailsDesc], [DifferenceInSeconds], [DaylightBeginsAt], [DaylightEndsAt], [DSTInSeconds], [IsDefault], [IsActive], [CreatedBy], [CreatedDate], [ModifiedBy], [ModifiedDate]) VALUES (20, N'Venezuela Standard Time', N'(GMT-04:30) Caracas', -16200, NULL, NULL, NULL, 0, 1, 1, CAST(N'2016-02-25 12:21:15.257' AS DateTime), 1, CAST(N'2016-02-25 12:21:15.257' AS DateTime))
INSERT [dbo].[ZnodeTimeZone] ([TimeZoneId], [TimeZoneDetailsCode], [TimeZoneDetailsDesc], [DifferenceInSeconds], [DaylightBeginsAt], [DaylightEndsAt], [DSTInSeconds], [IsDefault], [IsActive], [CreatedBy], [CreatedDate], [ModifiedBy], [ModifiedDate]) VALUES (21, N'Paraguay Standard Time', N'(GMT-04:00) Asuncion', -14400, NULL, NULL, NULL, 0, 1, 1, CAST(N'2016-02-25 12:21:15.257' AS DateTime), 1, CAST(N'2016-02-25 12:21:15.257' AS DateTime))
INSERT [dbo].[ZnodeTimeZone] ([TimeZoneId], [TimeZoneDetailsCode], [TimeZoneDetailsDesc], [DifferenceInSeconds], [DaylightBeginsAt], [DaylightEndsAt], [DSTInSeconds], [IsDefault], [IsActive], [CreatedBy], [CreatedDate], [ModifiedBy], [ModifiedDate]) VALUES (22, N'Atlantic Standard Time', N'(GMT-04:00) Atlantic Time (Canada)', -14400, NULL, NULL, NULL, 0, 1, 1, CAST(N'2016-02-25 12:21:15.257' AS DateTime), 1, CAST(N'2016-02-25 12:21:15.257' AS DateTime))
INSERT [dbo].[ZnodeTimeZone] ([TimeZoneId], [TimeZoneDetailsCode], [TimeZoneDetailsDesc], [DifferenceInSeconds], [DaylightBeginsAt], [DaylightEndsAt], [DSTInSeconds], [IsDefault], [IsActive], [CreatedBy], [CreatedDate], [ModifiedBy], [ModifiedDate]) VALUES (23, N'SA Western Standard Time', N'(GMT-04:00) Georgetown, La Paz, San Juan', -14400, NULL, NULL, NULL, 0, 1, 1, CAST(N'2016-02-25 12:21:15.257' AS DateTime), 1, CAST(N'2016-02-25 12:21:15.257' AS DateTime))
INSERT [dbo].[ZnodeTimeZone] ([TimeZoneId], [TimeZoneDetailsCode], [TimeZoneDetailsDesc], [DifferenceInSeconds], [DaylightBeginsAt], [DaylightEndsAt], [DSTInSeconds], [IsDefault], [IsActive], [CreatedBy], [CreatedDate], [ModifiedBy], [ModifiedDate]) VALUES (24, N'Central Brazilian Standard Time', N'(GMT-04:00) Manaus', -14400, NULL, NULL, NULL, 0, 1, 1, CAST(N'2016-02-25 12:21:15.257' AS DateTime), 1, CAST(N'2016-02-25 12:21:15.257' AS DateTime))
INSERT [dbo].[ZnodeTimeZone] ([TimeZoneId], [TimeZoneDetailsCode], [TimeZoneDetailsDesc], [DifferenceInSeconds], [DaylightBeginsAt], [DaylightEndsAt], [DSTInSeconds], [IsDefault], [IsActive], [CreatedBy], [CreatedDate], [ModifiedBy], [ModifiedDate]) VALUES (25, N'Pacific SA Standard Time', N'(GMT-04:00) Santiago', -14400, NULL, NULL, NULL, 0, 1, 1, CAST(N'2016-02-25 12:21:15.257' AS DateTime), 1, CAST(N'2016-02-25 12:21:15.257' AS DateTime))
INSERT [dbo].[ZnodeTimeZone] ([TimeZoneId], [TimeZoneDetailsCode], [TimeZoneDetailsDesc], [DifferenceInSeconds], [DaylightBeginsAt], [DaylightEndsAt], [DSTInSeconds], [IsDefault], [IsActive], [CreatedBy], [CreatedDate], [ModifiedBy], [ModifiedDate]) VALUES (26, N'Newfoundland Standard Time', N'(GMT-03:30) Newfoundland', -12600, NULL, NULL, NULL, 0, 1, 1, CAST(N'2016-02-25 12:21:15.257' AS DateTime), 1, CAST(N'2016-02-25 12:21:15.257' AS DateTime))
INSERT [dbo].[ZnodeTimeZone] ([TimeZoneId], [TimeZoneDetailsCode], [TimeZoneDetailsDesc], [DifferenceInSeconds], [DaylightBeginsAt], [DaylightEndsAt], [DSTInSeconds], [IsDefault], [IsActive], [CreatedBy], [CreatedDate], [ModifiedBy], [ModifiedDate]) VALUES (27, N'E. South America Standard Time', N'(GMT-03:00) Brasilia', -10800, NULL, NULL, NULL, 0, 1, 1, CAST(N'2016-02-25 12:21:15.257' AS DateTime), 1, CAST(N'2016-02-25 12:21:15.257' AS DateTime))
INSERT [dbo].[ZnodeTimeZone] ([TimeZoneId], [TimeZoneDetailsCode], [TimeZoneDetailsDesc], [DifferenceInSeconds], [DaylightBeginsAt], [DaylightEndsAt], [DSTInSeconds], [IsDefault], [IsActive], [CreatedBy], [CreatedDate], [ModifiedBy], [ModifiedDate]) VALUES (28, N'Argentina Standard Time', N'(GMT-03:00) Buenos Aires', -10800, NULL, NULL, NULL, 0, 1, 1, CAST(N'2016-02-25 12:21:15.257' AS DateTime), 1, CAST(N'2016-02-25 12:21:15.257' AS DateTime))
INSERT [dbo].[ZnodeTimeZone] ([TimeZoneId], [TimeZoneDetailsCode], [TimeZoneDetailsDesc], [DifferenceInSeconds], [DaylightBeginsAt], [DaylightEndsAt], [DSTInSeconds], [IsDefault], [IsActive], [CreatedBy], [CreatedDate], [ModifiedBy], [ModifiedDate]) VALUES (29, N'SA Eastern Standard Time', N'(GMT-03:00) Cayenne', -10800, NULL, NULL, NULL, 0, 1, 1, CAST(N'2016-02-25 12:21:15.257' AS DateTime), 1, CAST(N'2016-02-25 12:21:15.257' AS DateTime))
INSERT [dbo].[ZnodeTimeZone] ([TimeZoneId], [TimeZoneDetailsCode], [TimeZoneDetailsDesc], [DifferenceInSeconds], [DaylightBeginsAt], [DaylightEndsAt], [DSTInSeconds], [IsDefault], [IsActive], [CreatedBy], [CreatedDate], [ModifiedBy], [ModifiedDate]) VALUES (30, N'Greenland Standard Time', N'(GMT-03:00) Greenland', -10800, NULL, NULL, NULL, 0, 1, 1, CAST(N'2016-02-25 12:21:15.257' AS DateTime), 1, CAST(N'2016-02-25 12:21:15.257' AS DateTime))
INSERT [dbo].[ZnodeTimeZone] ([TimeZoneId], [TimeZoneDetailsCode], [TimeZoneDetailsDesc], [DifferenceInSeconds], [DaylightBeginsAt], [DaylightEndsAt], [DSTInSeconds], [IsDefault], [IsActive], [CreatedBy], [CreatedDate], [ModifiedBy], [ModifiedDate]) VALUES (31, N'Montevideo Standard Time', N'(GMT-03:00) Montevideo', -10800, NULL, NULL, NULL, 0, 1, 1, CAST(N'2016-02-25 12:21:15.257' AS DateTime), 1, CAST(N'2016-02-25 12:21:15.257' AS DateTime))
INSERT [dbo].[ZnodeTimeZone] ([TimeZoneId], [TimeZoneDetailsCode], [TimeZoneDetailsDesc], [DifferenceInSeconds], [DaylightBeginsAt], [DaylightEndsAt], [DSTInSeconds], [IsDefault], [IsActive], [CreatedBy], [CreatedDate], [ModifiedBy], [ModifiedDate]) VALUES (32, N'Mid-Atlantic Standard Time', N'(GMT-02:00) Mid-Atlantic', -7200, NULL, NULL, NULL, 0, 1, 1, CAST(N'2016-02-25 12:21:15.257' AS DateTime), 1, CAST(N'2016-02-25 12:21:15.257' AS DateTime))
INSERT [dbo].[ZnodeTimeZone] ([TimeZoneId], [TimeZoneDetailsCode], [TimeZoneDetailsDesc], [DifferenceInSeconds], [DaylightBeginsAt], [DaylightEndsAt], [DSTInSeconds], [IsDefault], [IsActive], [CreatedBy], [CreatedDate], [ModifiedBy], [ModifiedDate]) VALUES (33, N'Azores Standard Time', N'(GMT-01:00) Azores', -3600, NULL, NULL, NULL, 0, 1, 1, CAST(N'2016-02-25 12:21:15.257' AS DateTime), 1, CAST(N'2016-02-25 12:21:15.257' AS DateTime))
INSERT [dbo].[ZnodeTimeZone] ([TimeZoneId], [TimeZoneDetailsCode], [TimeZoneDetailsDesc], [DifferenceInSeconds], [DaylightBeginsAt], [DaylightEndsAt], [DSTInSeconds], [IsDefault], [IsActive], [CreatedBy], [CreatedDate], [ModifiedBy], [ModifiedDate]) VALUES (34, N'Cape Verde Standard Time', N'(GMT-01:00) Cape Verde Is.', -3600, NULL, NULL, NULL, 0, 1, 1, CAST(N'2016-02-25 12:21:15.257' AS DateTime), 1, CAST(N'2016-02-25 12:21:15.257' AS DateTime))
INSERT [dbo].[ZnodeTimeZone] ([TimeZoneId], [TimeZoneDetailsCode], [TimeZoneDetailsDesc], [DifferenceInSeconds], [DaylightBeginsAt], [DaylightEndsAt], [DSTInSeconds], [IsDefault], [IsActive], [CreatedBy], [CreatedDate], [ModifiedBy], [ModifiedDate]) VALUES (35, N'Morocco Standard Time', N'(GMT) Casablanca', 0, NULL, NULL, NULL, 0, 1, 1, CAST(N'2016-02-25 12:21:15.257' AS DateTime), 1, CAST(N'2016-02-25 12:21:15.257' AS DateTime))
INSERT [dbo].[ZnodeTimeZone] ([TimeZoneId], [TimeZoneDetailsCode], [TimeZoneDetailsDesc], [DifferenceInSeconds], [DaylightBeginsAt], [DaylightEndsAt], [DSTInSeconds], [IsDefault], [IsActive], [CreatedBy], [CreatedDate], [ModifiedBy], [ModifiedDate]) VALUES (36, N'UTC', N'(GMT) Coordinated Universal Time', 0, NULL, NULL, NULL, 0, 1, 1, CAST(N'2016-02-25 12:21:15.257' AS DateTime), 1, CAST(N'2016-02-25 12:21:15.257' AS DateTime))
INSERT [dbo].[ZnodeTimeZone] ([TimeZoneId], [TimeZoneDetailsCode], [TimeZoneDetailsDesc], [DifferenceInSeconds], [DaylightBeginsAt], [DaylightEndsAt], [DSTInSeconds], [IsDefault], [IsActive], [CreatedBy], [CreatedDate], [ModifiedBy], [ModifiedDate]) VALUES (37, N'GMT Standard Time', N'(GMT) Greenwich Mean Time : Dublin, Edinburgh, Lisbon, London', 0, NULL, NULL, NULL, 0, 1, 1, CAST(N'2016-02-25 12:21:15.257' AS DateTime), 1, CAST(N'2016-02-25 12:21:15.257' AS DateTime))
INSERT [dbo].[ZnodeTimeZone] ([TimeZoneId], [TimeZoneDetailsCode], [TimeZoneDetailsDesc], [DifferenceInSeconds], [DaylightBeginsAt], [DaylightEndsAt], [DSTInSeconds], [IsDefault], [IsActive], [CreatedBy], [CreatedDate], [ModifiedBy], [ModifiedDate]) VALUES (38, N'Greenwich Standard Time', N'(GMT) Monrovia, Reykjavik', 0, NULL, NULL, NULL, 0, 1, 1, CAST(N'2016-02-25 12:21:15.257' AS DateTime), 1, CAST(N'2016-02-25 12:21:15.257' AS DateTime))
INSERT [dbo].[ZnodeTimeZone] ([TimeZoneId], [TimeZoneDetailsCode], [TimeZoneDetailsDesc], [DifferenceInSeconds], [DaylightBeginsAt], [DaylightEndsAt], [DSTInSeconds], [IsDefault], [IsActive], [CreatedBy], [CreatedDate], [ModifiedBy], [ModifiedDate]) VALUES (39, N'W. Europe Standard Time', N'(GMT+01:00) Amsterdam, Berlin, Bern, Rome, Stockholm, Vienna', 3600, NULL, NULL, NULL, 0, 1, 1, CAST(N'2016-02-25 12:21:15.257' AS DateTime), 1, CAST(N'2016-02-25 12:21:15.257' AS DateTime))
INSERT [dbo].[ZnodeTimeZone] ([TimeZoneId], [TimeZoneDetailsCode], [TimeZoneDetailsDesc], [DifferenceInSeconds], [DaylightBeginsAt], [DaylightEndsAt], [DSTInSeconds], [IsDefault], [IsActive], [CreatedBy], [CreatedDate], [ModifiedBy], [ModifiedDate]) VALUES (40, N'Central Europe Standard Time', N'(GMT+01:00) Belgrade, Bratislava, Budapest, Ljubljana, Prague', 3600, NULL, NULL, NULL, 0, 1, 1, CAST(N'2016-02-25 12:21:15.257' AS DateTime), 1, CAST(N'2016-02-25 12:21:15.257' AS DateTime))
INSERT [dbo].[ZnodeTimeZone] ([TimeZoneId], [TimeZoneDetailsCode], [TimeZoneDetailsDesc], [DifferenceInSeconds], [DaylightBeginsAt], [DaylightEndsAt], [DSTInSeconds], [IsDefault], [IsActive], [CreatedBy], [CreatedDate], [ModifiedBy], [ModifiedDate]) VALUES (41, N'Romance Standard Time', N'(GMT+01:00) Brussels, Copenhagen, Madrid, Paris', 3600, NULL, NULL, NULL, 0, 1, 1, CAST(N'2016-02-25 12:21:15.257' AS DateTime), 1, CAST(N'2016-02-25 12:21:15.257' AS DateTime))
INSERT [dbo].[ZnodeTimeZone] ([TimeZoneId], [TimeZoneDetailsCode], [TimeZoneDetailsDesc], [DifferenceInSeconds], [DaylightBeginsAt], [DaylightEndsAt], [DSTInSeconds], [IsDefault], [IsActive], [CreatedBy], [CreatedDate], [ModifiedBy], [ModifiedDate]) VALUES (42, N'Central European Standard Time', N'(GMT+01:00) Sarajevo, Skopje, Warsaw, Zagreb', 3600, NULL, NULL, NULL, 0, 1, 1, CAST(N'2016-02-25 12:21:15.257' AS DateTime), 1, CAST(N'2016-02-25 12:21:15.257' AS DateTime))
INSERT [dbo].[ZnodeTimeZone] ([TimeZoneId], [TimeZoneDetailsCode], [TimeZoneDetailsDesc], [DifferenceInSeconds], [DaylightBeginsAt], [DaylightEndsAt], [DSTInSeconds], [IsDefault], [IsActive], [CreatedBy], [CreatedDate], [ModifiedBy], [ModifiedDate]) VALUES (43, N'W. Central Africa Standard Time', N'(GMT+01:00) West Central Africa', 3600, NULL, NULL, NULL, 0, 1, 1, CAST(N'2016-02-25 12:21:15.257' AS DateTime), 1, CAST(N'2016-02-25 12:21:15.257' AS DateTime))
INSERT [dbo].[ZnodeTimeZone] ([TimeZoneId], [TimeZoneDetailsCode], [TimeZoneDetailsDesc], [DifferenceInSeconds], [DaylightBeginsAt], [DaylightEndsAt], [DSTInSeconds], [IsDefault], [IsActive], [CreatedBy], [CreatedDate], [ModifiedBy], [ModifiedDate]) VALUES (44, N'Jordan Standard Time', N'(GMT+02:00) Amman', 7200, NULL, NULL, NULL, 0, 1, 1, CAST(N'2016-02-25 12:21:15.257' AS DateTime), 1, CAST(N'2016-02-25 12:21:15.257' AS DateTime))
INSERT [dbo].[ZnodeTimeZone] ([TimeZoneId], [TimeZoneDetailsCode], [TimeZoneDetailsDesc], [DifferenceInSeconds], [DaylightBeginsAt], [DaylightEndsAt], [DSTInSeconds], [IsDefault], [IsActive], [CreatedBy], [CreatedDate], [ModifiedBy], [ModifiedDate]) VALUES (45, N'GTB Standard Time', N'(GMT+02:00) Athens, Bucharest, Istanbul', 7200, NULL, NULL, NULL, 0, 1, 1, CAST(N'2016-02-25 12:21:15.257' AS DateTime), 1, CAST(N'2016-02-25 12:21:15.257' AS DateTime))
INSERT [dbo].[ZnodeTimeZone] ([TimeZoneId], [TimeZoneDetailsCode], [TimeZoneDetailsDesc], [DifferenceInSeconds], [DaylightBeginsAt], [DaylightEndsAt], [DSTInSeconds], [IsDefault], [IsActive], [CreatedBy], [CreatedDate], [ModifiedBy], [ModifiedDate]) VALUES (46, N'Middle East Standard Time', N'(GMT+02:00) Beirut', 7200, NULL, NULL, NULL, 0, 1, 1, CAST(N'2016-02-25 12:21:15.257' AS DateTime), 1, CAST(N'2016-02-25 12:21:15.257' AS DateTime))
INSERT [dbo].[ZnodeTimeZone] ([TimeZoneId], [TimeZoneDetailsCode], [TimeZoneDetailsDesc], [DifferenceInSeconds], [DaylightBeginsAt], [DaylightEndsAt], [DSTInSeconds], [IsDefault], [IsActive], [CreatedBy], [CreatedDate], [ModifiedBy], [ModifiedDate]) VALUES (47, N'Egypt Standard Time', N'(GMT+02:00) Cairo', 7200, NULL, NULL, NULL, 0, 1, 1, CAST(N'2016-02-25 12:21:15.257' AS DateTime), 1, CAST(N'2016-02-25 12:21:15.257' AS DateTime))
INSERT [dbo].[ZnodeTimeZone] ([TimeZoneId], [TimeZoneDetailsCode], [TimeZoneDetailsDesc], [DifferenceInSeconds], [DaylightBeginsAt], [DaylightEndsAt], [DSTInSeconds], [IsDefault], [IsActive], [CreatedBy], [CreatedDate], [ModifiedBy], [ModifiedDate]) VALUES (48, N'South Africa Standard Time', N'(GMT+02:00) Harare, Pretoria', 7200, NULL, NULL, NULL, 0, 1, 1, CAST(N'2016-02-25 12:21:15.257' AS DateTime), 1, CAST(N'2016-02-25 12:21:15.257' AS DateTime))
INSERT [dbo].[ZnodeTimeZone] ([TimeZoneId], [TimeZoneDetailsCode], [TimeZoneDetailsDesc], [DifferenceInSeconds], [DaylightBeginsAt], [DaylightEndsAt], [DSTInSeconds], [IsDefault], [IsActive], [CreatedBy], [CreatedDate], [ModifiedBy], [ModifiedDate]) VALUES (49, N'FLE Standard Time', N'(GMT+02:00) Helsinki, Kyiv, Riga, Sofia, Tallinn, Vilnius', 7200, NULL, NULL, NULL, 0, 1, 1, CAST(N'2016-02-25 12:21:15.257' AS DateTime), 1, CAST(N'2016-02-25 12:21:15.257' AS DateTime))
INSERT [dbo].[ZnodeTimeZone] ([TimeZoneId], [TimeZoneDetailsCode], [TimeZoneDetailsDesc], [DifferenceInSeconds], [DaylightBeginsAt], [DaylightEndsAt], [DSTInSeconds], [IsDefault], [IsActive], [CreatedBy], [CreatedDate], [ModifiedBy], [ModifiedDate]) VALUES (50, N'Israel Standard Time', N'(GMT+02:00) Jerusalem', 7200, NULL, NULL, NULL, 0, 1, 1, CAST(N'2016-02-25 12:21:15.257' AS DateTime), 1, CAST(N'2016-02-25 12:21:15.257' AS DateTime))
INSERT [dbo].[ZnodeTimeZone] ([TimeZoneId], [TimeZoneDetailsCode], [TimeZoneDetailsDesc], [DifferenceInSeconds], [DaylightBeginsAt], [DaylightEndsAt], [DSTInSeconds], [IsDefault], [IsActive], [CreatedBy], [CreatedDate], [ModifiedBy], [ModifiedDate]) VALUES (51, N'E. Europe Standard Time', N'(GMT+02:00) Minsk', 7200, NULL, NULL, NULL, 0, 1, 1, CAST(N'2016-02-25 12:21:15.257' AS DateTime), 1, CAST(N'2016-02-25 12:21:15.257' AS DateTime))
INSERT [dbo].[ZnodeTimeZone] ([TimeZoneId], [TimeZoneDetailsCode], [TimeZoneDetailsDesc], [DifferenceInSeconds], [DaylightBeginsAt], [DaylightEndsAt], [DSTInSeconds], [IsDefault], [IsActive], [CreatedBy], [CreatedDate], [ModifiedBy], [ModifiedDate]) VALUES (52, N'Namibia Standard Time', N'(GMT+02:00) Windhoek', 7200, NULL, NULL, NULL, 0, 1, 1, CAST(N'2016-02-25 12:21:15.257' AS DateTime), 1, CAST(N'2016-02-25 12:21:15.257' AS DateTime))
INSERT [dbo].[ZnodeTimeZone] ([TimeZoneId], [TimeZoneDetailsCode], [TimeZoneDetailsDesc], [DifferenceInSeconds], [DaylightBeginsAt], [DaylightEndsAt], [DSTInSeconds], [IsDefault], [IsActive], [CreatedBy], [CreatedDate], [ModifiedBy], [ModifiedDate]) VALUES (53, N'Arabic Standard Time', N'(GMT+03:00) Baghdad', 10800, NULL, NULL, NULL, 0, 1, 1, CAST(N'2016-02-25 12:21:15.257' AS DateTime), 1, CAST(N'2016-02-25 12:21:15.257' AS DateTime))
INSERT [dbo].[ZnodeTimeZone] ([TimeZoneId], [TimeZoneDetailsCode], [TimeZoneDetailsDesc], [DifferenceInSeconds], [DaylightBeginsAt], [DaylightEndsAt], [DSTInSeconds], [IsDefault], [IsActive], [CreatedBy], [CreatedDate], [ModifiedBy], [ModifiedDate]) VALUES (54, N'Arab Standard Time', N'(GMT+03:00) Kuwait, Riyadh', 10800, NULL, NULL, NULL, 0, 1, 1, CAST(N'2016-02-25 12:21:15.257' AS DateTime), 1, CAST(N'2016-02-25 12:21:15.257' AS DateTime))
INSERT [dbo].[ZnodeTimeZone] ([TimeZoneId], [TimeZoneDetailsCode], [TimeZoneDetailsDesc], [DifferenceInSeconds], [DaylightBeginsAt], [DaylightEndsAt], [DSTInSeconds], [IsDefault], [IsActive], [CreatedBy], [CreatedDate], [ModifiedBy], [ModifiedDate]) VALUES (55, N'Russian Standard Time', N'(GMT+03:00) Moscow, St. Petersburg, Volgograd', 10800, NULL, NULL, NULL, 0, 1, 1, CAST(N'2016-02-25 12:21:15.257' AS DateTime), 1, CAST(N'2016-02-25 12:21:15.257' AS DateTime))
INSERT [dbo].[ZnodeTimeZone] ([TimeZoneId], [TimeZoneDetailsCode], [TimeZoneDetailsDesc], [DifferenceInSeconds], [DaylightBeginsAt], [DaylightEndsAt], [DSTInSeconds], [IsDefault], [IsActive], [CreatedBy], [CreatedDate], [ModifiedBy], [ModifiedDate]) VALUES (56, N'E. Africa Standard Time', N'(GMT+03:00) Nairobi', 10800, NULL, NULL, NULL, 0, 1, 1, CAST(N'2016-02-25 12:21:15.257' AS DateTime), 1, CAST(N'2016-02-25 12:21:15.257' AS DateTime))
INSERT [dbo].[ZnodeTimeZone] ([TimeZoneId], [TimeZoneDetailsCode], [TimeZoneDetailsDesc], [DifferenceInSeconds], [DaylightBeginsAt], [DaylightEndsAt], [DSTInSeconds], [IsDefault], [IsActive], [CreatedBy], [CreatedDate], [ModifiedBy], [ModifiedDate]) VALUES (57, N'Iran Standard Time', N'(GMT+03:30) Tehran', 12600, NULL, NULL, NULL, 0, 1, 1, CAST(N'2016-02-25 12:21:15.257' AS DateTime), 1, CAST(N'2016-02-25 12:21:15.257' AS DateTime))
INSERT [dbo].[ZnodeTimeZone] ([TimeZoneId], [TimeZoneDetailsCode], [TimeZoneDetailsDesc], [DifferenceInSeconds], [DaylightBeginsAt], [DaylightEndsAt], [DSTInSeconds], [IsDefault], [IsActive], [CreatedBy], [CreatedDate], [ModifiedBy], [ModifiedDate]) VALUES (58, N'Arabian Standard Time', N'(GMT+04:00) Abu Dhabi, Muscat', 14400, NULL, NULL, NULL, 0, 1, 1, CAST(N'2016-02-25 12:21:15.257' AS DateTime), 1, CAST(N'2016-02-25 12:21:15.257' AS DateTime))
INSERT [dbo].[ZnodeTimeZone] ([TimeZoneId], [TimeZoneDetailsCode], [TimeZoneDetailsDesc], [DifferenceInSeconds], [DaylightBeginsAt], [DaylightEndsAt], [DSTInSeconds], [IsDefault], [IsActive], [CreatedBy], [CreatedDate], [ModifiedBy], [ModifiedDate]) VALUES (59, N'Azerbaijan Standard Time', N'(GMT+04:00) Baku', 14400, NULL, NULL, NULL, 0, 1, 1, CAST(N'2016-02-25 12:21:15.257' AS DateTime), 1, CAST(N'2016-02-25 12:21:15.257' AS DateTime))
INSERT [dbo].[ZnodeTimeZone] ([TimeZoneId], [TimeZoneDetailsCode], [TimeZoneDetailsDesc], [DifferenceInSeconds], [DaylightBeginsAt], [DaylightEndsAt], [DSTInSeconds], [IsDefault], [IsActive], [CreatedBy], [CreatedDate], [ModifiedBy], [ModifiedDate]) VALUES (60, N'Caucasus Standard Time', N'(GMT+04:00) Caucasus Standard Time', 14400, NULL, NULL, NULL, 0, 1, 1, CAST(N'2016-02-25 12:21:15.257' AS DateTime), 1, CAST(N'2016-02-25 12:21:15.257' AS DateTime))
INSERT [dbo].[ZnodeTimeZone] ([TimeZoneId], [TimeZoneDetailsCode], [TimeZoneDetailsDesc], [DifferenceInSeconds], [DaylightBeginsAt], [DaylightEndsAt], [DSTInSeconds], [IsDefault], [IsActive], [CreatedBy], [CreatedDate], [ModifiedBy], [ModifiedDate]) VALUES (61, N'Mauritius Standard Time', N'(GMT+04:00) Port Louis', 14400, NULL, NULL, NULL, 0, 1, 1, CAST(N'2016-02-25 12:21:15.257' AS DateTime), 1, CAST(N'2016-02-25 12:21:15.257' AS DateTime))
INSERT [dbo].[ZnodeTimeZone] ([TimeZoneId], [TimeZoneDetailsCode], [TimeZoneDetailsDesc], [DifferenceInSeconds], [DaylightBeginsAt], [DaylightEndsAt], [DSTInSeconds], [IsDefault], [IsActive], [CreatedBy], [CreatedDate], [ModifiedBy], [ModifiedDate]) VALUES (62, N'Georgian Standard Time', N'(GMT+04:00) Tbilisi', 14400, NULL, NULL, NULL, 0, 1, 1, CAST(N'2016-02-25 12:21:15.257' AS DateTime), 1, CAST(N'2016-02-25 12:21:15.257' AS DateTime))
INSERT [dbo].[ZnodeTimeZone] ([TimeZoneId], [TimeZoneDetailsCode], [TimeZoneDetailsDesc], [DifferenceInSeconds], [DaylightBeginsAt], [DaylightEndsAt], [DSTInSeconds], [IsDefault], [IsActive], [CreatedBy], [CreatedDate], [ModifiedBy], [ModifiedDate]) VALUES (63, N'Armenian Standard Time', N'(GMT+04:00) Yerevan', 14400, NULL, NULL, NULL, 0, 1, 1, CAST(N'2016-02-25 12:21:15.257' AS DateTime), 1, CAST(N'2016-02-25 12:21:15.257' AS DateTime))
INSERT [dbo].[ZnodeTimeZone] ([TimeZoneId], [TimeZoneDetailsCode], [TimeZoneDetailsDesc], [DifferenceInSeconds], [DaylightBeginsAt], [DaylightEndsAt], [DSTInSeconds], [IsDefault], [IsActive], [CreatedBy], [CreatedDate], [ModifiedBy], [ModifiedDate]) VALUES (64, N'Afghanistan Standard Time', N'(GMT+04:30) Kabul', 16200, NULL, NULL, NULL, 0, 1, 1, CAST(N'2016-02-25 12:21:15.257' AS DateTime), 1, CAST(N'2016-02-25 12:21:15.257' AS DateTime))
INSERT [dbo].[ZnodeTimeZone] ([TimeZoneId], [TimeZoneDetailsCode], [TimeZoneDetailsDesc], [DifferenceInSeconds], [DaylightBeginsAt], [DaylightEndsAt], [DSTInSeconds], [IsDefault], [IsActive], [CreatedBy], [CreatedDate], [ModifiedBy], [ModifiedDate]) VALUES (65, N'Ekaterinburg Standard Time', N'(GMT+05:00) Ekaterinburg', 18000, NULL, NULL, NULL, 0, 1, 1, CAST(N'2016-02-25 12:21:15.257' AS DateTime), 1, CAST(N'2016-02-25 12:21:15.257' AS DateTime))
INSERT [dbo].[ZnodeTimeZone] ([TimeZoneId], [TimeZoneDetailsCode], [TimeZoneDetailsDesc], [DifferenceInSeconds], [DaylightBeginsAt], [DaylightEndsAt], [DSTInSeconds], [IsDefault], [IsActive], [CreatedBy], [CreatedDate], [ModifiedBy], [ModifiedDate]) VALUES (66, N'Pakistan Standard Time', N'(GMT+05:00) Islamabad, Karachi', 18000, NULL, NULL, NULL, 0, 1, 1, CAST(N'2016-02-25 12:21:15.257' AS DateTime), 1, CAST(N'2016-02-25 12:21:15.257' AS DateTime))
INSERT [dbo].[ZnodeTimeZone] ([TimeZoneId], [TimeZoneDetailsCode], [TimeZoneDetailsDesc], [DifferenceInSeconds], [DaylightBeginsAt], [DaylightEndsAt], [DSTInSeconds], [IsDefault], [IsActive], [CreatedBy], [CreatedDate], [ModifiedBy], [ModifiedDate]) VALUES (67, N'West Asia Standard Time', N'(GMT+05:00) Tashkent', 18000, NULL, NULL, NULL, 0, 1, 1, CAST(N'2016-02-25 12:21:15.257' AS DateTime), 1, CAST(N'2016-02-25 12:21:15.257' AS DateTime))
INSERT [dbo].[ZnodeTimeZone] ([TimeZoneId], [TimeZoneDetailsCode], [TimeZoneDetailsDesc], [DifferenceInSeconds], [DaylightBeginsAt], [DaylightEndsAt], [DSTInSeconds], [IsDefault], [IsActive], [CreatedBy], [CreatedDate], [ModifiedBy], [ModifiedDate]) VALUES (68, N'India Standard Time', N'(GMT+05:30) Chennai, Kolkata, Mumbai, New Delhi', 19800, NULL, NULL, NULL, 1, 1, 1, CAST(N'2016-02-25 12:22:43.733' AS DateTime), 1, CAST(N'2016-02-25 12:22:43.733' AS DateTime))
INSERT [dbo].[ZnodeTimeZone] ([TimeZoneId], [TimeZoneDetailsCode], [TimeZoneDetailsDesc], [DifferenceInSeconds], [DaylightBeginsAt], [DaylightEndsAt], [DSTInSeconds], [IsDefault], [IsActive], [CreatedBy], [CreatedDate], [ModifiedBy], [ModifiedDate]) VALUES (69, N'Sri Lanka Standard Time', N'(GMT+05:30) Sri Jayawardenepura', 19800, NULL, NULL, NULL, 0, 1, 1, CAST(N'2016-02-25 12:21:15.257' AS DateTime), 1, CAST(N'2016-02-25 12:21:15.257' AS DateTime))
INSERT [dbo].[ZnodeTimeZone] ([TimeZoneId], [TimeZoneDetailsCode], [TimeZoneDetailsDesc], [DifferenceInSeconds], [DaylightBeginsAt], [DaylightEndsAt], [DSTInSeconds], [IsDefault], [IsActive], [CreatedBy], [CreatedDate], [ModifiedBy], [ModifiedDate]) VALUES (70, N'Nepal Standard Time', N'(GMT+05:45) Kathmandu', 20700, NULL, NULL, NULL, 0, 1, 1, CAST(N'2016-02-25 12:21:15.257' AS DateTime), 1, CAST(N'2016-02-25 12:21:15.257' AS DateTime))
INSERT [dbo].[ZnodeTimeZone] ([TimeZoneId], [TimeZoneDetailsCode], [TimeZoneDetailsDesc], [DifferenceInSeconds], [DaylightBeginsAt], [DaylightEndsAt], [DSTInSeconds], [IsDefault], [IsActive], [CreatedBy], [CreatedDate], [ModifiedBy], [ModifiedDate]) VALUES (71, N'Central Asia Standard Time', N'(GMT+06:00) Astana, Dhaka', 21600, NULL, NULL, NULL, 0, 1, 1, CAST(N'2016-02-25 12:21:15.257' AS DateTime), 1, CAST(N'2016-02-25 12:21:15.257' AS DateTime))
INSERT [dbo].[ZnodeTimeZone] ([TimeZoneId], [TimeZoneDetailsCode], [TimeZoneDetailsDesc], [DifferenceInSeconds], [DaylightBeginsAt], [DaylightEndsAt], [DSTInSeconds], [IsDefault], [IsActive], [CreatedBy], [CreatedDate], [ModifiedBy], [ModifiedDate]) VALUES (72, N'N. Central Asia Standard Time', N'(GMT+06:00) Novosibirsk', 21600, NULL, NULL, NULL, 0, 1, 1, CAST(N'2016-02-25 12:21:15.257' AS DateTime), 1, CAST(N'2016-02-25 12:21:15.257' AS DateTime))
INSERT [dbo].[ZnodeTimeZone] ([TimeZoneId], [TimeZoneDetailsCode], [TimeZoneDetailsDesc], [DifferenceInSeconds], [DaylightBeginsAt], [DaylightEndsAt], [DSTInSeconds], [IsDefault], [IsActive], [CreatedBy], [CreatedDate], [ModifiedBy], [ModifiedDate]) VALUES (73, N'Myanmar Standard Time', N'(GMT+06:30) Yangon (Rangoon)', 23400, NULL, NULL, NULL, 0, 1, 1, CAST(N'2016-02-25 12:21:15.257' AS DateTime), 1, CAST(N'2016-02-25 12:21:15.257' AS DateTime))
INSERT [dbo].[ZnodeTimeZone] ([TimeZoneId], [TimeZoneDetailsCode], [TimeZoneDetailsDesc], [DifferenceInSeconds], [DaylightBeginsAt], [DaylightEndsAt], [DSTInSeconds], [IsDefault], [IsActive], [CreatedBy], [CreatedDate], [ModifiedBy], [ModifiedDate]) VALUES (74, N'SE Asia Standard Time', N'(GMT+07:00) Bangkok, Hanoi, Jakarta', 25200, NULL, NULL, NULL, 0, 1, 1, CAST(N'2016-02-25 12:21:15.257' AS DateTime), 1, CAST(N'2016-02-25 12:21:15.257' AS DateTime))
INSERT [dbo].[ZnodeTimeZone] ([TimeZoneId], [TimeZoneDetailsCode], [TimeZoneDetailsDesc], [DifferenceInSeconds], [DaylightBeginsAt], [DaylightEndsAt], [DSTInSeconds], [IsDefault], [IsActive], [CreatedBy], [CreatedDate], [ModifiedBy], [ModifiedDate]) VALUES (75, N'North Asia Standard Time', N'(GMT+07:00) Krasnoyarsk', 25200, NULL, NULL, NULL, 0, 1, 1, CAST(N'2016-02-25 12:21:15.257' AS DateTime), 1, CAST(N'2016-02-25 12:21:15.257' AS DateTime))
INSERT [dbo].[ZnodeTimeZone] ([TimeZoneId], [TimeZoneDetailsCode], [TimeZoneDetailsDesc], [DifferenceInSeconds], [DaylightBeginsAt], [DaylightEndsAt], [DSTInSeconds], [IsDefault], [IsActive], [CreatedBy], [CreatedDate], [ModifiedBy], [ModifiedDate]) VALUES (76, N'China Standard Time', N'(GMT+08:00) Beijing, Chongqing, Hong Kong, Urumqi', 28800, NULL, NULL, NULL, 0, 1, 1, CAST(N'2016-02-25 12:21:15.257' AS DateTime), 1, CAST(N'2016-02-25 12:21:15.257' AS DateTime))
INSERT [dbo].[ZnodeTimeZone] ([TimeZoneId], [TimeZoneDetailsCode], [TimeZoneDetailsDesc], [DifferenceInSeconds], [DaylightBeginsAt], [DaylightEndsAt], [DSTInSeconds], [IsDefault], [IsActive], [CreatedBy], [CreatedDate], [ModifiedBy], [ModifiedDate]) VALUES (77, N'North Asia East Standard Time', N'(GMT+08:00) Irkutsk', 28800, NULL, NULL, NULL, 0, 1, 1, CAST(N'2016-02-25 12:21:15.257' AS DateTime), 1, CAST(N'2016-02-25 12:21:15.257' AS DateTime))
INSERT [dbo].[ZnodeTimeZone] ([TimeZoneId], [TimeZoneDetailsCode], [TimeZoneDetailsDesc], [DifferenceInSeconds], [DaylightBeginsAt], [DaylightEndsAt], [DSTInSeconds], [IsDefault], [IsActive], [CreatedBy], [CreatedDate], [ModifiedBy], [ModifiedDate]) VALUES (78, N'Singapore Standard Time', N'(GMT+08:00) Kuala Lumpur, Singapore', 28800, NULL, NULL, NULL, 0, 1, 1, CAST(N'2016-02-25 12:21:15.257' AS DateTime), 1, CAST(N'2016-02-25 12:21:15.257' AS DateTime))
INSERT [dbo].[ZnodeTimeZone] ([TimeZoneId], [TimeZoneDetailsCode], [TimeZoneDetailsDesc], [DifferenceInSeconds], [DaylightBeginsAt], [DaylightEndsAt], [DSTInSeconds], [IsDefault], [IsActive], [CreatedBy], [CreatedDate], [ModifiedBy], [ModifiedDate]) VALUES (79, N'W. Australia Standard Time', N'(GMT+08:00) Perth', 28800, NULL, NULL, NULL, 0, 1, 1, CAST(N'2016-02-25 12:21:15.257' AS DateTime), 1, CAST(N'2016-02-25 12:21:15.257' AS DateTime))
INSERT [dbo].[ZnodeTimeZone] ([TimeZoneId], [TimeZoneDetailsCode], [TimeZoneDetailsDesc], [DifferenceInSeconds], [DaylightBeginsAt], [DaylightEndsAt], [DSTInSeconds], [IsDefault], [IsActive], [CreatedBy], [CreatedDate], [ModifiedBy], [ModifiedDate]) VALUES (80, N'Taipei Standard Time', N'(GMT+08:00) Taipei', 28800, NULL, NULL, NULL, 0, 1, 1, CAST(N'2016-02-25 12:21:15.257' AS DateTime), 1, CAST(N'2016-02-25 12:21:15.257' AS DateTime))
INSERT [dbo].[ZnodeTimeZone] ([TimeZoneId], [TimeZoneDetailsCode], [TimeZoneDetailsDesc], [DifferenceInSeconds], [DaylightBeginsAt], [DaylightEndsAt], [DSTInSeconds], [IsDefault], [IsActive], [CreatedBy], [CreatedDate], [ModifiedBy], [ModifiedDate]) VALUES (81, N'Ulaanbaatar Standard Time', N'(GMT+08:00) Ulaanbaatar', 28800, NULL, NULL, NULL, 0, 1, 1, CAST(N'2016-02-25 12:21:15.257' AS DateTime), 1, CAST(N'2016-02-25 12:21:15.257' AS DateTime))
INSERT [dbo].[ZnodeTimeZone] ([TimeZoneId], [TimeZoneDetailsCode], [TimeZoneDetailsDesc], [DifferenceInSeconds], [DaylightBeginsAt], [DaylightEndsAt], [DSTInSeconds], [IsDefault], [IsActive], [CreatedBy], [CreatedDate], [ModifiedBy], [ModifiedDate]) VALUES (82, N'Tokyo Standard Time', N'(GMT+09:00) Osaka, Sapporo, Tokyo', 32400, NULL, NULL, NULL, 0, 1, 1, CAST(N'2016-02-25 12:21:15.257' AS DateTime), 1, CAST(N'2016-02-25 12:21:15.257' AS DateTime))
INSERT [dbo].[ZnodeTimeZone] ([TimeZoneId], [TimeZoneDetailsCode], [TimeZoneDetailsDesc], [DifferenceInSeconds], [DaylightBeginsAt], [DaylightEndsAt], [DSTInSeconds], [IsDefault], [IsActive], [CreatedBy], [CreatedDate], [ModifiedBy], [ModifiedDate]) VALUES (83, N'Korea Standard Time', N'(GMT+09:00) Seoul', 32400, NULL, NULL, NULL, 0, 1, 1, CAST(N'2016-02-25 12:21:15.257' AS DateTime), 1, CAST(N'2016-02-25 12:21:15.257' AS DateTime))
INSERT [dbo].[ZnodeTimeZone] ([TimeZoneId], [TimeZoneDetailsCode], [TimeZoneDetailsDesc], [DifferenceInSeconds], [DaylightBeginsAt], [DaylightEndsAt], [DSTInSeconds], [IsDefault], [IsActive], [CreatedBy], [CreatedDate], [ModifiedBy], [ModifiedDate]) VALUES (84, N'Yakutsk Standard Time', N'(GMT+09:00) Yakutsk', 32400, NULL, NULL, NULL, 0, 1, 1, CAST(N'2016-02-25 12:21:15.257' AS DateTime), 1, CAST(N'2016-02-25 12:21:15.257' AS DateTime))
INSERT [dbo].[ZnodeTimeZone] ([TimeZoneId], [TimeZoneDetailsCode], [TimeZoneDetailsDesc], [DifferenceInSeconds], [DaylightBeginsAt], [DaylightEndsAt], [DSTInSeconds], [IsDefault], [IsActive], [CreatedBy], [CreatedDate], [ModifiedBy], [ModifiedDate]) VALUES (85, N'Cen. Australia Standard Time', N'(GMT+09:30) Adelaide', 34200, NULL, NULL, NULL, 0, 1, 1, CAST(N'2016-02-25 12:21:15.257' AS DateTime), 1, CAST(N'2016-02-25 12:21:15.257' AS DateTime))
INSERT [dbo].[ZnodeTimeZone] ([TimeZoneId], [TimeZoneDetailsCode], [TimeZoneDetailsDesc], [DifferenceInSeconds], [DaylightBeginsAt], [DaylightEndsAt], [DSTInSeconds], [IsDefault], [IsActive], [CreatedBy], [CreatedDate], [ModifiedBy], [ModifiedDate]) VALUES (86, N'AUS Central Standard Time', N'(GMT+09:30) Darwin', 34200, NULL, NULL, NULL, 0, 1, 1, CAST(N'2016-02-25 12:21:15.257' AS DateTime), 1, CAST(N'2016-02-25 12:21:15.257' AS DateTime))
INSERT [dbo].[ZnodeTimeZone] ([TimeZoneId], [TimeZoneDetailsCode], [TimeZoneDetailsDesc], [DifferenceInSeconds], [DaylightBeginsAt], [DaylightEndsAt], [DSTInSeconds], [IsDefault], [IsActive], [CreatedBy], [CreatedDate], [ModifiedBy], [ModifiedDate]) VALUES (87, N'E. Australia Standard Time', N'(GMT+10:00) Brisbane', 36000, NULL, NULL, NULL, 0, 1, 1, CAST(N'2016-02-25 12:21:15.257' AS DateTime), 1, CAST(N'2016-02-25 12:21:15.257' AS DateTime))
INSERT [dbo].[ZnodeTimeZone] ([TimeZoneId], [TimeZoneDetailsCode], [TimeZoneDetailsDesc], [DifferenceInSeconds], [DaylightBeginsAt], [DaylightEndsAt], [DSTInSeconds], [IsDefault], [IsActive], [CreatedBy], [CreatedDate], [ModifiedBy], [ModifiedDate]) VALUES (88, N'AUS Eastern Standard Time', N'(GMT+10:00) Canberra, Melbourne, Sydney', 36000, NULL, NULL, NULL, 0, 1, 1, CAST(N'2016-02-25 12:21:15.257' AS DateTime), 1, CAST(N'2016-02-25 12:21:15.257' AS DateTime))
INSERT [dbo].[ZnodeTimeZone] ([TimeZoneId], [TimeZoneDetailsCode], [TimeZoneDetailsDesc], [DifferenceInSeconds], [DaylightBeginsAt], [DaylightEndsAt], [DSTInSeconds], [IsDefault], [IsActive], [CreatedBy], [CreatedDate], [ModifiedBy], [ModifiedDate]) VALUES (89, N'West Pacific Standard Time', N'(GMT+10:00) Guam, Port Moresby', 36000, NULL, NULL, NULL, 0, 1, 1, CAST(N'2016-02-25 12:21:15.257' AS DateTime), 1, CAST(N'2016-02-25 12:21:15.257' AS DateTime))
INSERT [dbo].[ZnodeTimeZone] ([TimeZoneId], [TimeZoneDetailsCode], [TimeZoneDetailsDesc], [DifferenceInSeconds], [DaylightBeginsAt], [DaylightEndsAt], [DSTInSeconds], [IsDefault], [IsActive], [CreatedBy], [CreatedDate], [ModifiedBy], [ModifiedDate]) VALUES (90, N'Tasmania Standard Time', N'(GMT+10:00) Hobart', 36000, NULL, NULL, NULL, 0, 1, 1, CAST(N'2016-02-25 12:21:15.257' AS DateTime), 1, CAST(N'2016-02-25 12:21:15.257' AS DateTime))
INSERT [dbo].[ZnodeTimeZone] ([TimeZoneId], [TimeZoneDetailsCode], [TimeZoneDetailsDesc], [DifferenceInSeconds], [DaylightBeginsAt], [DaylightEndsAt], [DSTInSeconds], [IsDefault], [IsActive], [CreatedBy], [CreatedDate], [ModifiedBy], [ModifiedDate]) VALUES (91, N'Vladivostok Standard Time', N'(GMT+10:00) Vladivostok', 36000, NULL, NULL, NULL, 0, 1, 1, CAST(N'2016-02-25 12:21:15.257' AS DateTime), 1, CAST(N'2016-02-25 12:21:15.257' AS DateTime))
INSERT [dbo].[ZnodeTimeZone] ([TimeZoneId], [TimeZoneDetailsCode], [TimeZoneDetailsDesc], [DifferenceInSeconds], [DaylightBeginsAt], [DaylightEndsAt], [DSTInSeconds], [IsDefault], [IsActive], [CreatedBy], [CreatedDate], [ModifiedBy], [ModifiedDate]) VALUES (92, N'Central Pacific Standard Time', N'(GMT+11:00) Magadan, Solomon Is., New Caledonia', 39600, NULL, NULL, NULL, 0, 1, 1, CAST(N'2016-02-25 12:21:15.257' AS DateTime), 1, CAST(N'2016-02-25 12:21:15.257' AS DateTime))
INSERT [dbo].[ZnodeTimeZone] ([TimeZoneId], [TimeZoneDetailsCode], [TimeZoneDetailsDesc], [DifferenceInSeconds], [DaylightBeginsAt], [DaylightEndsAt], [DSTInSeconds], [IsDefault], [IsActive], [CreatedBy], [CreatedDate], [ModifiedBy], [ModifiedDate]) VALUES (93, N'New Zealand Standard Time', N'(GMT+12:00) Auckland, Wellington', 43200, NULL, NULL, NULL, 0, 1, 1, CAST(N'2016-02-25 12:21:15.257' AS DateTime), 1, CAST(N'2016-02-25 12:21:15.257' AS DateTime))
INSERT [dbo].[ZnodeTimeZone] ([TimeZoneId], [TimeZoneDetailsCode], [TimeZoneDetailsDesc], [DifferenceInSeconds], [DaylightBeginsAt], [DaylightEndsAt], [DSTInSeconds], [IsDefault], [IsActive], [CreatedBy], [CreatedDate], [ModifiedBy], [ModifiedDate]) VALUES (94, N'Fiji Standard Time', N'(GMT+12:00) Fiji, Marshall Is.', 43200, NULL, NULL, NULL, 0, 1, 1, CAST(N'2016-02-25 12:21:15.257' AS DateTime), 1, CAST(N'2016-02-25 12:21:15.257' AS DateTime))
INSERT [dbo].[ZnodeTimeZone] ([TimeZoneId], [TimeZoneDetailsCode], [TimeZoneDetailsDesc], [DifferenceInSeconds], [DaylightBeginsAt], [DaylightEndsAt], [DSTInSeconds], [IsDefault], [IsActive], [CreatedBy], [CreatedDate], [ModifiedBy], [ModifiedDate]) VALUES (95, N'Kamchatka Standard Time', N'(GMT+12:00) Petropavlovsk-Kamchatsky', 43200, NULL, NULL, NULL, 0, 1, 1, CAST(N'2016-02-25 12:21:15.257' AS DateTime), 1, CAST(N'2016-02-25 12:21:15.257' AS DateTime))
INSERT [dbo].[ZnodeTimeZone] ([TimeZoneId], [TimeZoneDetailsCode], [TimeZoneDetailsDesc], [DifferenceInSeconds], [DaylightBeginsAt], [DaylightEndsAt], [DSTInSeconds], [IsDefault], [IsActive], [CreatedBy], [CreatedDate], [ModifiedBy], [ModifiedDate]) VALUES (96, N'Tonga Standard Time', N'(GMT+13:00) Naku''alofa', 46800, NULL, NULL, NULL, 0, 1, 1, CAST(N'2016-02-25 12:21:15.257' AS DateTime), 1, CAST(N'2016-02-25 12:21:15.257' AS DateTime))
SET IDENTITY_INSERT [dbo].[ZnodeTimeZone] OFF
SET IDENTITY_INSERT [dbo].[ZnodeWeightUnit] ON 

INSERT [dbo].[ZnodeWeightUnit] ([WeightUnitId], [WeightUnitName], [WeightUnitCode], [IsActive], [IsDefault], [CreatedBy], [CreatedDate], [ModifiedBy], [ModifiedDate]) VALUES (3, N'Kilograms', N'Kgs', 1, 0, 2, CAST(N'2016-02-22 11:30:13.227' AS DateTime), 2, CAST(N'2016-04-12 12:11:54.053' AS DateTime))
INSERT [dbo].[ZnodeWeightUnit] ([WeightUnitId], [WeightUnitName], [WeightUnitCode], [IsActive], [IsDefault], [CreatedBy], [CreatedDate], [ModifiedBy], [ModifiedDate]) VALUES (4, N'Pound', N'Lbs', 1, 1, 2, CAST(N'2016-02-22 11:30:13.227' AS DateTime), 2, CAST(N'2016-04-12 12:11:54.093' AS DateTime))
SET IDENTITY_INSERT [dbo].[ZnodeWeightUnit] OFF



update ZnodeMediaAttributeValidation   set InputValidationId = 29   where MediaAttributeValidationId in (54) 
update ZnodeMediaAttributeValidation   set InputValidationId = 30 ,InputValidationRuleId = 79   where MediaAttributeValidationId  in (55)


update ZnodeMediaAttributeValidation   set InputValidationId = 27   where MediaAttributeValidationId in (50) 
update ZnodeMediaAttributeValidation   set InputValidationId = 28 ,InputValidationRuleId = 74   where MediaAttributeValidationId  in (51)
update ZnodeMediaAttributeValidation   set InputValidationId = 28 ,InputValidationRuleId = 74   where MediaAttributeValidationId  in (52)
update ZnodeMediaAttributeValidation   set InputValidationId = 28 ,InputValidationRuleId = 74   where MediaAttributeValidationId  in (53)


Delete  from ZnodeMediaAttributeValidation where MediaAttributeValidationId in (47,48,49)
Delete from ZnodeAttributeInputValidationRule where InputValidationRuleId  in  (71,72,73) 


update ZnodeAttributeType set AttributeTypeName = 'Multi Select' where Attributetypeid = 6 
update ZnodeAttributeType set AttributeTypeName = 'Text Area' where Attributetypeid = 9 
update ZnodeAttributeType set AttributeTypeName = 'Simple Select' where Attributetypeid = 10 
update ZnodeAttributeType set AttributeTypeName = 'Yes/No' where Attributetypeid = 8 


Update ZnodeAttributeInputValidation   SEt IsList =1  WHERE Name = 'Extensions'


update ZnodeAttributeInputValidationRule set ValidationName = 'NO' where InputValidationRuleId  = 53 
update ZnodeAttributeInputValidationRule set ValidationName = 'YES' where InputValidationRuleId  = 54 